{
"type": "FeatureCollection",
"name": "submarkets",
"crs": { "type": "name", "properties": { "name": "urn:ogc:def:crs:OGC:1.3:CRS84" } },
"features": [
{ "type": "Feature", "properties": { "name": "Downtown (Zone A/B)", "type": "survey stratum", "source": "S23c Map 2 overlay minus Arena District", "area_sqmi": 1.295 }, "geometry": { "type": "MultiPolygon", "coordinates": [ [ [ [ -82.995345487135197, 39.962645485044561 ], [ -82.995332060118528, 39.962648093142342 ], [ -82.995319024860223, 39.962651690454727 ], [ -82.995306504123235, 39.962656243103112 ], [ -82.995298415595826, 39.962659961438781 ], [ -82.995296512750343, 39.96266074017656 ], [ -82.995293101661204, 39.962661255911037 ], [ -82.995188887379399, 39.962672956286461 ], [ -82.994865936261562, 39.96270921714968 ], [ -82.994438812598233, 39.962757171835271 ], [ -82.994435402415107, 39.962757424048753 ], [ -82.99443434073882, 39.962756750934268 ], [ -82.994426126083027, 39.962751000241632 ], [ -82.994414888824821, 39.96274456264085 ], [ -82.994402885378406, 39.962739003966611 ], [ -82.994390231437848, 39.962734377795549 ], [ -82.994377048966882, 39.962730728716558 ], [ -82.994363465023326, 39.962728091900857 ], [ -82.994349610534528, 39.962726492763082 ], [ -82.994335619035368, 39.962725946716368 ], [ -82.994321625381332, 39.962726459023706 ], [ -82.994307764448607, 39.962728024747271 ], [ -82.994294169834234, 39.962730628796017 ], [ -82.99428097256839, 39.962734246071143 ], [ -82.994268299851484, 39.962738841707917 ], [ -82.994256273828213, 39.962744371411837 ], [ -82.994245010410268, 39.96275078188539 ], [ -82.994234618159112, 39.962758011341968 ], [ -82.994225197239686, 39.962765990101147 ], [ -82.994216838454903, 39.962774641260488 ], [ -82.994209622370519, 39.962783881436607 ], [ -82.994207481474362, 39.962786955197892 ], [ -82.994204153660164, 39.962787477060346 ], [ -82.994041056494495, 39.962806737120431 ], [ -82.993954511764585, 39.962816957139076 ], [ -82.993464006004146, 39.962874872086815 ], [ -82.993303978143203, 39.962893767762651 ], [ -82.993154271912601, 39.962911442687627 ], [ -82.9929760424817, 39.962932487822378 ], [ -82.992764583780982, 39.962957454442623 ], [ -82.992761160755691, 39.962957726591512 ], [ -82.992756717327424, 39.962954929178089 ], [ -82.992754999434027, 39.96295373368023 ], [ -82.992743747052913, 39.96294732604278 ], [ -82.99273173293129, 39.962941797606646 ], [ -82.99271907268286, 39.962937201572657 ], [ -82.992705888138985, 39.9629335821691 ], [ -82.992692306176352, 39.962930974225998 ], [ -82.992678457496027, 39.962929402839897 ], [ -82.992664475365672, 39.962928883132456 ], [ -82.992650494337141, 39.962929420104935 ], [ -82.992636648951688, 39.962931008589919 ], [ -82.992623072445269, 39.96293363330124 ], [ -82.992609895466444, 39.962937268980937 ], [ -82.992597244819095, 39.962941880642404 ], [ -82.992585242242214, 39.962947423906968 ], [ -82.992574003238374, 39.962953845431066 ], [ -82.992563635962341, 39.962961083419444 ], [ -82.992554240180141, 39.96296906821992 ], [ -82.99254607871994, 39.962977543943957 ], [ -82.992546031461373, 39.962977588282364 ], [ -82.992542655733999, 39.962978103465971 ], [ -82.991844600471978, 39.963057438778577 ], [ -82.991672458965809, 39.963076977916117 ], [ -82.991145123450337, 39.963136931177416 ], [ -82.991141714316456, 39.963137187703055 ], [ -82.991141004424534, 39.963136638336096 ], [ -82.991130623897689, 39.963129359326423 ], [ -82.991119363792379, 39.963122900750193 ], [ -82.991107333174256, 39.963117325165214 ], [ -82.991094648572059, 39.963112686576665 ], [ -82.991081432848958, 39.963109029913845 ], [ -82.991067814012467, 39.963106390595186 ], [ -82.991053923974619, 39.963104794185156 ], [ -82.991039897274248, 39.963104256146558 ], [ -82.991025869773893, 39.963104781690816 ], [ -82.991011977343874, 39.963106365727555 ], [ -82.990998354546164, 39.963108992913767 ], [ -82.990985133331193, 39.963112637802546 ], [ -82.990972441759666, 39.963117265089494 ], [ -82.990960402762241, 39.963122829954735 ], [ -82.990949132948813, 39.963129278496936 ], [ -82.990938741479084, 39.963136548255541 ], [ -82.990929329005169, 39.963144568815601 ], [ -82.990920986696722, 39.963153262489861 ], [ -82.990913795357883, 39.963162545071313 ], [ -82.990910525492211, 39.963167281204569 ], [ -82.990907230345343, 39.963167785411692 ], [ -82.990698939824981, 39.963191573418875 ], [ -82.990531458570629, 39.963210698106217 ], [ -82.990485822418179, 39.963215882938023 ], [ -82.990271190766293, 39.963240353469033 ], [ -82.99006149024062, 39.963264253947813 ], [ -82.989857232735659, 39.963287534654924 ], [ -82.989853753006741, 39.963287797572143 ], [ -82.989849407758129, 39.963287796003058 ], [ -82.989835428618264, 39.963288319080178 ], [ -82.989821583302586, 39.963289893375865 ], [ -82.989808004992199, 39.963292503746651 ], [ -82.989801314584753, 39.963294061826105 ], [ -82.989797903445975, 39.963294582315442 ], [ -82.989615324699642, 39.963315347758346 ], [ -82.989581871333712, 39.963319161793336 ], [ -82.98947703626601, 39.963331116403303 ], [ -82.989378079995589, 39.963342368728625 ], [ -82.989307348521876, 39.963350410109015 ], [ -82.989163305085057, 39.963366842835512 ], [ -82.988958939838653, 39.963390106735744 ], [ -82.988955499308219, 39.963390366031952 ], [ -82.988955433558161, 39.963390338835126 ], [ -82.988942803280906, 39.963385713367153 ], [ -82.98892964517114, 39.963382061639557 ], [ -82.988916085656257, 39.963379418739343 ], [ -82.98890225502042, 39.963377810060351 ], [ -82.988888286152786, 39.963377251059228 ], [ -82.988874313270642, 39.963377747107103 ], [ -82.988860470629888, 39.963379293437733 ], [ -82.988846891235013, 39.963381875193505 ], [ -82.988833705561206, 39.963385467568081 ], [ -82.988821040300692, 39.963390036044792 ], [ -82.988809017145485, 39.9633955367282 ], [ -82.988797751618094, 39.96340191676601 ], [ -82.988787351961605, 39.963409114856702 ], [ -82.988783827598652, 39.963412083741716 ], [ -82.988780739283385, 39.963414444784107 ], [ -82.988777382781166, 39.96341496111026 ], [ -82.988505097566048, 39.9634463207978 ], [ -82.988122517193261, 39.96349038220454 ], [ -82.988121772063565, 39.963490464928775 ], [ -82.987629832773749, 39.963543041791503 ], [ -82.987626859686557, 39.963543384138525 ], [ -82.987137884650878, 39.963603746500965 ], [ -82.987134434547414, 39.963604038705782 ], [ -82.987132293801835, 39.963603173344296 ], [ -82.987119631498629, 39.963598648433965 ], [ -82.987106455171997, 39.963595097294508 ], [ -82.987092890942307, 39.963592553916499 ], [ -82.987079068642814, 39.963591042644481 ], [ -82.987065120576887, 39.963590577944004 ], [ -82.987051180251726, 39.963591164262986 ], [ -82.987037381100407, 39.963592795989356 ], [ -82.98702385520474, 39.963595457504688 ], [ -82.987010732031067, 39.963599123333651 ], [ -82.986998137191023, 39.963603758387855 ], [ -82.986986191239239, 39.963609318301806 ], [ -82.986975008519437, 39.963615749857453 ], [ -82.986964696069919, 39.963622991493551 ], [ -82.98696379205488, 39.963623691677455 ], [ -82.986960402405543, 39.963624214403943 ], [ -82.986747440663436, 39.963648737925354 ], [ -82.986533034082598, 39.963673427628024 ], [ -82.986319500696922, 39.96369801698129 ], [ -82.986113391021448, 39.963721750392139 ], [ -82.986109919349857, 39.963722017010582 ], [ -82.986103046757592, 39.963722024114688 ], [ -82.986089559120359, 39.963722529695183 ], [ -82.986076193976757, 39.96372401402445 ], [ -82.986063071007024, 39.963726463810808 ], [ -82.98605623343532, 39.963728007199833 ], [ -82.986052897170353, 39.963728488529696 ], [ -82.985850903627465, 39.963749772841702 ], [ -82.985726908126423, 39.963762786541515 ], [ -82.985724803175088, 39.963763019768059 ], [ -82.985636790933029, 39.96377328707883 ], [ -82.98545150517657, 39.963794955106785 ], [ -82.985449125445101, 39.963795249242253 ], [ -82.985252214562152, 39.963820901749038 ], [ -82.985250860988415, 39.963821067809157 ], [ -82.985212205858048, 39.96382551758164 ], [ -82.984999756811675, 39.963849979621642 ], [ -82.984816894569846, 39.96387103406424 ], [ -82.984787343591037, 39.963874436265925 ], [ -82.984638961724983, 39.963891521171526 ], [ -82.984575988455006, 39.963898771221608 ], [ -82.984336752922644, 39.963926315506761 ], [ -82.984121927311648, 39.963951049335826 ], [ -82.98393541650853, 39.963972521617393 ], [ -82.983901275251185, 39.963976453303779 ], [ -82.983685009931307, 39.964001351936751 ], [ -82.983681675907178, 39.964001607544411 ], [ -82.983681030734218, 39.963999077618048 ], [ -82.983584998668363, 39.963491458954124 ], [ -82.983584670644021, 39.963488827918994 ], [ -82.983587086912905, 39.963485353121058 ], [ -82.983592971133774, 39.963475815224015 ], [ -82.98359763771488, 39.963465886558893 ], [ -82.983601043513119, 39.963455658918512 ], [ -82.983603157041657, 39.963445226859825 ], [ -82.983603958760995, 39.963434686829643 ], [ -82.983603441259689, 39.963424136272863 ], [ -82.983601609322704, 39.963413672731768 ], [ -82.98359847988732, 39.963403392944059 ], [ -82.983598094295928, 39.963402354065074 ], [ -82.983449963120464, 39.962912168157374 ], [ -82.983449358414916, 39.962909610857722 ], [ -82.983452059313876, 39.962907106903934 ], [ -82.983455736978456, 39.962904012266335 ], [ -82.983464116220119, 39.96289540169105 ], [ -82.983471360349014, 39.962886201534921 ], [ -82.983477399842599, 39.962876500093302 ], [ -82.983482176739471, 39.962866390472335 ], [ -82.983485645195586, 39.962855969695575 ], [ -82.983487771924274, 39.962845337772691 ], [ -82.983488536515665, 39.962834596739725 ], [ -82.983487931632467, 39.962823849679772 ], [ -82.983485963080483, 39.962813199733809 ], [ -82.983482649752773, 39.962802749110679 ], [ -82.983478023448328, 39.962792598106255 ], [ -82.983472128566888, 39.962782844140925 ], [ -82.983465021682846, 39.96277358082461 ], [ -82.9834576341309, 39.962765805493603 ], [ -82.983457261254301, 39.962765368602561 ], [ -82.98345661987338, 39.962762720816592 ], [ -82.983404772691827, 39.962468282716998 ], [ -82.983402458118988, 39.962458494784734 ], [ -82.98339900178317, 39.962448908228296 ], [ -82.983394432057025, 39.962439601741245 ], [ -82.983388786452664, 39.962430651718122 ], [ -82.983382675674036, 39.962422851972029 ], [ -82.983382455890123, 39.962422534213957 ], [ -82.98338178630793, 39.962419896253685 ], [ -82.983322774534898, 39.962105674031527 ], [ -82.983322450780946, 39.962103047145526 ], [ -82.983324452042908, 39.962100751879682 ], [ -82.983331722257915, 39.962091450778885 ], [ -82.983337763640222, 39.962081642798417 ], [ -82.983342517161816, 39.962071423769068 ], [ -82.983345936378115, 39.962060893537746 ], [ -82.983347987881629, 39.962050154992099 ], [ -82.983348651628418, 39.962039313054973 ], [ -82.983347921133884, 39.962028473659423 ], [ -82.983345803536082, 39.962017742713634 ], [ -82.983342319526002, 39.962007225066117 ], [ -82.98333750314535, 39.961997023481224 ], [ -82.983331401453881, 39.961987237635199 ], [ -82.983324074069671, 39.961977963142154 ], [ -82.983315592586479, 39.961969290619919 ], [ -82.983306039874293, 39.961961304804603 ], [ -82.983295509269624, 39.961954083722816 ], [ -82.983289958772161, 39.961950640788459 ], [ -82.983289307565215, 39.96194812052331 ], [ -82.983215572979375, 39.961565319402581 ], [ -82.9832152311606, 39.961562644922473 ], [ -82.983215232418729, 39.961557744913016 ], [ -82.983215293868014, 39.961556787223309 ], [ -82.98321460992139, 39.961546022723546 ], [ -82.983212557939439, 39.961535361666272 ], [ -82.983209157689984, 39.961524906751926 ], [ -82.983207804699333, 39.961521472105254 ], [ -82.983207124745022, 39.961518840054161 ], [ -82.983083798137997, 39.960878739685789 ], [ -82.983083470747573, 39.960876180099362 ], [ -82.983086748647281, 39.960875677668895 ], [ -82.983306445161773, 39.96085055213306 ], [ -82.983529207212229, 39.960825082688196 ], [ -82.983960111645032, 39.960775799361194 ], [ -82.984220750750268, 39.960745990585572 ], [ -82.984484180611119, 39.960715861745648 ], [ -82.984960395964137, 39.960661392906125 ], [ -82.985119030898119, 39.960643247479517 ], [ -82.985273029959529, 39.960625633353281 ], [ -82.985415597521509, 39.96060932643762 ], [ -82.985712512190446, 39.960575363592667 ], [ -82.985972000432014, 39.96054568110506 ], [ -82.986354226612477, 39.960501950460674 ], [ -82.986357655227664, 39.960501689657143 ], [ -82.986363087437837, 39.960503920930954 ], [ -82.986375810254046, 39.960508541843275 ], [ -82.986389062561358, 39.960512176186718 ], [ -82.986402715537025, 39.960514788632587 ], [ -82.98641663646346, 39.960516353785906 ], [ -82.986430690018352, 39.960516856432179 ], [ -82.986444739590112, 39.960516291685238 ], [ -82.986458648605861, 39.960514665034864 ], [ -82.986472281859093, 39.960511992293412 ], [ -82.986485506823911, 39.960508299441983 ], [ -82.986498194943394, 39.960503622378042 ], [ -82.986510222879247, 39.960498006566233 ], [ -82.986521473710724, 39.960491506596632 ], [ -82.98653183807123, 39.960484185653989 ], [ -82.986536778440509, 39.960480333836671 ], [ -82.986540079140028, 39.960479821585011 ], [ -82.988403348729676, 39.960263041921877 ], [ -82.989150568715772, 39.960176099459538 ], [ -82.989154045559985, 39.960175828522246 ], [ -82.989156293707339, 39.960175823984976 ], [ -82.989165794082311, 39.960176164093951 ], [ -82.989179807051059, 39.96017560406878 ], [ -82.989193680789185, 39.960173987642563 ], [ -82.989207281137809, 39.960171330446101 ], [ -82.989216138509789, 39.96016886545339 ], [ -82.989218328225007, 39.960168348358494 ], [ -82.989221758983291, 39.960167815119128 ], [ -82.989438625791081, 39.960142580310041 ], [ -82.989442055800609, 39.960142313643729 ], [ -82.989446358808152, 39.96014504382115 ], [ -82.989448348581874, 39.960146439340377 ], [ -82.989459601729777, 39.960152895782805 ], [ -82.989471624771042, 39.960158470175749 ], [ -82.989484301363319, 39.960163108577873 ], [ -82.989497508840074, 39.960166766105104 ], [ -82.989511119397505, 39.960169407364901 ], [ -82.989525001331273, 39.960171006798774 ], [ -82.989539020311042, 39.96017154892958 ], [ -82.989553040680264, 39.960171028511326 ], [ -82.989566926768973, 39.960169450579876 ], [ -82.989580544206603, 39.960166830404361 ], [ -82.989593761222253, 39.960163193339213 ], [ -82.989606449919819, 39.960158574578934 ], [ -82.989618487515585, 39.9601530188176 ], [ -82.989629757526416, 39.960146579816232 ], [ -82.989640150896861, 39.960139319882565 ], [ -82.989649567054499, 39.960131309268277 ], [ -82.989657914883139, 39.960122625489028 ], [ -82.989660243590393, 39.960119625803323 ], [ -82.989662843680577, 39.960116620255235 ], [ -82.989666199244766, 39.960116099259572 ], [ -82.989773444548419, 39.960103620468139 ], [ -82.989773714605832, 39.960103588841328 ], [ -82.989902364101724, 39.960088425466182 ], [ -82.99009902258743, 39.960065632640791 ], [ -82.990313631491489, 39.96004075825126 ], [ -82.990317035839396, 39.960040494484247 ], [ -82.990318502564008, 39.960041620833806 ], [ -82.990328865231874, 39.960048834835781 ], [ -82.990340095158473, 39.96005523425768 ], [ -82.990352084646702, 39.960060757727689 ], [ -82.990364718715099, 39.960065352274661 ], [ -82.990377876200426, 39.960068973835902 ], [ -82.990391430919715, 39.960071587679877 ], [ -82.990405252880365, 39.960073168739285 ], [ -82.990419209526891, 39.960073701851478 ], [ -82.990433167012071, 39.960073181903745 ], [ -82.990446991480653, 39.960071613882491 ], [ -82.990460550353077, 39.9600690128254 ], [ -82.990473713596955, 39.960065403677142 ], [ -82.990486354974024, 39.96006082105017 ], [ -82.990498353251027, 39.96005530889289 ], [ -82.990509593362148, 39.960048920068004 ], [ -82.990519967512668, 39.960041715845598 ], [ -82.990529376212677, 39.960033765315615 ], [ -82.990537729231235, 39.960025144725229 ], [ -82.990544946461682, 39.960015936747588 ], [ -82.990547466620853, 39.960012333508246 ], [ -82.990550807782611, 39.960011821939943 ], [ -82.990768113516296, 39.959986979686356 ], [ -82.990989252982217, 39.959961697488197 ], [ -82.990991755698545, 39.95996141140624 ], [ -82.991210814309056, 39.959936366932169 ], [ -82.991242887213588, 39.959932700352184 ], [ -82.991276740220769, 39.959928829816782 ], [ -82.991495080664421, 39.959903866293921 ], [ -82.991714312499639, 39.95987880131149 ], [ -82.991939068515094, 39.95985310489182 ], [ -82.991940066919824, 39.959852987962606 ], [ -82.992146665337415, 39.959828215835792 ], [ -82.992168146264831, 39.959825639912481 ], [ -82.992263687844726, 39.959814182043623 ], [ -82.992366580262868, 39.959801845466941 ], [ -82.992590878376689, 39.959774947226947 ], [ -82.992806240394216, 39.959749123571228 ], [ -82.992853927097926, 39.959743405575736 ], [ -82.992974357445377, 39.959729861666673 ], [ -82.993031248100692, 39.959723448129211 ], [ -82.993241361818718, 39.959699836049303 ], [ -82.993256773322003, 39.959698119345802 ], [ -82.993256964890477, 39.959698097904656 ], [ -82.993456851365522, 39.95967561905514 ], [ -82.993780302308934, 39.959639278941587 ], [ -82.994146715988563, 39.959598097068792 ], [ -82.994671764573184, 39.959539109306284 ], [ -82.995004525165356, 39.959501682342761 ], [ -82.995060631628959, 39.959495371780683 ], [ -82.995113388071573, 39.959489443676802 ], [ -82.995194532849268, 39.959480323361973 ], [ -82.995275342517033, 39.95947123959764 ], [ -82.995358986469043, 39.959461837638607 ], [ -82.995458942754354, 39.959450602217828 ], [ -82.995462259648335, 39.959450356089583 ], [ -82.995462920343556, 39.959452869483634 ], [ -82.995522381228071, 39.959754232044737 ], [ -82.995527793215061, 39.959781656463733 ], [ -82.995540641771768, 39.959846776446682 ], [ -82.995551095570363, 39.959899757520567 ], [ -82.995562911766243, 39.959959643324609 ], [ -82.995563264419815, 39.959962308030804 ], [ -82.995562560102954, 39.959965071346332 ], [ -82.995560962525715, 39.959970032540639 ], [ -82.995558941871877, 39.959980712477609 ], [ -82.995558293414845, 39.95999149347552 ], [ -82.995559023419602, 39.960002271385733 ], [ -82.99556112483468, 39.960012942089392 ], [ -82.99556457736017, 39.960023402503275 ], [ -82.995569347643908, 39.960033551575563 ], [ -82.995575389603559, 39.960043291262103 ], [ -82.995581008993682, 39.96005044494337 ], [ -82.995581749330753, 39.960051500077157 ], [ -82.995582442527478, 39.960054108376958 ], [ -82.995596020905126, 39.960121940475766 ], [ -82.99560414622745, 39.960162536186196 ], [ -82.99568273368358, 39.960555116200545 ], [ -82.995683080434361, 39.960557683193031 ], [ -82.995679791054599, 39.960558186610427 ], [ -82.995457322919094, 39.96058354367856 ], [ -82.995236688944743, 39.960608756279768 ], [ -82.994960068008396, 39.960640325225377 ], [ -82.994901236118324, 39.960647032335856 ], [ -82.994764739624884, 39.960662616528417 ], [ -82.994667775462219, 39.960673680797022 ], [ -82.994343400349251, 39.960710667687216 ], [ -82.994124273213572, 39.960735690142698 ], [ -82.99382368618042, 39.960770003882892 ], [ -82.99369715559591, 39.960784442102238 ], [ -82.993685375615797, 39.960786178433082 ], [ -82.993673826740959, 39.960788669904844 ], [ -82.993662590566132, 39.960791898914941 ], [ -82.993659130891658, 39.960793022785602 ], [ -82.99365482660653, 39.960794052537288 ], [ -82.993651407315056, 39.960794594742211 ], [ -82.993441916839259, 39.960819638808744 ], [ -82.993438462481635, 39.960819919027884 ], [ -82.99343161067911, 39.9608189076408 ], [ -82.993431600670377, 39.960818947792625 ], [ -82.99342051803896, 39.960817613864684 ], [ -82.993407941272338, 39.960816966488522 ], [ -82.993395339332906, 39.960817175710915 ], [ -82.993382810553456, 39.960818239899311 ], [ -82.993284613498162, 39.960829978688771 ], [ -82.993272594721404, 39.960831825327098 ], [ -82.993260826197982, 39.960834458787104 ], [ -82.993249394744737, 39.960837859641671 ], [ -82.99324648384227, 39.960838955035058 ], [ -82.993242868915573, 39.960840129793844 ], [ -82.993239458184163, 39.960840670597904 ], [ -82.993047049996022, 39.960863670698281 ], [ -82.993043587126976, 39.960863951576506 ], [ -82.993039681883147, 39.960863676301464 ], [ -82.993036471442721, 39.960863311578549 ], [ -82.993024238892119, 39.960862739844082 ], [ -82.993011987704378, 39.960862977906402 ], [ -82.992999808243326, 39.960864024009517 ], [ -82.992960713657098, 39.960868697334966 ], [ -82.992948694970664, 39.960870543906793 ], [ -82.99293692652725, 39.960873177286977 ], [ -82.992925495141534, 39.960876578049394 ], [ -82.99291710963216, 39.960879733512598 ], [ -82.992915954034089, 39.960880109045171 ], [ -82.992912543347671, 39.960880649831353 ], [ -82.992702612172778, 39.960905744053271 ], [ -82.992699157958839, 39.96090602422575 ], [ -82.99269353593364, 39.960905194367413 ], [ -82.992677670690057, 39.960903556035319 ], [ -82.992661666814257, 39.96090329541093 ], [ -82.992645725703184, 39.960904415774031 ], [ -82.992578579769415, 39.96091207690089 ], [ -82.992367093831277, 39.960936207220932 ], [ -82.99236367597814, 39.960936466209645 ], [ -82.992360800115875, 39.960934989349106 ], [ -82.992355153091182, 39.960931771941084 ], [ -82.992343098146193, 39.960926225676559 ], [ -82.992330393037136, 39.960921618244114 ], [ -82.992317160853403, 39.960917994281338 ], [ -82.99230352979076, 39.960915388897781 ], [ -82.992289631909259, 39.960913827334863 ], [ -82.992275601853976, 39.960913324721275 ], [ -82.99226157555043, 39.960913885926416 ], [ -82.992247688887815, 39.960915505513263 ], [ -82.992234076402525, 39.960918167790915 ], [ -82.992220869974631, 39.960921846966848 ], [ -82.992208197550369, 39.960926507396529 ], [ -82.992196181902472, 39.960932103928897 ], [ -82.992184939440847, 39.960938582343786 ], [ -82.992174579084676, 39.96094587987713 ], [ -82.992165201207243, 39.960953925829138 ], [ -82.992156896663516, 39.960962642249108 ], [ -82.992155035584858, 39.960964812024052 ], [ -82.992151702213832, 39.960965351056963 ], [ -82.992005925671052, 39.960983265582072 ], [ -82.991992283380569, 39.960985472727543 ], [ -82.991978986067977, 39.960988693712139 ], [ -82.991966160646086, 39.960992897794064 ], [ -82.991953929523959, 39.960998044848502 ], [ -82.991942409438536, 39.961004085750702 ], [ -82.991931710340594, 39.961010962844789 ], [ -82.991921934345243, 39.961018610494079 ], [ -82.991913174757372, 39.961026955707439 ], [ -82.991905515181102, 39.961035918836032 ], [ -82.991899028721846, 39.961045414333391 ], [ -82.99189377728861, 39.961055351572007 ], [ -82.991889811003006, 39.961065635708216 ], [ -82.991887167720904, 39.961076168587425 ], [ -82.991885872671119, 39.961086849680918 ], [ -82.991885938214608, 39.961097577045336 ], [ -82.991887363726434, 39.961108248295687 ], [ -82.991890135601707, 39.961118761582426 ], [ -82.991894227385444, 39.96112901656371 ], [ -82.991899600025036, 39.961138915362923 ], [ -82.991906202242888, 39.96114836350295 ], [ -82.991913971025937, 39.961157270807853 ], [ -82.991922832226919, 39.961165552263573 ], [ -82.991932701272134, 39.961173128829323 ], [ -82.99194348396864, 39.961179928191918 ], [ -82.991955077403134, 39.961185885456104 ], [ -82.991967370924385, 39.961190943763846 ], [ -82.991980247199166, 39.961195054837027 ], [ -82.991993583332203, 39.961198179438199 ], [ -82.992007252039116, 39.961200287745186 ], [ -82.992021122861303, 39.961201359635574 ], [ -82.992035063411095, 39.961201384878905 ], [ -82.992048940635271, 39.961200363234276 ], [ -82.992196038194891, 39.961183921011795 ], [ -82.992199452841049, 39.961183669926939 ], [ -82.992204799012427, 39.961186427367991 ], [ -82.992216817926362, 39.961191988063597 ], [ -82.992229488130619, 39.961196614040801 ], [ -82.992242687245096, 39.961200260617794 ], [ -82.992256287780961, 39.961202892572622 ], [ -82.992270158372037, 39.961204484483574 ], [ -82.992284165043699, 39.961205020974482 ], [ -82.992298172506864, 39.961204496863473 ], [ -82.992312045464857, 39.96120291721283 ], [ -82.992325649920133, 39.961200297280271 ], [ -82.992338854468699, 39.961196662371471 ], [ -82.992351531569213, 39.961192047595631 ], [ -82.992363558774969, 39.961186497526391 ], [ -82.992374819916648, 39.961180065771288 ], [ -82.992385206224327, 39.96117281445391 ], [ -82.992394617378082, 39.961164813613969 ], [ -82.992395305162844, 39.961164167753005 ], [ -82.992398688475149, 39.961163654251727 ], [ -82.992601301896244, 39.961140810263728 ], [ -82.992612646171025, 39.961139531021807 ], [ -82.992816819202758, 39.961116520714803 ], [ -82.993019115845399, 39.961093720026611 ], [ -82.993022583782007, 39.961093461876807 ], [ -82.993026549550819, 39.961093466652521 ], [ -82.993032669521469, 39.961093703877623 ], [ -82.993046698658503, 39.961093183779511 ], [ -82.993060593389487, 39.961091604876628 ], [ -82.993074219096329, 39.961088982466052 ], [ -82.993084649924612, 39.961086111049042 ], [ -82.993086063621689, 39.961085780609103 ], [ -82.993089476463865, 39.961085256421413 ], [ -82.993398998816389, 39.961049729804365 ], [ -82.993706313738286, 39.961014455655459 ], [ -82.993859643253117, 39.960996855460714 ], [ -82.993863024363932, 39.960996596283685 ], [ -82.99386634364366, 39.960999117733216 ], [ -82.993869454137894, 39.96100172117761 ], [ -82.993879910203191, 39.961008908461551 ], [ -82.99389123237394, 39.961015271454329 ], [ -82.993903311350152, 39.961020748729815 ], [ -82.993916030525838, 39.961025287412383 ], [ -82.993929267114694, 39.961028843687181 ], [ -82.993942893335401, 39.961031383223194 ], [ -82.993956777645224, 39.961032881504643 ], [ -82.993970786009925, 39.961033324067628 ], [ -82.99398478319759, 39.961032706639813 ], [ -82.993998634084292, 39.96103103518162 ], [ -82.994012204958437, 39.961028325828721 ], [ -82.994025364811563, 39.961024604736259 ], [ -82.994037986603146, 39.961019907826341 ], [ -82.994049948487032, 39.961014280441283 ], [ -82.994061134987589, 39.961007776905866 ], [ -82.994071438114588, 39.961000460002865 ], [ -82.994080758405659, 39.960992400367019 ], [ -82.994089005886451, 39.960983675803099 ], [ -82.994092872077331, 39.960979132434915 ], [ -82.994096189119176, 39.96097862593372 ], [ -82.99420250593252, 39.960966549034204 ], [ -82.99430232496826, 39.960955210978561 ], [ -82.994415319020874, 39.960942374370035 ], [ -82.994523321675743, 39.960930106293972 ], [ -82.99463132699907, 39.960917836392419 ], [ -82.99474252402949, 39.960905206026972 ], [ -82.994846636015836, 39.960893379135968 ], [ -82.994950086138729, 39.960881626604525 ], [ -82.994953549186121, 39.960881365581344 ], [ -82.994955381717887, 39.960881365912087 ], [ -82.994965588553441, 39.960881753452632 ], [ -82.994979495507124, 39.960881236038524 ], [ -82.994993270730149, 39.960879678132379 ], [ -82.99500678307389, 39.960877094566456 ], [ -82.995019903892498, 39.96087350993789 ], [ -82.995032508267727, 39.960868958374547 ], [ -82.995044476198288, 39.960863483210112 ], [ -82.995055693742273, 39.960857136571548 ], [ -82.995057605518468, 39.960855940104409 ], [ -82.995061019371235, 39.960855437634422 ], [ -82.995238588197225, 39.960836236372018 ], [ -82.995370882957573, 39.960821930401131 ], [ -82.995722458535099, 39.960783912016581 ], [ -82.995725767320792, 39.960783680017556 ], [ -82.995726424901946, 39.960786186163304 ], [ -82.995757409966117, 39.960943432065051 ], [ -82.995769100888467, 39.961002653709436 ], [ -82.995791099137065, 39.961114316186112 ], [ -82.99580950451363, 39.961207590064447 ], [ -82.995837529636916, 39.961349748437769 ], [ -82.995837880865281, 39.961352405143309 ], [ -82.995837386224508, 39.961353671528862 ], [ -82.99583385408431, 39.961361330980687 ], [ -82.995830477502167, 39.961371841191799 ], [ -82.995828462369531, 39.96138255619244 ], [ -82.995827828277186, 39.961393371816598 ], [ -82.995828581390114, 39.961404182920063 ], [ -82.995830714387537, 39.961414884402451 ], [ -82.995834206534113, 39.961425372229108 ], [ -82.995839023881473, 39.961435544442324 ], [ -82.995845119598158, 39.961445302152562 ], [ -82.995852434424961, 39.961454550499965 ], [ -82.99585289810976, 39.961455076482082 ], [ -82.995853600968772, 39.961457674031742 ], [ -82.99595674132236, 39.961960866330635 ], [ -82.995957113488728, 39.961963529809694 ], [ -82.995955878444875, 39.961966743677664 ], [ -82.99595257868782, 39.961977184330145 ], [ -82.995950620824956, 39.961987823167675 ], [ -82.995950023604323, 39.961998558318612 ], [ -82.995950792745219, 39.962009286989023 ], [ -82.995952920883397, 39.962019906446947 ], [ -82.995956387641556, 39.962030315006153 ], [ -82.995961159824461, 39.962040412999855 ], [ -82.995967191736767, 39.962050103734981 ], [ -82.99597143397456, 39.962055493518285 ], [ -82.99597277631581, 39.962057408574275 ], [ -82.995973464431657, 39.962060047369206 ], [ -82.996071678714941, 39.962564895557726 ], [ -82.996072010144914, 39.962567443353286 ], [ -82.996068752749139, 39.962567966278506 ], [ -82.995416608988577, 39.962647323611343 ], [ -82.995413142321794, 39.962647611633685 ], [ -82.995412346331577, 39.962647495020462 ], [ -82.995400553558142, 39.962645292078243 ], [ -82.995386842933229, 39.962643793784181 ], [ -82.995373008135559, 39.962643325195003 ], [ -82.995359179457864, 39.96264389072379 ], [ -82.995345487135197, 39.962645485044561 ] ], [ [ -82.990879768923591, 39.961279749791309 ], [ -82.990884527300452, 39.961269598016131 ], [ -82.990887967680948, 39.961259135832719 ], [ -82.990890056833891, 39.96124846429894 ], [ -82.990890774580024, 39.961237686494805 ], [ -82.990890113987049, 39.961226906526811 ], [ -82.990888081436481, 39.961216228522247 ], [ -82.99088469656202, 39.961205755623517 ], [ -82.990879992059902, 39.96119558899175 ], [ -82.990874013372974, 39.961185826829762 ], [ -82.990866818251803, 39.961176563433355 ], [ -82.990858476196792, 39.961167888280578 ], [ -82.990849067786854, 39.961159885167461 ], [ -82.990838683901075, 39.961152631398519 ], [ -82.990827424840816, 39.961146197040122 ], [ -82.990815399360969, 39.961140644243663 ], [ -82.990802723619424, 39.961136026645285 ], [ -82.990789520055017, 39.961132388847716 ], [ -82.990775916204953, 39.96112976598954 ], [ -82.990762043472813, 39.961128183405727 ], [ -82.990754911066148, 39.961127643721639 ], [ -82.990751730192102, 39.961126613709283 ], [ -82.990746021285446, 39.961124500883905 ], [ -82.990733129798343, 39.96112085717737 ], [ -82.99071984282385, 39.961118184001066 ], [ -82.990706283438143, 39.96111650611644 ], [ -82.990692577240736, 39.961115839065556 ], [ -82.990678851191035, 39.961116189027294 ], [ -82.990665232432278, 39.961117552759951 ], [ -82.990651847113938, 39.961119917631414 ], [ -82.990638819223179, 39.961123261736049 ], [ -82.990626269436362, 39.961127554097686 ], [ -82.990614314001263, 39.961132754956495 ], [ -82.990603063660345, 39.961138816137336 ], [ -82.99059262262486, 39.961145681495921 ], [ -82.990583087609608, 39.961153287438918 ], [ -82.990574546937125, 39.961161563513002 ], [ -82.99056707971944, 39.961170433057454 ], [ -82.990560755125372, 39.961179813914207 ], [ -82.990555631739724, 39.961189619188886 ], [ -82.990551757020654, 39.961199758055834 ], [ -82.990549166860063, 39.961210136599206 ], [ -82.990547885251033, 39.961220658683061 ], [ -82.990547924065694, 39.96123122684174 ], [ -82.990549282945068, 39.961241743182825 ], [ -82.990556345321025, 39.961278383689759 ], [ -82.990559149446398, 39.961289173883436 ], [ -82.990563342905091, 39.961299693931181 ], [ -82.990568883585397, 39.961309838186693 ], [ -82.990575715846262, 39.961319504777464 ], [ -82.990583771075961, 39.961328596627837 ], [ -82.990592968381193, 39.961337022433867 ], [ -82.990603215399375, 39.961344697580287 ], [ -82.990614409226126, 39.961351544990187 ], [ -82.990626437448839, 39.961357495899129 ], [ -82.990639179275391, 39.961362490545675 ], [ -82.990652506747267, 39.961366478771531 ], [ -82.99066628602462, 39.961369420525322 ], [ -82.990680378730346, 39.961371286264736 ], [ -82.990694643339637, 39.961372057253257 ], [ -82.990708936601422, 39.961371725748272 ], [ -82.990723114976831, 39.961370295078908 ], [ -82.990737036080773, 39.961367779612551 ], [ -82.99075056011182, 39.961364204610561 ], [ -82.990763551256137, 39.961359605974522 ], [ -82.990775879051469, 39.96135402988584 ], [ -82.990787419697227, 39.961347532341897 ], [ -82.99079718286211, 39.961340783089085 ], [ -82.990797621765026, 39.961340507869735 ], [ -82.990802185065178, 39.961339068969146 ], [ -82.990814885232055, 39.961334491226033 ], [ -82.990826940097975, 39.961328976247579 ], [ -82.990838233220586, 39.961322577305047 ], [ -82.99084865551562, 39.961315356208154 ], [ -82.990858106310569, 39.961307382708192 ], [ -82.990866494317061, 39.961298733824137 ], [ -82.990873738512661, 39.961289493098668 ], [ -82.990879768923591, 39.961279749791309 ] ], [ [ -82.990929025667256, 39.961940122707482 ], [ -82.990923020303086, 39.961930402287621 ], [ -82.990915807109346, 39.961921180975658 ], [ -82.9909074553875, 39.961912547365664 ], [ -82.990898045377364, 39.96190458440531 ], [ -82.990887667486206, 39.961897368598919 ], [ -82.990876421420126, 39.961890969272559 ], [ -82.99086441522617, 39.961885447907889 ], [ -82.990851764254231, 39.96188085755152 ], [ -82.99083859004881, 39.961877242305363 ], [ -82.990825019181358, 39.961874636902962 ], [ -82.990811182034179, 39.961873066375738 ], [ -82.990797211547857, 39.961872545812561 ], [ -82.990783241943959, 39.961873080214772 ], [ -82.990769407435664, 39.961874664448054 ], [ -82.990755840938164, 39.961877283291898 ], [ -82.990742672791782, 39.961880911585723 ], [ -82.990730029509734, 39.961885514470588 ], [ -82.990718032562683, 39.961891047724286 ], [ -82.990706797211672, 39.961897458185938 ], [ -82.990696431400806, 39.961904684266877 ], [ -82.990687034720096, 39.961912656542424 ], [ -82.990678697448757, 39.961921298418659 ], [ -82.990671499687792, 39.961930526868535 ], [ -82.990668774393612, 39.961934444210321 ], [ -82.990662784129654, 39.961944172732238 ], [ -82.990658060631489, 39.961954305873697 ], [ -82.990654649300595, 39.961964746237832 ], [ -82.99065258292633, 39.961975393474802 ], [ -82.990651881370709, 39.9619861452463 ], [ -82.990652551377565, 39.961996898209264 ], [ -82.99065458650756, 39.962007549009087 ], [ -82.990657967200207, 39.962017995273079 ], [ -82.99066266096176, 39.962028136594441 ], [ -82.990668622677546, 39.96203787549743 ], [ -82.990675795045561, 39.96204711837413 ], [ -82.990684109127244, 39.962055776384339 ], [ -82.990693485010098, 39.962063766309335 ], [ -82.990703832575718, 39.962071011351895 ], [ -82.990704419904063, 39.962071383768752 ], [ -82.990715677363113, 39.962077833740132 ], [ -82.990727703799749, 39.962083401509318 ], [ -82.990740382868836, 39.962088033213007 ], [ -82.99075359191157, 39.9620916840435 ], [ -82.990767203142042, 39.962094318682198 ], [ -82.990781084883452, 39.962095911641264 ], [ -82.990795102841986, 39.962096447510227 ], [ -82.990809121406073, 39.962095921104954 ], [ -82.990823004958273, 39.962094337518018 ], [ -82.990836619187263, 39.962091712069224 ], [ -82.990849832387241, 39.962088070157506 ], [ -82.990862516732093, 39.962083447015218 ], [ -82.990874549511929, 39.962077887367201 ], [ -82.990885814320279, 39.96207144499818 ], [ -82.990896202180238, 39.96206418223241 ], [ -82.990905612598695, 39.962056169330808 ], [ -82.990913954538485, 39.962047483811062 ], [ -82.990921147299133, 39.962038209697937 ], [ -82.990927121297588, 39.962028436710185 ], [ -82.990928090780528, 39.962026336262518 ], [ -82.990929300869141, 39.962024069057996 ], [ -82.990933974257686, 39.962013924646527 ], [ -82.990937334571441, 39.962003476897536 ], [ -82.99093934952657, 39.961992826188428 ], [ -82.990939999764876, 39.961982074846617 ], [ -82.990939279039765, 39.9619713261662 ], [ -82.990937194276299, 39.961960683415732 ], [ -82.990933765504579, 39.961950248845952 ], [ -82.990929025667256, 39.961940122707482 ] ], [ [ -82.994321918102841, 39.962164104676198 ], [ -82.994314795963561, 39.962155004490612 ], [ -82.994306564396879, 39.962146476475866 ], [ -82.994297300445325, 39.962138600448661 ], [ -82.994287090813842, 39.962131450123579 ], [ -82.994276031058206, 39.962125092422959 ], [ -82.994264224690738, 39.962119586850768 ], [ -82.994251782211464, 39.962114984935539 ], [ -82.994238820073932, 39.962111329748204 ], [ -82.994225459595256, 39.962108655498881 ], [ -82.994211825820756, 39.962106987216806 ], [ -82.99419804635356, 39.962106340515973 ], [ -82.994184250160345, 39.962106721449096 ], [ -82.99417056636436, 39.962108126450865 ], [ -82.994157123036928, 39.96211054237142 ], [ -82.994144045998695, 39.962113946599352 ], [ -82.994131457642212, 39.962118307273286 ], [ -82.99411947578632, 39.962123583580208 ], [ -82.994108212573451, 39.96212972613732 ], [ -82.994097773420151, 39.962136677454289 ], [ -82.994088256030352, 39.962144372471371 ], [ -82.994085675342717, 39.962146672205265 ], [ -82.9940844680781, 39.962147550375477 ], [ -82.994074578707085, 39.962155503109969 ], [ -82.994065773702872, 39.96216417775755 ], [ -82.994058141541501, 39.962173487152491 ], [ -82.994051758913983, 39.962183337750858 ], [ -82.994046689955709, 39.962193630570454 ], [ -82.994042985601894, 39.96220426218548 ], [ -82.994040683075838, 39.962215125765724 ], [ -82.994039805514774, 39.962226112150049 ], [ -82.994040361737461, 39.962237110943356 ], [ -82.994042346155425, 39.962248011625725 ], [ -82.994045738829172, 39.96225870466305 ], [ -82.994050505668469, 39.962269082607776 ], [ -82.994056598774961, 39.962279041178313 ], [ -82.994062633596229, 39.962287743833599 ], [ -82.994070156834539, 39.962297372082332 ], [ -82.994078919202394, 39.962306358402529 ], [ -82.994088828974782, 39.962314608724313 ], [ -82.994099782415404, 39.962322036682394 ], [ -82.994111664862643, 39.962328564519986 ], [ -82.994116496098471, 39.962330941295008 ], [ -82.99412403499376, 39.962334269775944 ], [ -82.994130745643417, 39.962337260158172 ], [ -82.994143382948877, 39.962341691182445 ], [ -82.99415652014703, 39.962345155957372 ], [ -82.994170032811482, 39.962347621667021 ], [ -82.994183792959589, 39.962349064957834 ], [ -82.994197670264711, 39.962349472160007 ], [ -82.994211533290553, 39.962348839416791 ], [ -82.994225250736037, 39.962347172721046 ], [ -82.994238692679019, 39.962344487858644 ], [ -82.994251731806656, 39.962340810258695 ], [ -82.994264244621419, 39.962336174752899 ], [ -82.994276112610692, 39.962330625245571 ], [ -82.994287223369298, 39.962324214297773 ], [ -82.994297471664069, 39.962317002629554 ], [ -82.99430676043059, 39.962309058544776 ], [ -82.99431500169257, 39.962300457284222 ], [ -82.994322117394944, 39.962291280312975 ], [ -82.994328040143301, 39.962281614548793 ], [ -82.994332713842084, 39.96227155153889 ], [ -82.994336094225943, 39.96226118659289 ], [ -82.994338149278889, 39.962250617880095 ], [ -82.994338427322589, 39.962248482152376 ], [ -82.994339774669683, 39.962243316316062 ], [ -82.994339883716563, 39.962242983415805 ], [ -82.994341963120874, 39.962232263683838 ], [ -82.994342659025875, 39.96222143842467 ], [ -82.994341964652094, 39.962210613107253 ], [ -82.994339886765374, 39.962199893200996 ], [ -82.99433644561087, 39.962189383148328 ], [ -82.994331674715809, 39.96217918534699 ], [ -82.994325620562819, 39.962169399152501 ], [ -82.994321918102841, 39.962164104676198 ] ] ], [ [ [ -82.99374135759733, 39.959389797861711 ], [ -82.993728166089156, 39.959386170261396 ], [ -82.993714575919313, 39.959383555528525 ], [ -82.993700718069235, 39.959381978863746 ], [ -82.993686726100179, 39.959381455462861 ], [ -82.993672734865953, 39.95938199037041 ], [ -82.993658879213385, 39.959383578430959 ], [ -82.993645292682544, 39.959386204338863 ], [ -82.993632106219721, 39.959389842785768 ], [ -82.993619446915474, 39.959394458704459 ], [ -82.993607436779669, 39.959400007606995 ], [ -82.993596191565615, 39.959406436013268 ], [ -82.993585819654427, 39.959413681966574 ], [ -82.993576421010445, 39.959421675630722 ], [ -82.993568086217778, 39.959430339963077 ], [ -82.993566040493903, 39.959432972007228 ], [ -82.993563298536841, 39.959436136776411 ], [ -82.993559939693853, 39.959436654800449 ], [ -82.992150103877847, 39.959599212228035 ], [ -82.991829077116577, 39.959636221077503 ], [ -82.991825603327896, 39.959636487890229 ], [ -82.991822795799294, 39.959636276792232 ], [ -82.991808765786587, 39.959635756419821 ], [ -82.991794737264385, 39.959636300067949 ], [ -82.99178084616868, 39.959637902468693 ], [ -82.991767227103821, 39.959640548094811 ], [ -82.991754012038257, 39.95964421131027 ], [ -82.991751426907086, 39.959645040662252 ], [ -82.991748001523334, 39.959645569401069 ], [ -82.991661058748747, 39.959655592451689 ], [ -82.990891161866017, 39.95974435078719 ], [ -82.990507869006336, 39.959788536202261 ], [ -82.990504460929714, 39.959788797997916 ], [ -82.990501433274744, 39.959786464558192 ], [ -82.990491075903918, 39.959779228843061 ], [ -82.990479847615674, 39.959772808326782 ], [ -82.990467856323079, 39.959767264715708 ], [ -82.990455217272199, 39.959762651288337 ], [ -82.99044205193448, 39.959759012383415 ], [ -82.990428486839377, 39.959756382973694 ], [ -82.990414652358226, 39.959754788329896 ], [ -82.990400681451362, 39.959754243777823 ], [ -82.99038670839029, 39.959754754551014 ], [ -82.990372867467173, 39.959756315740584 ], [ -82.990359291704252, 39.959758912342231 ], [ -82.990346111575434, 39.95976251940057 ], [ -82.990333453752285, 39.95976710224889 ], [ -82.990321439886685, 39.959772616842351 ], [ -82.990310185441643, 39.959779010181308 ], [ -82.990299798581603, 39.959786220820703 ], [ -82.990290379132901, 39.959794179460424 ], [ -82.990282017624409, 39.959802809611546 ], [ -82.990274794417388, 39.959812028331292 ], [ -82.990271530361127, 39.959816697430483 ], [ -82.990268196580729, 39.959817211112345 ], [ -82.990064193075995, 39.959840738503239 ], [ -82.989950838086628, 39.959853811970959 ], [ -82.989843220813782, 39.959866222891137 ], [ -82.989618530112125, 39.959892135195325 ], [ -82.989591222993567, 39.959895285812479 ], [ -82.98955895127007, 39.959899006447216 ], [ -82.989339090953806, 39.959924362095983 ], [ -82.989230093889716, 39.959936931275948 ], [ -82.98889756145897, 39.959975279031788 ], [ -82.988776023070642, 39.959989293351775 ], [ -82.988574257104744, 39.960012559868005 ], [ -82.988429868494279, 39.960029210637366 ], [ -82.988221369055893, 39.960053253866917 ], [ -82.987907693256673, 39.960089423724469 ], [ -82.987622505565042, 39.960122307600557 ], [ -82.987390803201293, 39.960149024385949 ], [ -82.987223314518005, 39.960168336394602 ], [ -82.987084264117058, 39.960184368874486 ], [ -82.986491430707005, 39.960252721471626 ], [ -82.986487979869324, 39.960252986082786 ], [ -82.986484166953971, 39.960251407803703 ], [ -82.986471444075519, 39.960246749248263 ], [ -82.986458186189893, 39.960243078956722 ], [ -82.986444522558926, 39.96024043271369 ], [ -82.986430586400346, 39.960238836319505 ], [ -82.986416513588935, 39.960238305338727 ], [ -82.986402441331791, 39.960238844948286 ], [ -82.986388506830636, 39.96024044988711 ], [ -82.98637484594407, 39.96024310450737 ], [ -82.986361591863059, 39.960246782927015 ], [ -82.986348873812375, 39.960251449282197 ], [ -82.986336815790636, 39.960257058076856 ], [ -82.986325535361416, 39.960263554626323 ], [ -82.986322166859438, 39.960265927476357 ], [ -82.986318523726169, 39.960268251769172 ], [ -82.986315128443678, 39.960268781588404 ], [ -82.986156218125089, 39.960287369941049 ], [ -82.986125851389502, 39.960290888593825 ], [ -82.986125685339061, 39.960290907911279 ], [ -82.985839165139723, 39.960324372580004 ], [ -82.98566320136058, 39.960344925205021 ], [ -82.985643093357879, 39.960347273628123 ], [ -82.985609993588739, 39.960351139284469 ], [ -82.985453104037745, 39.960369462853492 ], [ -82.985241016597243, 39.960394233469785 ], [ -82.984968218059777, 39.960426093148264 ], [ -82.984964729779662, 39.960426366009465 ], [ -82.984957990396879, 39.96042637988095 ], [ -82.984957241180595, 39.960426353157736 ], [ -82.984943101645726, 39.960426929851856 ], [ -82.984929105994908, 39.960428582058988 ], [ -82.984915392034907, 39.960431293510844 ], [ -82.98490845769507, 39.96043295075993 ], [ -82.984905326065558, 39.960433437975674 ], [ -82.984753251707232, 39.960451198833319 ], [ -82.984752707315707, 39.960451262393917 ], [ -82.984593290731397, 39.960469879488279 ], [ -82.984589790264693, 39.96047015281551 ], [ -82.9845831271343, 39.960470163842878 ], [ -82.984582122748876, 39.960470127556732 ], [ -82.984567905370909, 39.960470706885502 ], [ -82.984553833781476, 39.960472373569843 ], [ -82.984540048063892, 39.960475111017843 ], [ -82.984532987831358, 39.960476806204184 ], [ -82.984529999184304, 39.960477270725271 ], [ -82.984132561524376, 39.96052368464634 ], [ -82.983918090260715, 39.960548731021781 ], [ -82.983554489563673, 39.960591190678251 ], [ -82.98355340162135, 39.960591321027813 ], [ -82.983447567309611, 39.960604323317718 ], [ -82.983446519854013, 39.960604445872193 ], [ -82.983155015763813, 39.960636849876636 ], [ -82.983151685652757, 39.960637092350744 ], [ -82.983151049019597, 39.960634565365531 ], [ -82.983118335160128, 39.960458942024594 ], [ -82.983118007268814, 39.960456200702339 ], [ -82.983118759086707, 39.960453509270863 ], [ -82.983158104765394, 39.960340747697956 ], [ -82.983161093754276, 39.960330096552397 ], [ -82.983162696176478, 39.960319269880912 ], [ -82.983162896252452, 39.960308374301341 ], [ -82.983161692012587, 39.960297517110106 ], [ -82.983128818364918, 39.960110969345344 ], [ -82.983128532215304, 39.960108405740826 ], [ -82.983131819761098, 39.960107936280721 ], [ -82.983205434929886, 39.960100277573375 ], [ -82.983219527093695, 39.960098252256607 ], [ -82.983233284053725, 39.960095149048755 ], [ -82.983246566953937, 39.960090999272076 ], [ -82.983259241723275, 39.960085844812426 ], [ -82.983271180428943, 39.960079737696383 ], [ -82.983282262567698, 39.960072739566179 ], [ -82.983292376282165, 39.960064921057473 ], [ -82.983301419489891, 39.96005636108648 ], [ -82.983309300913604, 39.960047146053149 ], [ -82.983315941002729, 39.960037368969495 ], [ -82.983321272736063, 39.96002712852038 ], [ -82.983325242298434, 39.960016528067669 ], [ -82.983327809623717, 39.960005674606833 ], [ -82.983328948799382, 39.959994677687078 ], [ -82.983328648327841, 39.959983648305517 ], [ -82.983326911242571, 39.959972697786853 ], [ -82.983309426945652, 39.95989511882636 ], [ -82.983308182656145, 39.959889587420371 ], [ -82.983307755448763, 39.959886892851863 ], [ -82.983308725613782, 39.95988428294676 ], [ -82.983497139552341, 39.959459061530197 ], [ -82.98349841499666, 39.959456592724365 ], [ -82.983501800891659, 39.959456073698149 ], [ -82.983724657852093, 39.95943070893329 ], [ -82.983848674947382, 39.959416594223747 ], [ -82.983963461369612, 39.959403528767695 ], [ -82.984118619193822, 39.959385868355938 ], [ -82.984122074106935, 39.959385608597287 ], [ -82.984122449921585, 39.959385765108827 ], [ -82.984133764892036, 39.959391045807799 ], [ -82.984146582005479, 39.959395756619564 ], [ -82.984159944231052, 39.95939946349106 ], [ -82.98417371916392, 39.959402129691327 ], [ -82.984187770309731, 39.959403728801227 ], [ -82.984201958437083, 39.95940424497536 ], [ -82.984216142957294, 39.95940367309899 ], [ -82.984230183317337, 39.959402018838809 ], [ -82.984238373308457, 39.959400729970803 ], [ -82.984250147977122, 39.959399336133771 ], [ -82.984253610994486, 39.959399059204657 ], [ -82.984257466046202, 39.959399335299423 ], [ -82.984267040581486, 39.959400326345587 ], [ -82.984283371929806, 39.959400567289137 ], [ -82.984299632057002, 39.959399370364132 ], [ -82.984326093611031, 39.959396237890537 ], [ -82.984329539550558, 39.959395962322247 ], [ -82.984333757258128, 39.95939692788609 ], [ -82.984338474571786, 39.959398205933553 ], [ -82.984351998301733, 39.959400762420685 ], [ -82.984365781460596, 39.959402292285645 ], [ -82.98437969276965, 39.959402780957099 ], [ -82.984393599729529, 39.959402223780657 ], [ -82.984407369882362, 39.959400626063214 ], [ -82.984420872073258, 39.959398003022308 ], [ -82.984433977699624, 39.959394379641331 ], [ -82.984446561935997, 39.959389790431402 ], [ -82.98445850492304, 39.959384279102807 ], [ -82.984469692909087, 39.959377898148588 ], [ -82.984480019333589, 39.959370708344565 ], [ -82.984489385842153, 39.959362778170465 ], [ -82.984497703223226, 39.959354183157771 ], [ -82.984504892257803, 39.959345005170157 ], [ -82.984507150288493, 39.959341775784303 ], [ -82.984510494329385, 39.959341265337159 ], [ -82.984543015031448, 39.959337563561142 ], [ -82.984696054263978, 39.959320143174011 ], [ -82.984699533902344, 39.959319880774942 ], [ -82.984706216808675, 39.95931988419575 ], [ -82.984707330160106, 39.959319926199463 ], [ -82.984721582065021, 39.959319365668598 ], [ -82.984735689940138, 39.959317712471034 ], [ -82.984749512678945, 39.959314983142029 ], [ -82.984756774435397, 39.959313247205294 ], [ -82.984759659243366, 39.959312807242583 ], [ -82.984924139406218, 39.959294108862501 ], [ -82.985085297330571, 39.959275787260921 ], [ -82.985247387993837, 39.959257359850838 ], [ -82.985407720343346, 39.959239130870877 ], [ -82.985432040717527, 39.959236367115082 ], [ -82.985458415164416, 39.959233368223032 ], [ -82.985619198182931, 39.959215088783495 ], [ -82.985777801683255, 39.959197055999311 ], [ -82.98594256489865, 39.959178323431786 ], [ -82.98594597464043, 39.959178066879645 ], [ -82.985948800759587, 39.959180255081897 ], [ -82.985959313385166, 39.959187621513443 ], [ -82.985970726461971, 39.959194146293569 ], [ -82.985982926676542, 39.959199764641617 ], [ -82.985995792900368, 39.959204420776317 ], [ -82.986009197392391, 39.959208068469671 ], [ -82.986023007067345, 39.959210671505865 ], [ -82.986037084817099, 39.959212204040881 ], [ -82.986051290871927, 39.959212650859072 ], [ -82.986065484188217, 39.959212007524265 ], [ -82.986079523848815, 39.959210280423747 ], [ -82.986093270462163, 39.959207486704862 ], [ -82.986093364256448, 39.959207463740107 ], [ -82.986094956183067, 39.959207972482893 ], [ -82.986108119438924, 39.95921160806764 ], [ -82.986121681958707, 39.959214234561941 ], [ -82.986135513456517, 39.959215826734848 ], [ -82.986149481062597, 39.959216369291433 ], [ -82.986163450599605, 39.959215857019757 ], [ -82.986177287871698, 39.959214294840812 ], [ -82.986190859953581, 39.959211697761411 ], [ -82.986204036467527, 39.959208090729938 ], [ -82.986216690835818, 39.959203508396698 ], [ -82.986228701496671, 39.959197994780993 ], [ -82.986239953072086, 39.959191602848399 ], [ -82.986250337476093, 39.959184394001788 ], [ -82.98625975495321, 39.959176437491564 ], [ -82.98626811503658, 39.959167809750404 ], [ -82.986275337417126, 39.959158593659019 ], [ -82.986281352714954, 39.959148877749925 ], [ -82.986286103145844, 39.959138755357024 ], [ -82.986286561984926, 39.959137603882418 ], [ -82.986289882827663, 39.959137094899269 ], [ -82.986400342169674, 39.959124451419505 ], [ -82.986512892774769, 39.959111569340088 ], [ -82.986616159455494, 39.959099748887624 ], [ -82.986726132298571, 39.959087162826513 ], [ -82.986831200810556, 39.959075135559708 ], [ -82.98687384920359, 39.959070254498947 ], [ -82.98694556134727, 39.959062045503551 ], [ -82.987054937128178, 39.959049526386721 ], [ -82.987160825369216, 39.959037405349456 ], [ -82.987382161993295, 39.959012070408534 ], [ -82.987483725891735, 39.959000444347204 ], [ -82.987590309706178, 39.958988243615863 ], [ -82.987708273041065, 39.958974741681764 ], [ -82.987921094261281, 39.958950378729249 ], [ -82.988031922299044, 39.958937693227732 ], [ -82.988138614511243, 39.958925479840971 ], [ -82.988142094126204, 39.958925215906731 ], [ -82.988144847289121, 39.958925641605944 ], [ -82.988158755185722, 39.958927248069422 ], [ -82.988172801032263, 39.958927793144959 ], [ -82.988186848383506, 39.95892727153754 ], [ -82.988200760779577, 39.958925688314146 ], [ -82.988214403071652, 39.958923058854722 ], [ -82.988227642734728, 39.958919408702499 ], [ -82.988240351155156, 39.958914773316089 ], [ -82.988241605149909, 39.958914256215785 ], [ -82.988245002978346, 39.958913731489638 ], [ -82.988352007161708, 39.958901364766369 ], [ -82.988459749560391, 39.958888912751476 ], [ -82.988463126354034, 39.95888865203522 ], [ -82.9884767299136, 39.958887089029467 ], [ -82.988484867793716, 39.958885842856155 ], [ -82.988685990256371, 39.958862835606851 ], [ -82.988796122843269, 39.958850210094525 ], [ -82.988915533408942, 39.95883654047396 ], [ -82.989079490157394, 39.958817796586658 ], [ -82.989212081540373, 39.958802591396321 ], [ -82.98936893163112, 39.958784634780507 ], [ -82.989455557266695, 39.958774717552345 ], [ -82.989523267256629, 39.95876696573881 ], [ -82.989661227436258, 39.958751180276863 ], [ -82.989732466393235, 39.958743015050942 ], [ -82.989808419077818, 39.958734339529911 ], [ -82.990040905569401, 39.958707702133871 ], [ -82.990044286619607, 39.95870744452931 ], [ -82.990047432965511, 39.95871106946403 ], [ -82.990048714431907, 39.958712715322257 ], [ -82.990057067660445, 39.958721382974247 ], [ -82.990066486123553, 39.958729377806002 ], [ -82.990076878858304, 39.958736622603702 ], [ -82.990088145492194, 39.95874304739722 ], [ -82.990100177212568, 39.958748590136103 ], [ -82.990112857817465, 39.958753197288651 ], [ -82.990126064837938, 39.958756824359085 ], [ -82.990139670720865, 39.958759436317244 ], [ -82.990153544060831, 39.958761007936836 ], [ -82.990167550869344, 39.95876152403919 ], [ -82.99018155586883, 39.958760979639791 ], [ -82.990195423799179, 39.958759379996486 ], [ -82.990209020724109, 39.958756740558556 ], [ -82.990222215324764, 39.958753086817659 ], [ -82.990234880167961, 39.958748454061585 ], [ -82.99024689293698, 39.958742887033402 ], [ -82.990258137612898, 39.958736439499333 ], [ -82.990268505595111, 39.958729173729544 ], [ -82.9902778967502, 39.958721159896655 ], [ -82.990286220378991, 39.958712475398009 ], [ -82.990293396092554, 39.958703204108225 ], [ -82.990299354588586, 39.958693435569117 ], [ -82.990304038320673, 39.958683264124808 ], [ -82.990305206704278, 39.958679625275572 ], [ -82.990306493481128, 39.958676320543596 ], [ -82.990309816563126, 39.958675799071536 ], [ -82.990690609384117, 39.958630869389403 ], [ -82.991792964360457, 39.958500238416455 ], [ -82.991806744264224, 39.958498065577743 ], [ -82.991820179208432, 39.958494859208798 ], [ -82.991833138634163, 39.95849065046864 ], [ -82.991845496603631, 39.958485480257252 ], [ -82.991857133023984, 39.958479398817971 ], [ -82.991867934814323, 39.958472465249351 ], [ -82.991877797004719, 39.958464746930851 ], [ -82.991886623756216, 39.958456318867853 ], [ -82.991894329292151, 39.958447262963048 ], [ -82.99190083873178, 39.958437667220245 ], [ -82.991906088817942, 39.958427624889396 ], [ -82.991910028531692, 39.958417233560169 ], [ -82.991912619588163, 39.95840659421377 ], [ -82.991913836808521, 39.95839581024152 ], [ -82.991913668364717, 39.958384986440159 ], [ -82.991912115894252, 39.958374227993438 ], [ -82.991909194484407, 39.958363639449878 ], [ -82.9919049325255, 39.958353323707009 ], [ -82.991899371434997, 39.958343381011133 ], [ -82.991892565255029, 39.958333907983487 ], [ -82.991884580127135, 39.958324996680929 ], [ -82.991875493649587, 39.958316733701722 ], [ -82.991865394123252, 39.958309199343745 ], [ -82.991854379693436, 39.958302466824286 ], [ -82.991842557396268, 39.958296601568492 ], [ -82.991830042118394, 39.958291660573664 ], [ -82.991816955480658, 39.95828769185529 ], [ -82.991803424656155, 39.958284733980491 ], [ -82.991789581134427, 39.958282815693217 ], [ -82.991775559443738, 39.958281955634959 ], [ -82.991761495843676, 39.958282162163584 ], [ -82.991639545233326, 39.958288590320997 ], [ -82.991627623287286, 39.958289607628409 ], [ -82.991095327725631, 39.958352553735075 ], [ -82.990903700763766, 39.958375213539497 ], [ -82.990683398117213, 39.958401264088735 ], [ -82.99060915524224, 39.958410043293227 ], [ -82.990497626309036, 39.958423230495136 ], [ -82.990478444345868, 39.958425495238508 ], [ -82.990285214812829, 39.958448301488751 ], [ -82.990281822699856, 39.958448571430765 ], [ -82.990281737388017, 39.958448492052753 ], [ -82.990272440812376, 39.958440647429832 ], [ -82.990262203222258, 39.958433530386394 ], [ -82.990251120324899, 39.958427207456701 ], [ -82.990245605357075, 39.95842436838516 ], [ -82.990240735647646, 39.958420613822113 ], [ -82.990230174365436, 39.958413246643744 ], [ -82.990218710607039, 39.958406727128441 ], [ -82.99020645877782, 39.958401120339175 ], [ -82.990193541147775, 39.9583964822301 ], [ -82.990180086631355, 39.958392859088256 ], [ -82.990166229500886, 39.95839028707163 ], [ -82.990152108046601, 39.958388791848137 ], [ -82.990137863196608, 39.958388388339714 ], [ -82.990123637110415, 39.958389080573276 ], [ -82.990109571760314, 39.958390861640503 ], [ -82.990095807514479, 39.958393713766874 ], [ -82.990082481736223, 39.95839760848893 ], [ -82.990069727413115, 39.95840250693854 ], [ -82.990057671829845, 39.95840836023045 ], [ -82.990046435297984, 39.958415109950479 ], [ -82.990036129955229, 39.958422688738288 ], [ -82.990026858646445, 39.958431020959601 ], [ -82.990018713897143, 39.958440023461122 ], [ -82.990011776990244, 39.958449606400301 ], [ -82.990011260203005, 39.958450412578614 ], [ -82.990009280623781, 39.958452441289374 ], [ -82.989981430641606, 39.958478380457372 ], [ -82.989978956827571, 39.95848045390872 ], [ -82.98997537304848, 39.958481017306504 ], [ -82.989893133671856, 39.958490537005488 ], [ -82.989764015393419, 39.958505482797676 ], [ -82.989620741620442, 39.958522067861104 ], [ -82.989477118021327, 39.958538687409273 ], [ -82.989326375197649, 39.958556117404171 ], [ -82.989185884277262, 39.958572405010742 ], [ -82.989046898061787, 39.958588498198672 ], [ -82.989007787902764, 39.958593021538775 ], [ -82.988859407320447, 39.95861018466308 ], [ -82.988746077104238, 39.958623296558002 ], [ -82.988641961564838, 39.958635363506055 ], [ -82.988429064270576, 39.958660005207115 ], [ -82.988425593502527, 39.958660273144737 ], [ -82.98842147160461, 39.958659643876103 ], [ -82.988416148140317, 39.958658617910309 ], [ -82.988402305933363, 39.958657037573907 ], [ -82.988388329136882, 39.958656508245596 ], [ -82.988374352177232, 39.958657035016323 ], [ -82.988360509482362, 39.958658612819782 ], [ -82.98834693418884, 39.958661226480871 ], [ -82.98833375686155, 39.958664850861858 ], [ -82.988321104237755, 39.9586694511041 ], [ -82.988315427125713, 39.958672066828512 ], [ -82.988312183277856, 39.95867340129324 ], [ -82.988308797252131, 39.958673924317381 ], [ -82.988203886309691, 39.958686066912286 ], [ -82.98733239913139, 39.958786932118691 ], [ -82.986979144831423, 39.95882781485323 ], [ -82.986678894201873, 39.958862561877559 ], [ -82.986631498424202, 39.958868047981753 ], [ -82.986434193950714, 39.958890880943422 ], [ -82.986245497999221, 39.958912717661512 ], [ -82.986242094996854, 39.958912981537999 ], [ -82.986240561721957, 39.95891220294822 ], [ -82.986228539123559, 39.958906728407229 ], [ -82.986215878499692, 39.95890218479299 ], [ -82.986202701199744, 39.958898615655045 ], [ -82.986189133525173, 39.958896055202715 ], [ -82.986175305519154, 39.958894527977407 ], [ -82.986161349719936, 39.958894048617218 ], [ -82.986147399890697, 39.958894621716723 ], [ -82.986133589737335, 39.958896241782838 ], [ -82.986120051627054, 39.95889889328766 ], [ -82.986106915319596, 39.958902550817093 ], [ -82.986094306723572, 39.958907179314529 ], [ -82.98608234668967, 39.958912734416863 ], [ -82.986071149852322, 39.95891916287966 ], [ -82.986060823530977, 39.958926403087503 ], [ -82.986057647168025, 39.958928859656815 ], [ -82.986054293309181, 39.958929390402709 ], [ -82.98592148391441, 39.958945261080615 ], [ -82.985766305023063, 39.958963805530402 ], [ -82.985736627331036, 39.958967351000787 ], [ -82.985733425910311, 39.958967618990293 ], [ -82.985730398921874, 39.958966773296822 ], [ -82.985658246129404, 39.958943694993955 ], [ -82.985653101432348, 39.958941861638102 ], [ -82.985583184020356, 39.958914297835157 ], [ -82.985578244830776, 39.958912155782684 ], [ -82.985540405465244, 39.958894184144178 ], [ -82.985528070200459, 39.95888895408131 ], [ -82.98551512503488, 39.958884685265353 ], [ -82.985501696077577, 39.958881419282143 ], [ -82.985487914150497, 39.95887918794822 ], [ -82.985473913514141, 39.958878013000692 ], [ -82.98545983055962, 39.958877905885686 ], [ -82.985445802479859, 39.958878867646654 ], [ -82.985431965933316, 39.958880888914358 ], [ -82.985418455712562, 39.958883949998039 ], [ -82.985405403431201, 39.9588880210773 ], [ -82.98539293624178, 39.958893062492578 ], [ -82.985381175597055, 39.958899025131551 ], [ -82.985370236066913, 39.958905850907414 ], [ -82.985360224222148, 39.95891347332492 ], [ -82.985351237596362, 39.958921818128111 ], [ -82.985343363735794, 39.958930804023581 ], [ -82.985336679346432, 39.958940343472634 ], [ -82.985331249546761, 39.958950343543798 ], [ -82.985327127233376, 39.958960706818402 ], [ -82.985324352565641, 39.95897133233931 ], [ -82.985322952574521, 39.958982116594761 ], [ -82.985322940899067, 39.958992954526494 ], [ -82.985324317653692, 39.959003740553264 ], [ -82.985325802471522, 39.95901144244641 ], [ -82.985326159551192, 39.959014162881211 ], [ -82.985322890698527, 39.959014675142598 ], [ -82.985172762367142, 39.959032358492912 ], [ -82.985128167025678, 39.959037611836642 ], [ -82.985091804821337, 39.959041895165839 ], [ -82.984949632207204, 39.959058640608056 ], [ -82.98479012957371, 39.959077426208481 ], [ -82.984641413274773, 39.959094942190092 ], [ -82.984516834539434, 39.95910961457168 ], [ -82.984492329869994, 39.959112501544624 ], [ -82.984353144202274, 39.95912889510349 ], [ -82.984349704331464, 39.959129167703196 ], [ -82.984348495985628, 39.95912867354491 ], [ -82.984338985634992, 39.959124305637175 ], [ -82.984326364517699, 39.959119730035276 ], [ -82.984313223065499, 39.959116124798058 ], [ -82.984299686908969, 39.959113524391093 ], [ -82.984285885451925, 39.959111953673897 ], [ -82.98427195063438, 39.959111427662357 ], [ -82.984258015671244, 39.959111951384997 ], [ -82.984244213778837, 39.959113519835149 ], [ -82.98421916453168, 39.959117337525505 ], [ -82.98421567346233, 39.95911773157323 ], [ -82.984209549262786, 39.959117001670776 ], [ -82.984207951658291, 39.95911674756973 ], [ -82.984193878174878, 39.959115610566421 ], [ -82.984179727550838, 39.959115551863306 ], [ -82.98416563895583, 39.959116572037757 ], [ -82.984149187089756, 39.959118400422646 ], [ -82.984145667857035, 39.959118654254347 ], [ -82.984141618924269, 39.959118001935579 ], [ -82.984136001096971, 39.959116867624488 ], [ -82.98412199161244, 39.95911515931644 ], [ -82.984107830946343, 39.959114529797198 ], [ -82.9840936590262, 39.959114985287314 ], [ -82.984079615890778, 39.959116521285885 ], [ -82.984065840306229, 39.959119122615085 ], [ -82.984052468395035, 39.959122763570058 ], [ -82.984039632290774, 39.95912740817294 ], [ -82.984034884920433, 39.95912959296377 ], [ -82.984031040683703, 39.959131173248998 ], [ -82.984027637773295, 39.959131694283705 ], [ -82.984006375097607, 39.959134123185663 ], [ -82.983994268295049, 39.959135920626636 ], [ -82.983982408336573, 39.959138515663682 ], [ -82.983970883778312, 39.959141888920129 ], [ -82.983967360764254, 39.959143198191001 ], [ -82.983964020729815, 39.959144264072876 ], [ -82.983960540650216, 39.959144787706329 ], [ -82.983947119251823, 39.959146275717337 ], [ -82.983934067189892, 39.959148203996662 ], [ -82.983921304878905, 39.959151058410896 ], [ -82.983908943035132, 39.959154814197269 ], [ -82.983897088900804, 39.959159438773376 ], [ -82.983885845313637, 39.959164892019842 ], [ -82.983875309814763, 39.959171126628384 ], [ -82.983865573802575, 39.959178088512104 ], [ -82.983856721739784, 39.959185717274885 ], [ -82.98385483779812, 39.95918750161966 ], [ -82.983851469725067, 39.959188030271214 ], [ -82.983730198230703, 39.959202336537295 ], [ -82.983726506481744, 39.959202620472176 ], [ -82.983722882069401, 39.959202010261279 ], [ -82.983705780991244, 39.959198398034907 ], [ -82.9837030257235, 39.959197722316482 ], [ -82.983700350816505, 39.959196876734005 ], [ -82.983683464282976, 39.959190910760043 ], [ -82.983680887388132, 39.959189900892881 ], [ -82.983678425509211, 39.959188733405227 ], [ -82.983663015817669, 39.959180743534979 ], [ -82.983660685200462, 39.959179426130454 ], [ -82.98365850122353, 39.959177967502576 ], [ -82.983644974440253, 39.959168164280328 ], [ -82.983642951515577, 39.959166574053903 ], [ -82.983641102991285, 39.959164862722666 ], [ -82.983629815564697, 39.959153504476951 ], [ -82.983628153639231, 39.959151683333317 ], [ -82.983626689278523, 39.959149764394638 ], [ -82.983617938646347, 39.959137150430863 ], [ -82.983616681513794, 39.959135146359621 ], [ -82.983615639904357, 39.959133070380183 ], [ -82.983609656655716, 39.959119533093336 ], [ -82.983608837442958, 39.959117398904468 ], [ -82.983608246032233, 39.959115220589133 ], [ -82.9836051878316, 39.959101116704865 ], [ -82.983604828125607, 39.959098908637131 ], [ -82.983604702497715, 39.959096685387365 ], [ -82.983604653029374, 39.959083229525866 ], [ -82.983604864206583, 39.959080174451287 ], [ -82.983605517553983, 39.959077156653045 ], [ -82.983629261840974, 39.958995850209647 ], [ -82.983630583901686, 39.95899076450786 ], [ -82.983649420448387, 39.958908213291807 ], [ -82.983650428967493, 39.958903085222325 ], [ -82.983664179035785, 39.958819941612603 ], [ -82.983664871764461, 39.958814782616017 ], [ -82.983673673320666, 39.958729600149979 ], [ -82.983673848818199, 39.958727691291081 ], [ -82.983674181937189, 39.958723556513334 ], [ -82.983674464615575, 39.958721414680909 ], [ -82.983674964948008, 39.958719296540004 ], [ -82.983675795852193, 39.958716425154805 ], [ -82.983676510749504, 39.958714343783015 ], [ -82.983677435797844, 39.95871231203099 ], [ -82.983678840571585, 39.958709576144834 ], [ -82.983679970059541, 39.958707606556764 ], [ -82.983681297013575, 39.958705711293156 ], [ -82.983683241017388, 39.958703178368296 ], [ -82.983684757244632, 39.958701369130637 ], [ -82.983686453383825, 39.95869965708939 ], [ -82.983688888681783, 39.958697389583406 ], [ -82.98369075426065, 39.958695785308848 ], [ -82.983694547733108, 39.958692998362409 ], [ -82.98370437817384, 39.958685014707974 ], [ -82.983713121458891, 39.958676314324791 ], [ -82.983720689870339, 39.958666984500724 ], [ -82.98372700747754, 39.958657118838623 ], [ -82.983732010898734, 39.958646816317099 ], [ -82.983735649936989, 39.958636180297638 ], [ -82.983737888083809, 39.958625317487488 ], [ -82.983738702885375, 39.95861433686914 ], [ -82.983738086167747, 39.958603348607056 ], [ -82.983736044118913, 39.958592462942242 ], [ -82.983735416895783, 39.958589999328645 ], [ -82.983640860829212, 39.958088695703061 ], [ -82.983640543958799, 39.958086142819489 ], [ -82.98364381095115, 39.958085636941398 ], [ -82.983780077618306, 39.958069825919573 ], [ -82.983965455945679, 39.958048328971373 ], [ -82.984069636284502, 39.958036244602923 ], [ -82.98411266435653, 39.958031254069027 ], [ -82.984142951764298, 39.958027741806603 ], [ -82.984285519043425, 39.958011205472026 ], [ -82.984437017681131, 39.957993631659114 ], [ -82.984584925470244, 39.957976475917334 ], [ -82.984702069851821, 39.957962887094354 ], [ -82.984705361496182, 39.95796262673236 ], [ -82.984708168206993, 39.957963975482109 ], [ -82.984724570623158, 39.957972711241716 ], [ -82.984738041137263, 39.957979066750561 ], [ -82.984752342193701, 39.957984237141844 ], [ -82.984777724249213, 39.957992125098421 ], [ -82.984780255240821, 39.957993001425812 ], [ -82.984782689844437, 39.957994026801195 ], [ -82.984817402880694, 39.958010030366069 ], [ -82.98481972630421, 39.958011198558381 ], [ -82.984821924428843, 39.958012502470126 ], [ -82.984852986475332, 39.958032460670054 ], [ -82.984855045946006, 39.958033892377792 ], [ -82.984856954247618, 39.958035443182673 ], [ -82.984876631026737, 39.958052736693439 ], [ -82.984886416149479, 39.958060525371188 ], [ -82.984897150990491, 39.958067534113724 ], [ -82.984908731056791, 39.958073694697788 ], [ -82.98492104362785, 39.958078947156039 ], [ -82.984933968852829, 39.958083240360914 ], [ -82.984947380917262, 39.958086532522181 ], [ -82.984961149267662, 39.958088791593809 ], [ -82.984975139882408, 39.958089995585965 ], [ -82.984989216576324, 39.958090132778871 ], [ -82.9850032423263, 39.958089201837154 ], [ -82.985017080605161, 39.958087211822587 ], [ -82.985030596710587, 39.958084182106091 ], [ -82.985043659076339, 39.958080142178957 ], [ -82.985056140552985, 39.95807513136608 ], [ -82.98506791964553, 39.958069198442821 ], [ -82.985078881696126, 39.95806240116044 ], [ -82.985088920000095, 39.958054805683886 ], [ -82.985097936844625, 39.958046485947712 ], [ -82.985105844459966, 39.958037522936422 ], [ -82.985112565873649, 39.958028003896111 ], [ -82.985118035659838, 39.958018021485294 ], [ -82.985122200576143, 39.958007672872839 ], [ -82.98512502008181, 39.957997058792216 ], [ -82.985126466732368, 39.957986282560924 ], [ -82.985126526446805, 39.957975449074759 ], [ -82.985125198644468, 39.957964663786811 ], [ -82.985119882662204, 39.957936413416846 ], [ -82.985119549800359, 39.9579336450143 ], [ -82.985121364548164, 39.957931240988692 ], [ -82.985138295819041, 39.957911258646469 ], [ -82.985140213151382, 39.957909212169866 ], [ -82.985143428566857, 39.957908719899088 ], [ -82.985262441392734, 39.957894922822497 ], [ -82.985410762484719, 39.957877727437314 ], [ -82.985439039001065, 39.957874449152669 ], [ -82.985557817535735, 39.957860678579912 ], [ -82.985636290967506, 39.957851581650942 ], [ -82.985701641921708, 39.957844512295836 ], [ -82.985703673824588, 39.957844281004867 ], [ -82.985843923148238, 39.957827521683427 ], [ -82.98584736878162, 39.957827243052648 ], [ -82.985853436657521, 39.957829719141436 ], [ -82.98585350221822, 39.957829749192456 ], [ -82.985866173066384, 39.95783432847562 ], [ -82.985879366023113, 39.957837930252445 ], [ -82.985892954108778, 39.95784051985656 ], [ -82.985906806540683, 39.957842072363505 ], [ -82.985920789991752, 39.957842572830693 ], [ -82.985934769873907, 39.957842016441212 ], [ -82.985948611633404, 39.95784040855024 ], [ -82.985962182045924, 39.95783776463341 ], [ -82.985975350498848, 39.957834110137888 ], [ -82.98598799024839, 39.957829480237521 ], [ -82.985999979639502, 39.957823919494217 ], [ -82.986011203276803, 39.957817481429025 ], [ -82.986021553135203, 39.957810228007048 ], [ -82.986026451932602, 39.95780644025777 ], [ -82.986029775904569, 39.957805922431938 ], [ -82.986222797694651, 39.957783327447089 ], [ -82.986422857617796, 39.957759906710265 ], [ -82.986426348407264, 39.957759632790591 ], [ -82.986429626490633, 39.95775962544942 ], [ -82.986443590542009, 39.957759066925597 ], [ -82.98645741650472, 39.957757459271292 ], [ -82.986470971603822, 39.957754817925341 ], [ -82.986474457239609, 39.957753996926179 ], [ -82.986477850142279, 39.95775346860141 ], [ -82.986677482258372, 39.957730098325229 ], [ -82.986680038012651, 39.95772979944492 ], [ -82.986778445449971, 39.957718279703705 ], [ -82.98701435420648, 39.957690661239539 ], [ -82.987561772421657, 39.957626573431646 ], [ -82.98767119578693, 39.957613761789112 ], [ -82.987781667813195, 39.95760082849668 ], [ -82.988055026601188, 39.957568823698182 ], [ -82.988275269765765, 39.957543036799095 ], [ -82.988522945307665, 39.957514037954383 ], [ -82.988631621935099, 39.957501314121551 ], [ -82.988746730833853, 39.957487835591635 ], [ -82.988796304441195, 39.957482031439731 ], [ -82.988856901406479, 39.957474936824077 ], [ -82.988961287835139, 39.957462714030498 ], [ -82.989075348396639, 39.957449358482059 ], [ -82.989267064488473, 39.957426911185628 ], [ -82.989361174819422, 39.957415890986255 ], [ -82.989483956402481, 39.957401514135192 ], [ -82.989593281532919, 39.957388712925372 ], [ -82.989694021009655, 39.957376843731922 ], [ -82.989803196013895, 39.957364130087115 ], [ -82.989806585667154, 39.957363865073951 ], [ -82.989811443240782, 39.957367560065236 ], [ -82.989821841617015, 39.957374730582039 ], [ -82.989833100881356, 39.957381084676328 ], [ -82.989845113225073, 39.95738656150683 ], [ -82.989857763628436, 39.957391108632081 ], [ -82.989870930962212, 39.957394682512799 ], [ -82.989884489147343, 39.957397248928508 ], [ -82.989898308362328, 39.95739878330545 ], [ -82.989912256286189, 39.957399270951711 ], [ -82.989926199365541, 39.957398707198038 ], [ -82.989940004093413, 39.957397097442445 ], [ -82.989953538287509, 39.957394457098566 ], [ -82.989966672356076, 39.957390811448079 ], [ -82.989979280538577, 39.957386195398605 ], [ -82.989991242110037, 39.957380653149414 ], [ -82.99000244253692, 39.957374237768391 ], [ -82.990012774573842, 39.957367010683583 ], [ -82.99002213929046, 39.95735904109533 ], [ -82.990030447018754, 39.957350405313477 ], [ -82.990037618211574, 39.957341186026675 ], [ -82.990039522639918, 39.95733844129321 ], [ -82.990042857984889, 39.95733791958282 ], [ -82.990489558839172, 39.957285384917732 ], [ -82.99141898589356, 39.957175862741089 ], [ -82.991627767411472, 39.957152445643288 ], [ -82.993098458562855, 39.956991507641895 ], [ -82.99310186995389, 39.95699126454533 ], [ -82.993106905122033, 39.956993873583059 ], [ -82.993118918636682, 39.956999458138974 ], [ -82.99313158697592, 39.957004107392486 ], [ -82.993144787568227, 39.957007776360122 ], [ -82.993158392692308, 39.95701042954304 ], [ -82.993172270712748, 39.957012041270559 ], [ -82.993186287353751, 39.957012595948505 ], [ -82.993200306998247, 39.957012088210163 ], [ -82.993214194000103, 39.957010522968091 ], [ -82.993227813996654, 39.957007915366674 ], [ -82.99324103520857, 39.957004290635616 ], [ -82.993253729715022, 39.95699968384568 ], [ -82.993265774691366, 39.956994139569588 ], [ -82.993277053597495, 39.956987711450516 ], [ -82.993287457305456, 39.956980461683258 ], [ -82.993296885155274, 39.956972460412338 ], [ -82.993305245928937, 39.956963785053382 ], [ -82.993306218763692, 39.956962664341063 ], [ -82.993309590987423, 39.956962153974153 ], [ -82.993643656378964, 39.956924624593391 ], [ -82.993758473205204, 39.956911731201764 ], [ -82.993861105774343, 39.956900203046402 ], [ -82.993962766754919, 39.956888782927372 ], [ -82.993966243432851, 39.956888525756838 ], [ -82.993968751430799, 39.956888530434085 ], [ -82.993977838917985, 39.956888888889694 ], [ -82.993991931795691, 39.956888371067777 ], [ -82.994005889323731, 39.956886784689871 ], [ -82.994019575033178, 39.956884145266734 ], [ -82.994032855112792, 39.956880478605136 ], [ -82.994034357724288, 39.956879997953507 ], [ -82.994037767616362, 39.956879472005205 ], [ -82.994142619076754, 39.956867377950026 ], [ -82.994246312979271, 39.956855415709811 ], [ -82.99434647573058, 39.956843891004688 ], [ -82.994455715381093, 39.956831263455378 ], [ -82.99445917276195, 39.956830996216105 ], [ -82.994459602719616, 39.95683102803018 ], [ -82.994473465810259, 39.956831531990304 ], [ -82.994487326944252, 39.95683099710493 ], [ -82.994501054984738, 39.956829428434489 ], [ -82.994514520054025, 39.956826840819815 ], [ -82.994527594762431, 39.956823258741679 ], [ -82.99452836913251, 39.956823013317063 ], [ -82.994531794642768, 39.956822495962633 ], [ -82.994952583017948, 39.956775350587797 ], [ -82.994955904407021, 39.956775105508527 ], [ -82.99495655690616, 39.956777623677283 ], [ -82.99501501092125, 39.957079678505963 ], [ -82.995031073530754, 39.957162505492313 ], [ -82.995054407486947, 39.957283032011695 ], [ -82.995054750261801, 39.957285694125453 ], [ -82.995054681106268, 39.957285962123741 ], [ -82.995051475319784, 39.957295817445143 ], [ -82.995049423887991, 39.957306460014451 ], [ -82.995048735712317, 39.957317205994997 ], [ -82.995049417400267, 39.957327952220375 ], [ -82.995051462407886, 39.957338595521854 ], [ -82.995054851102793, 39.957349033718735 ], [ -82.995059550952504, 39.95735916659936 ], [ -82.995065516836775, 39.957368896883246 ], [ -82.995067175374956, 39.957371031538855 ], [ -82.995069660803111, 39.957374627141562 ], [ -82.995070328547499, 39.957377272920354 ], [ -82.995080960732707, 39.957434372578966 ], [ -82.995091420944163, 39.957490490874299 ], [ -82.995102077106637, 39.957547668832419 ], [ -82.995112760946455, 39.95760500397472 ], [ -82.995123422893769, 39.957662246543784 ], [ -82.995134012458777, 39.957719099600432 ], [ -82.995144752378962, 39.957776711555354 ], [ -82.995155332793232, 39.957833473784454 ], [ -82.995164653144741, 39.957883492855544 ], [ -82.995164964616123, 39.957886052424527 ], [ -82.995161685811794, 39.957886544620756 ], [ -82.994954510187071, 39.957909597200107 ], [ -82.994751049074992, 39.957932261770381 ], [ -82.994743779432213, 39.957933219783961 ], [ -82.994701486328537, 39.957939663242406 ], [ -82.99468810054465, 39.957942225628486 ], [ -82.994675098812522, 39.957945770678748 ], [ -82.994662602634079, 39.957950265264522 ], [ -82.994650728786866, 39.957955667383672 ], [ -82.994639588232772, 39.957961926553111 ], [ -82.994629285081132, 39.957968984280498 ], [ -82.994619915615758, 39.957976774611012 ], [ -82.994611567395225, 39.957985224743453 ], [ -82.994604318434583, 39.957994255710823 ], [ -82.994598236476307, 39.958003783118087 ], [ -82.994593378357237, 39.958013717930953 ], [ -82.994589789477388, 39.958023967307795 ], [ -82.994587503375712, 39.958034435467376 ], [ -82.994586541416609, 39.958045024583868 ], [ -82.994586912590279, 39.958055635701001 ], [ -82.994588613428661, 39.958066169656917 ], [ -82.994591628037881, 39.958076528010764 ], [ -82.994595928246667, 39.958086613962692 ], [ -82.994601473869679, 39.95809633325841 ], [ -82.994608213082955, 39.958105595070002 ], [ -82.994616082908252, 39.95811431284487 ], [ -82.994625009801553, 39.958122405114295 ], [ -82.994634910340295, 39.958129796255108 ], [ -82.994645692003033, 39.958136417196165 ], [ -82.994657254033982, 39.958142206063968 ], [ -82.994669488384659, 39.958147108760784 ], [ -82.99468228072358, 39.958151079470277 ], [ -82.99469551150473, 39.958154081085631 ], [ -82.994709057084734, 39.958156085556368 ], [ -82.994722790878313, 39.958157074150421 ], [ -82.994736584541329, 39.958157037629277 ], [ -82.994750309170101, 39.958155976334218 ], [ -82.995198556053467, 39.958104369969433 ], [ -82.995201880224471, 39.958104114708782 ], [ -82.995202539649611, 39.958106634944741 ], [ -82.99527220646921, 39.958462215034501 ], [ -82.995420652974886, 39.95921986484769 ], [ -82.995420988930704, 39.959222430394419 ], [ -82.995417701446044, 39.959222929168689 ], [ -82.994363595901802, 39.959341740944602 ], [ -82.993782479423828, 39.959407232235101 ], [ -82.993779076149565, 39.959407485620673 ], [ -82.993777295274796, 39.959406361543628 ], [ -82.993766041139708, 39.959399942389076 ], [ -82.993754023304717, 39.959394403366808 ], [ -82.99374135759733, 39.959389797861711 ] ], [ [ -82.985718332256951, 39.958473213609707 ], [ -82.985715479491191, 39.958462717013667 ], [ -82.985711309831899, 39.958452484614803 ], [ -82.985705863047926, 39.958442614005044 ], [ -82.985699191088798, 39.958433199325782 ], [ -82.985691357589019, 39.958424330369873 ], [ -82.985682437261303, 39.95841609172529 ], [ -82.985672515183893, 39.958408561968383 ], [ -82.9856616859892, 39.958401812914389 ], [ -82.985650052961205, 39.958395908932609 ], [ -82.985637727050303, 39.958390906332355 ], [ -82.985624825815279, 39.958386852826067 ], [ -82.985611472301983, 39.958383787074141 ], [ -82.985597793869786, 39.95838173831622 ], [ -82.985583920976993, 39.958380726092365 ], [ -82.985569985936507, 39.958380760056698 ], [ -82.985556121653985, 39.958381839885242 ], [ -82.985538426100405, 39.958383894018155 ], [ -82.98550732275379, 39.958387505574443 ], [ -82.985356647436902, 39.95840499663062 ], [ -82.985214711412013, 39.958421472832299 ], [ -82.985211243031628, 39.958421741828246 ], [ -82.985206278560355, 39.958420986516977 ], [ -82.985192252428547, 39.958419404916143 ], [ -82.985178091584388, 39.958418902132074 ], [ -82.985163935794958, 39.958419483127159 ], [ -82.985149924777417, 39.958421142167005 ], [ -82.985136196820065, 39.958423862876963 ], [ -82.985122887417447, 39.958427618403711 ], [ -82.985110127933041, 39.958432371680288 ], [ -82.985098044302717, 39.958438075792031 ], [ -82.985086755791755, 39.958444674439434 ], [ -82.985076373817748, 39.958452102494064 ], [ -82.985067000850847, 39.958460286641149 ], [ -82.985058729402468, 39.958469146103262 ], [ -82.985051641112122, 39.958478593437661 ], [ -82.985045805941624, 39.958488535399269 ], [ -82.985041281484655, 39.958498873860925 ], [ -82.9850381123982, 39.958509506782093 ], [ -82.985036329961744, 39.95852032921573 ], [ -82.985035951768609, 39.958531234344399 ], [ -82.985036981552227, 39.958542114534303 ], [ -82.985042858255511, 39.958578876928584 ], [ -82.985044919179074, 39.95858833752213 ], [ -82.985056995962992, 39.958631985512724 ], [ -82.9850598803868, 39.95864065811714 ], [ -82.98507419238264, 39.958677386199348 ], [ -82.985077709190492, 39.958685301789671 ], [ -82.985095750366611, 39.958721359225464 ], [ -82.985100040039441, 39.958729045814486 ], [ -82.985121441071826, 39.958763690969164 ], [ -82.985126838178019, 39.958771584319599 ], [ -82.98515718156645, 39.958811898504315 ], [ -82.985164828967569, 39.958820992795225 ], [ -82.985173603561961, 39.958829462988682 ], [ -82.985183419957664, 39.958837226654715 ], [ -82.985194182624184, 39.958844208239178 ], [ -82.985205786821936, 39.958850339798872 ], [ -82.985218119621706, 39.958855561662823 ], [ -82.985231061003589, 39.958859823013064 ], [ -82.985244485025021, 39.958863082379068 ], [ -82.985258261046425, 39.958865308041368 ], [ -82.985272255002613, 39.958866478340347 ], [ -82.985286330707467, 39.958866581886895 ], [ -82.985300351179262, 39.958865617673354 ], [ -82.985314179973841, 39.958863595083209 ], [ -82.985327682512406, 39.95886053379985 ], [ -82.985340727391289, 39.958856463615021 ], [ -82.985353187660692, 39.958851424138871 ], [ -82.985364942060187, 39.958845464414466 ], [ -82.985375876198788, 39.95883864244044 ], [ -82.985385883668243, 39.958831024606759 ], [ -82.985394867078455, 39.958822685048368 ], [ -82.98540273900538, 39.958813704923884 ], [ -82.985409422841727, 39.958804171625765 ], [ -82.985414853542537, 39.95879417792974 ], [ -82.985418978258096, 39.958783821091998 ], [ -82.985421756848297, 39.958773201902716 ], [ -82.985423162273236, 39.958762423705124 ], [ -82.98542318085633, 39.958751591389849 ], [ -82.985421812417357, 39.958740810374088 ], [ -82.985418638313291, 39.9587242812566 ], [ -82.985418312584912, 39.958721722960171 ], [ -82.985421588278015, 39.958721219615967 ], [ -82.985619332798976, 39.958698525822435 ], [ -82.985633091086271, 39.95869641018119 ], [ -82.985646512868243, 39.95869326497926 ], [ -82.985659468380135, 39.958689120625188 ], [ -82.985671832365171, 39.958684017187487 ], [ -82.985683485285733, 39.958678004007396 ], [ -82.985694314478962, 39.958671139221636 ], [ -82.985704215246088, 39.958663489200468 ], [ -82.985713091864682, 39.958655127905956 ], [ -82.985720858514071, 39.958646136176881 ], [ -82.985727440105094, 39.958636600947138 ], [ -82.985732773006092, 39.958626614405354 ], [ -82.985736805658007, 39.958616273103381 ], [ -82.985739499072992, 39.958605677022987 ], [ -82.985740827211188, 39.958594928609152 ], [ -82.985740777232522, 39.958584131779531 ], [ -82.985739349620857, 39.958573390919888 ], [ -82.985735266781219, 39.958552757395353 ], [ -82.985734911993717, 39.958550095344826 ], [ -82.985734908558541, 39.958549493228887 ], [ -82.985735459412794, 39.958539834700531 ], [ -82.985734678473833, 39.958528971238593 ], [ -82.985732504337847, 39.958518220577119 ], [ -82.985728958350549, 39.958507688263005 ], [ -82.98572407532599, 39.958497477699424 ], [ -82.985723167943888, 39.95849583621451 ], [ -82.985722456366247, 39.958493219643273 ], [ -82.985718332256951, 39.958473213609707 ] ], [ [ -82.993642187821891, 39.958240273865961 ], [ -82.993648151607346, 39.958230507390752 ], [ -82.993652840890292, 39.958220337601944 ], [ -82.993656210383435, 39.958209862716579 ], [ -82.993658227545737, 39.958199183898294 ], [ -82.99365887289666, 39.958188404280129 ], [ -82.99365814020419, 39.95817762796856 ], [ -82.993656036545119, 39.958166959038145 ], [ -82.993652582236578, 39.958156500526307 ], [ -82.993647810639885, 39.958146353438252 ], [ -82.993641767838255, 39.958136615771537 ], [ -82.993634512191718, 39.958127381569618 ], [ -82.993626113773573, 39.958118740013497 ], [ -82.993616653693522, 39.958110774560708 ], [ -82.993606223314401, 39.958103562139065 ], [ -82.993594923369756, 39.95809717240386 ], [ -82.993582862991062, 39.958091667065091 ], [ -82.993570158653739, 39.958087099291554 ], [ -82.993556933052204, 39.958083513197344 ], [ -82.993543313915126, 39.958080943415744 ], [ -82.993529432771638, 39.958079414764889 ], [ -82.993524569324265, 39.95807906576303 ], [ -82.993523159014856, 39.958078345113222 ], [ -82.993514719401446, 39.958073552384612 ], [ -82.993502700046136, 39.958068037703065 ], [ -82.993490036556125, 39.958063455546949 ], [ -82.993476850725187, 39.958059849986043 ], [ -82.99346326937075, 39.958057255697575 ], [ -82.993449423114185, 39.958055697632645 ], [ -82.993435445124632, 39.958055190776221 ], [ -82.993421469838111, 39.958055740003104 ], [ -82.993407631664709, 39.958057340030997 ], [ -82.993394063695789, 39.958059975471301 ], [ -82.993380896423986, 39.958063620977178 ], [ -82.993368256488282, 39.958068241487233 ], [ -82.993356265455844, 39.958073792562764 ], [ -82.993345038653061, 39.95808022081517 ], [ -82.993334684056236, 39.958087464419442 ], [ -82.993325301253137, 39.95809545370868 ], [ -82.993316980485204, 39.958104111844207 ], [ -82.993315548695179, 39.958105765557363 ], [ -82.993314804621647, 39.958105941291123 ], [ -82.993301643658398, 39.958109602032849 ], [ -82.993289011973147, 39.958114237282039 ], [ -82.993277031067265, 39.958119802453311 ], [ -82.993265816182401, 39.958126244016611 ], [ -82.993255475192186, 39.958133500011982 ], [ -82.993246107564516, 39.958141500645709 ], [ -82.993237803404853, 39.958150168961453 ], [ -82.993230642589452, 39.958159421580632 ], [ -82.993224693997121, 39.958169169504295 ], [ -82.993220014846614, 39.958179318969258 ], [ -82.993216650146252, 39.958189772349968 ], [ -82.993214632260987, 39.958200429097502 ], [ -82.993213980601084, 39.958211186706762 ], [ -82.993214701435377, 39.958221941702377 ], [ -82.993216787830889, 39.958232590634189 ], [ -82.993220219719632, 39.958243031072094 ], [ -82.99322496409151, 39.958253162591433 ], [ -82.993230975311775, 39.958262887738954 ], [ -82.993238195560124, 39.958272112970221 ], [ -82.993246555386662, 39.958280749549274 ], [ -82.993255974380048, 39.958288714402329 ], [ -82.993266361940897, 39.958295930916798 ], [ -82.993277618153172, 39.95830232967819 ], [ -82.993289634745437, 39.958307849137825 ], [ -82.993302296132114, 39.958312436204885 ], [ -82.993315480525382, 39.95831604675714 ], [ -82.99332906110665, 39.958318646065194 ], [ -82.993342907246401, 39.958320209126697 ], [ -82.993347433455909, 39.958320546639087 ], [ -82.993348415163553, 39.958321165248293 ], [ -82.993359675991798, 39.958327577183866 ], [ -82.993371699555468, 39.958333108505215 ], [ -82.993384369972318, 39.958337705901769 ], [ -82.993397565125719, 39.958341325064119 ], [ -82.99341115784155, 39.958343931110939 ], [ -82.993425017113992, 39.958345498925326 ], [ -82.993439009368103, 39.958346013396778 ], [ -82.993452999747291, 39.958345469566801 ], [ -82.993466853412997, 39.958343872676842 ], [ -82.993480436844351, 39.958341238117598 ], [ -82.993493619124976, 39.958337591280845 ], [ -82.993506273204858, 39.958332967314576 ], [ -82.993518277124821, 39.958327410784328 ], [ -82.993529515191923, 39.958320975243609 ], [ -82.993539879094612, 39.958313722717726 ], [ -82.993549268946552, 39.958305723106086 ], [ -82.993557594249296, 39.958297053508396 ], [ -82.993561100637152, 39.958292999920488 ], [ -82.993564196296006, 39.95829200931221 ], [ -82.993570981061268, 39.958290132971236 ], [ -82.993583648183048, 39.958285504336025 ], [ -82.993595663757617, 39.958279941240789 ], [ -82.993606911741679, 39.958273497412563 ], [ -82.993617283505202, 39.958266235084167 ], [ -82.993626678880602, 39.958258224393447 ], [ -82.993635007130052, 39.958249542705531 ], [ -82.993642187821891, 39.958240273865961 ] ], [ [ -82.994153582815045, 39.958009401705503 ], [ -82.994141463425024, 39.958015115825376 ], [ -82.994130142868457, 39.95802172945104 ], [ -82.994119733468693, 39.95802917696183 ], [ -82.994110338508662, 39.958037384463083 ], [ -82.994102051206085, 39.958046270519532 ], [ -82.994094953788448, 39.95805574696319 ], [ -82.994089116677316, 39.958065719768193 ], [ -82.994084597789438, 39.958076089983663 ], [ -82.99408144196218, 39.958086754715602 ], [ -82.994079680508477, 39.95809760814771 ], [ -82.994079330906303, 39.95810854259134 ], [ -82.994080396625094, 39.958119449554054 ], [ -82.994082867091365, 39.958130220815953 ], [ -82.99408671779355, 39.958140749503535 ], [ -82.994091910525228, 39.958150931150151 ], [ -82.994098393764148, 39.958160664732425 ], [ -82.994106103183427, 39.95816985367275 ], [ -82.994114962289828, 39.958178406797423 ], [ -82.994124883182678, 39.958186239241321 ], [ -82.99413576742603, 39.958193273290036 ], [ -82.99414750702536, 39.958199439150853 ], [ -82.99415998549911, 39.958204675645376 ], [ -82.994173079034425, 39.95820893081644 ], [ -82.99418665771563, 39.958212162443651 ], [ -82.994200586813335, 39.958214338462398 ], [ -82.994214728121221, 39.958215437281957 ], [ -82.994228941327364, 39.958215447999677 ], [ -82.994243085406396, 39.958214370509218 ], [ -82.994270286709039, 39.958211239015299 ], [ -82.994283803038627, 39.958209165043634 ], [ -82.994296996303092, 39.958206097235504 ], [ -82.994309743412671, 39.958202064212792 ], [ -82.994321925440076, 39.958197103602544 ], [ -82.994333428730243, 39.958191261686046 ], [ -82.994344145960568, 39.958184592966894 ], [ -82.994353977142296, 39.958177159662434 ], [ -82.994362830553371, 39.958169031123532 ], [ -82.994370623594136, 39.958160283187283 ], [ -82.994377283558038, 39.958150997469595 ], [ -82.99438274830986, 39.958141260603696 ], [ -82.994386966865505, 39.958131163431844 ], [ -82.994389899867528, 39.958120800157872 ], [ -82.994391519952472, 39.958110267468186 ], [ -82.994391812005986, 39.958099663629767 ], [ -82.99439077330392, 39.958089087573363 ], [ -82.994388413537635, 39.958078637970402 ], [ -82.99438475472364, 39.958068412312592 ], [ -82.994379830998142, 39.958058506002203 ], [ -82.994373688298495, 39.958049011462101 ], [ -82.994366383934675, 39.958040017273341 ], [ -82.994357986054524, 39.958031607348921 ], [ -82.994348573007969, 39.95802386015076 ], [ -82.99433823261603, 39.958016847957687 ], [ -82.99432706135147, 39.958010636191219 ], [ -82.994315163438728, 39.958005282805139 ], [ -82.994302649881575, 39.958000837744734 ], [ -82.994289637427428, 39.957997342480937 ], [ -82.994276247478254, 39.957994829623445 ], [ -82.994262604957811, 39.957993322616318 ], [ -82.99424883714623, 39.957992835519498 ], [ -82.994248417692916, 39.957992836285207 ], [ -82.994248392023692, 39.957992834384967 ], [ -82.994234303147437, 39.957992330311662 ], [ -82.994220218431153, 39.95799289908021 ], [ -82.994206275487315, 39.957994535133565 ], [ -82.994192610543223, 39.95799722248691 ], [ -82.994179357110099, 39.958000934883877 ], [ -82.994177969234386, 39.958001384589068 ], [ -82.994166380789167, 39.958004643787213 ], [ -82.994153582815045, 39.958009401705503 ] ] ], [ [ [ -82.99972358138811, 39.971117840796822 ], [ -82.999720955398317, 39.971118217342628 ], [ -82.999665372489929, 39.971124538426139 ], [ -82.999662717206078, 39.971124762485317 ], [ -82.99966004756466, 39.971124832798751 ], [ -82.999603861075016, 39.971124690552976 ], [ -82.999601192092825, 39.97112460672389 ], [ -82.999598538782891, 39.971124369225095 ], [ -82.999543850928291, 39.971117866698854 ], [ -82.999540591107618, 39.971117351126495 ], [ -82.999541612452546, 39.97111491413645 ], [ -82.999550648420353, 39.971096518680987 ], [ -82.999555100773321, 39.971085832601673 ], [ -82.999558112343323, 39.971074852693839 ], [ -82.999559651677885, 39.971063693632779 ], [ -82.999559702700751, 39.971052471964896 ], [ -82.999558264879752, 39.971041304890356 ], [ -82.999554049013653, 39.971019822735997 ], [ -82.999552030367838, 39.971011648195024 ], [ -82.999543494936233, 39.970983041514131 ], [ -82.999539653235331, 39.970972573723387 ], [ -82.999534484348914, 39.970962449727352 ], [ -82.999528038996942, 39.9709527688671 ], [ -82.999520380424499, 39.970943626135437 ], [ -82.999511583781285, 39.970935111244792 ], [ -82.999501735384101, 39.970927307746905 ], [ -82.999490931869914, 39.970920292212995 ], [ -82.999479279247609, 39.970914133482452 ], [ -82.999466891857821, 39.970908891987293 ], [ -82.999453891250852, 39.970904619159271 ], [ -82.999440404994147, 39.970901356925111 ], [ -82.999426565420478, 39.970899137295206 ], [ -82.999412508329399, 39.970897982049493 ], [ -82.999398371654877, 39.970897902523696 ], [ -82.999384294111721, 39.970898899498167 ], [ -82.999370413834555, 39.970900963190203 ], [ -82.999356867022371, 39.970904073349956 ], [ -82.999343786602111, 39.970908199459309 ], [ -82.999331300924339, 39.970913301031175 ], [ -82.999319532503833, 39.970919328006772 ], [ -82.999308596817443, 39.970926221246899 ], [ -82.999298601170977, 39.970933913112226 ], [ -82.999289643646264, 39.970942328126903 ], [ -82.999281812138761, 39.970951383719196 ], [ -82.99914504958582, 39.971127894927236 ], [ -82.999143426245368, 39.971129773428196 ], [ -82.999143436081241, 39.971127517610853 ], [ -82.999208128425366, 39.970181202250075 ], [ -82.999269809808183, 39.969278906671128 ], [ -82.999290159601799, 39.96898456549556 ], [ -82.99929050954556, 39.968981931830037 ], [ -82.999293087062995, 39.968978229550231 ], [ -82.999295112987951, 39.968975619926326 ], [ -82.99930124474983, 39.968965516075436 ], [ -82.999306013053072, 39.968954985822563 ], [ -82.999309368722777, 39.968944137766222 ], [ -82.9993112771526, 39.968933083782403 ], [ -82.999311718661588, 39.968921937870796 ], [ -82.999310688697179, 39.968910814979083 ], [ -82.999308197882087, 39.968899829817424 ], [ -82.99930427190472, 39.968889095675614 ], [ -82.999298951254232, 39.968878723254598 ], [ -82.999292290802956, 39.968868819524822 ], [ -82.999289580665049, 39.968865246753637 ], [ -82.999287250687303, 39.968861462981046 ], [ -82.999280463023013, 39.968851736335615 ], [ -82.999272440283619, 39.968842583279304 ], [ -82.999263263568679, 39.968834096337261 ], [ -82.999253025642759, 39.96882636130097 ], [ -82.999241829997786, 39.96881945636116 ], [ -82.99922978980679, 39.968813451317438 ], [ -82.999217026779931, 39.968808406872611 ], [ -82.999203669934161, 39.968804374019165 ], [ -82.999189854289028, 39.968801393523741 ], [ -82.999175719501892, 39.968799495515093 ], [ -82.999161408456146, 39.968798699179466 ], [ -82.999147065816899, 39.968799012566706 ], [ -82.999132836568592, 39.968800432508964 ], [ -82.999118864549487, 39.968802944652523 ], [ -82.999105290997619, 39.968806523603043 ], [ -82.999092253123138, 39.968811133182207 ], [ -82.999079882721304, 39.968816726793484 ], [ -82.999068304840193, 39.968823247893077 ], [ -82.99905763651671, 39.968830630561492 ], [ -82.999047985593435, 39.968838800169948 ], [ -82.999043563024102, 39.96884294471505 ], [ -82.999040200294729, 39.968842936941741 ], [ -82.998727637678357, 39.968830426163137 ], [ -82.998727340912012, 39.968830414522579 ], [ -82.998638814446281, 39.968827013164926 ], [ -82.998624588619592, 39.968827012806337 ], [ -82.99861043342483, 39.968828102194962 ], [ -82.998596489516856, 39.968830270505968 ], [ -82.998582895451051, 39.968833496193611 ], [ -82.998569786306646, 39.968837747205463 ], [ -82.998557292344387, 39.968842981300838 ], [ -82.998545537712303, 39.968849146470433 ], [ -82.998534639212039, 39.968856181453212 ], [ -82.998524705138294, 39.968864016345158 ], [ -82.998515834202678, 39.968872573293737 ], [ -82.998508114552919, 39.968881767271668 ], [ -82.99850162289691, 39.968891506921622 ], [ -82.998496423740434, 39.968901695464105 ], [ -82.998492568746343, 39.968912231659161 ], [ -82.998490096220976, 39.968923010812169 ], [ -82.998489030733637, 39.968933925814362 ], [ -82.998489382872393, 39.968944868206997 ], [ -82.9984911491388, 39.968955729259093 ], [ -82.998494311982711, 39.968966401047915 ], [ -82.998498839976591, 39.968976777531324 ], [ -82.998504688127795, 39.968986755601456 ], [ -82.998511798325623, 39.968996236109341 ], [ -82.998520099918679, 39.969005124850092 ], [ -82.998529510417029, 39.969013333498978 ], [ -82.99853993631173, 39.969020780489117 ], [ -82.998551274004043, 39.969027391821989 ], [ -82.998563410834905, 39.969033101802694 ], [ -82.998576226204307, 39.969037853692846 ], [ -82.998679737355104, 39.969071452620923 ], [ -82.998682684612419, 39.969072538182658 ], [ -82.998682652336143, 39.969075052195741 ], [ -82.998672300032155, 39.969214308727892 ], [ -82.998671954815634, 39.969216842068789 ], [ -82.998668516948442, 39.969219111272821 ], [ -82.998664169530414, 39.969221730408606 ], [ -82.998653889209734, 39.969229310389437 ], [ -82.998644641731573, 39.969237640845527 ], [ -82.998636519148945, 39.969246638852574 ], [ -82.998629602317408, 39.969256214841167 ], [ -82.998623960090086, 39.969266273488472 ], [ -82.998619648632356, 39.969276714667053 ], [ -82.998616710862663, 39.969287434441569 ], [ -82.998615176025282, 39.969298326103349 ], [ -82.998546061978971, 39.970212605989488 ], [ -82.998545630531012, 39.970215544090742 ], [ -82.998543997274126, 39.970218220557477 ], [ -82.998469325763608, 39.970325063987879 ], [ -82.99846326685325, 39.970334866065194 ], [ -82.998458495310871, 39.970345080503442 ], [ -82.998455057760239, 39.970355607496423 ], [ -82.998452987790586, 39.970366344183915 ], [ -82.998381786984226, 39.970924591332412 ], [ -82.998381105499192, 39.970934953476402 ], [ -82.998379295596735, 39.971357428084424 ], [ -82.998379663909404, 39.971365682019837 ], [ -82.998380837476304, 39.971373891310293 ], [ -82.99843736776414, 39.971667301232316 ], [ -82.998437684773677, 39.97166962804797 ], [ -82.998437482647915, 39.971671953883487 ], [ -82.998405253535424, 39.971898181595485 ], [ -82.998404700422483, 39.971900834339756 ], [ -82.998402059637812, 39.971902592161925 ], [ -82.997460868296841, 39.972468475051066 ], [ -82.997458134206454, 39.972469956659843 ], [ -82.997456546436425, 39.972467692183621 ], [ -82.997385595986898, 39.972353234560167 ], [ -82.997384248653447, 39.972350751396412 ], [ -82.997384252058012, 39.972348060545166 ], [ -82.99749923033697, 39.970598754368993 ], [ -82.997534560891779, 39.970134747424567 ], [ -82.997534683158577, 39.970123785965512 ], [ -82.997533384363948, 39.970112869747545 ], [ -82.997530677452303, 39.970102107561161 ], [ -82.997526589401218, 39.970091606661832 ], [ -82.997521160952658, 39.970081471700937 ], [ -82.997514446206736, 39.970071803682949 ], [ -82.997506512082765, 39.970062698958728 ], [ -82.997497437652171, 39.970054248265356 ], [ -82.997487313350462, 39.970046535821915 ], [ -82.997476240076054, 39.97003963849 ], [ -82.997464328184606, 39.970033625007929 ], [ -82.997451696389319, 39.970028555305618 ], [ -82.997438470577762, 39.970024479907295 ], [ -82.997424782557388, 39.970021439428031 ], [ -82.997410768741872, 39.970019464169006 ], [ -82.997396568791757, 39.970018573815487 ], [ -82.997382324222514, 39.970018777240668 ], [ -82.9973681769943, 39.970020072417192 ], [ -82.997354268097141, 39.970022446437504 ], [ -82.997340736146015, 39.970025875642278 ], [ -82.997327715999234, 39.970030325856335 ], [ -82.997315337414634, 39.970035752729203 ], [ -82.99730372375636, 39.970042102177118 ], [ -82.997292990765459, 39.970049310921986 ], [ -82.997283245406393, 39.970057307121934 ], [ -82.997274584801076, 39.970066011087418 ], [ -82.997270846890373, 39.970070665041376 ], [ -82.997268829129169, 39.97007292573501 ], [ -82.997268017380122, 39.970073106556519 ], [ -82.997254235921531, 39.970076773189717 ], [ -82.997241012693252, 39.970081502721854 ], [ -82.997228485749005, 39.970087245775503 ], [ -82.997216785873249, 39.970093942391813 ], [ -82.997206035215754, 39.970101522656492 ], [ -82.997196346016338, 39.970109907429723 ], [ -82.997187819433023, 39.970119009172386 ], [ -82.997180544485943, 39.970128732860026 ], [ -82.997174597127966, 39.97013897697483 ], [ -82.997170039451632, 39.970149634565622 ], [ -82.997166919040936, 39.970160594364287 ], [ -82.997165268474504, 39.970171741947581 ], [ -82.99716098763686, 39.970224522887449 ], [ -82.997160781787088, 39.970234830505525 ], [ -82.997161833179049, 39.9702451075513 ], [ -82.997164132546388, 39.970255263443526 ], [ -82.997167659623145, 39.97026520866882 ], [ -82.997172383322408, 39.970274855570544 ], [ -82.997178262010237, 39.970284119121409 ], [ -82.997185243872622, 39.970292917672985 ], [ -82.997193267372168, 39.970301173675267 ], [ -82.997202261790463, 39.97030881436018 ], [ -82.997212147851357, 39.970315772383067 ], [ -82.99721593295007, 39.970318195400381 ], [ -82.997215943702102, 39.970320797217255 ], [ -82.997108251517915, 39.972146303622985 ], [ -82.997108211179707, 39.972146912684728 ], [ -82.997083089397847, 39.972488845105978 ], [ -82.997082249825141, 39.972494689451089 ], [ -82.997007369161153, 39.972843491717519 ], [ -82.997007141924598, 39.972844584421381 ], [ -82.997003329984551, 39.972863526070043 ], [ -82.997002601468765, 39.97286622731108 ], [ -82.997000252228773, 39.972868311525282 ], [ -82.996748474911655, 39.97306993670211 ], [ -82.996739419222394, 39.973077927219492 ], [ -82.996731407279412, 39.973086552383222 ], [ -82.996724513765827, 39.973095731794558 ], [ -82.996718802939412, 39.973105379888302 ], [ -82.996714328033789, 39.973115406730358 ], [ -82.996711130762023, 39.973125718856267 ], [ -82.996709240927828, 39.973136220142123 ], [ -82.99670867614779, 39.97314681270084 ], [ -82.996709441687088, 39.973157397794431 ], [ -82.996711530410408, 39.973167876754523 ], [ -82.996714922848369, 39.973178151901912 ], [ -82.99671958737909, 39.973188127457284 ], [ -82.996725480522855, 39.973197710433865 ], [ -82.996732547347435, 39.973206811504255 ], [ -82.996740721980061, 39.973215345833097 ], [ -82.996749928221504, 39.97322323386792 ], [ -82.996760080256337, 39.973230402080553 ], [ -82.99677108345287, 39.973236783652673 ], [ -82.99678283524517, 39.973242319098553 ], [ -82.99679522608929, 39.973246956819622 ], [ -82.99680814048422, 39.973250653585424 ], [ -82.996821458048686, 39.973253374936654 ], [ -82.996835054643114, 39.97325509550619 ], [ -82.996848803527072, 39.973255799255817 ], [ -82.996862576540394, 39.973255479625507 ], [ -82.996867565151021, 39.973255177917366 ], [ -82.996866337183434, 39.973257445651583 ], [ -82.996834208025916, 39.973309491305237 ], [ -82.996832041523874, 39.973312720401665 ], [ -82.996794964710546, 39.973363762182366 ], [ -82.996792525234113, 39.973366873904261 ], [ -82.996751139761145, 39.973415916224198 ], [ -82.996748438002967, 39.973418896931584 ], [ -82.996703634756244, 39.973464994831382 ], [ -82.996699114222054, 39.973469193648114 ], [ -82.994958394242929, 39.974931539297522 ], [ -82.99495621421552, 39.974933291310712 ], [ -82.994650387065022, 39.975168446022735 ], [ -82.994647923283026, 39.975170164848976 ], [ -82.994645222445925, 39.975168671634151 ], [ -82.994602450860214, 39.975142511684126 ], [ -82.99459995668613, 39.975140826568961 ], [ -82.994602135866643, 39.975138900186792 ], [ -82.994896266123888, 39.974903239646451 ], [ -82.994900066835612, 39.974900072289621 ], [ -82.995119862504623, 39.97470953089185 ], [ -82.995128491282273, 39.974701281365135 ], [ -82.99513604712007, 39.974692430750231 ], [ -82.995142459752756, 39.974683061353559 ], [ -82.995147669546483, 39.974673260305984 ], [ -82.995151628053165, 39.974663118752495 ], [ -82.995154298461216, 39.974652731004518 ], [ -82.995155655937765, 39.974642193662966 ], [ -82.995155687859537, 39.974631604719853 ], [ -82.995154393930264, 39.974621062647003 ], [ -82.99515178618347, 39.974610665480334 ], [ -82.995147888870406, 39.974600509908178 ], [ -82.995142738234648, 39.974590690372096 ], [ -82.995136382174948, 39.974581298188703 ], [ -82.995128879799779, 39.974572420700319 ], [ -82.99512030087773, 39.974564140462974 ], [ -82.995110725188553, 39.974556534478431 ], [ -82.995100241781373, 39.974549673478315 ], [ -82.99508894814646, 39.974543621266193 ], [ -82.995076949308753, 39.974538434124419 ], [ -82.995064356851046, 39.974534160290602 ], [ -82.995051287876464, 39.974530839509043 ], [ -82.995037863919364, 39.974528502661236 ], [ -82.99502420981527, 39.974527171478549 ], [ -82.995010452539859, 39.974526858340298 ], [ -82.995006027167577, 39.974526921876738 ], [ -82.995006884892788, 39.974524506208468 ], [ -82.995234855588592, 39.973987179494081 ], [ -82.995239476532987, 39.973973258602015 ], [ -82.995272874696141, 39.973835626014321 ], [ -82.995275037695478, 39.973822113186159 ], [ -82.995364919079321, 39.972680495446419 ], [ -82.995365076517132, 39.972669671644475 ], [ -82.995363848058602, 39.972658888507596 ], [ -82.995361245642215, 39.972648250823468 ], [ -82.99535729455819, 39.97263786196627 ], [ -82.995352033202664, 39.972627822892079 ], [ -82.995345512704588, 39.97261823115786 ], [ -82.995337796428856, 39.972609179973354 ], [ -82.995328959360464, 39.97260075729546 ], [ -82.995319087375904, 39.972593044973294 ], [ -82.995308276408565, 39.972586117952972 ], [ -82.99529663151651, 39.972580043549257 ], [ -82.995284265861514, 39.972574880791399 ], [ -82.995271299609485, 39.972570679849504 ], [ -82.995257858762628, 39.972567481547102 ], [ -82.995244073935055, 39.972565316964292 ], [ -82.995230079083584, 39.972564207135868 ], [ -82.995146991792552, 39.97256079015137 ], [ -82.995133041342072, 39.972560741767502 ], [ -82.995119151398896, 39.972561741525837 ], [ -82.995105454678878, 39.972563779873894 ], [ -82.995092082051713, 39.972566837335606 ], [ -82.995079161290519, 39.972570884697511 ], [ -82.995066815850905, 39.972575883287753 ], [ -82.995055163691532, 39.972581785345703 ], [ -82.995044316146917, 39.972588534478191 ], [ -82.9950343768637, 39.972596066198449 ], [ -82.995025440810409, 39.972604308542138 ], [ -82.99501759336988, 39.972613182755062 ], [ -82.995010909523572, 39.972622604045526 ], [ -82.995005453135064, 39.972632482394616 ], [ -82.995001276339835, 39.972642723416207 ], [ -82.994998419047079, 39.972653229258889 ], [ -82.994996908558463, 39.972663899540876 ], [ -82.994976930837012, 39.972921519715094 ], [ -82.994916317267723, 39.973703935014434 ], [ -82.994915954836443, 39.973706492136124 ], [ -82.994912611666507, 39.973706465557633 ], [ -82.994858606194043, 39.973703993856923 ], [ -82.994844741926926, 39.973703878394623 ], [ -82.994830928521324, 39.973704798511463 ], [ -82.994817296344422, 39.973706745523593 ], [ -82.994803974053028, 39.973709701055675 ], [ -82.994791087379426, 39.973713637214175 ], [ -82.994778757944673, 39.973718516850681 ], [ -82.994767102110828, 39.973724293912483 ], [ -82.994756229882782, 39.973730913877134 ], [ -82.994746243869983, 39.97373831426718 ], [ -82.994737238318194, 39.973746425239639 ], [ -82.994729298219852, 39.973755170245205 ], [ -82.994722498512004, 39.973764466750694 ], [ -82.99471690336911, 39.973774227018005 ], [ -82.994712565597283, 39.973784358932114 ], [ -82.994709526135921, 39.973794766870419 ], [ -82.994707813671326, 39.97380535260524 ], [ -82.994673725548608, 39.974153300295391 ], [ -82.994673321024095, 39.974155809952592 ], [ -82.994670034075753, 39.974155817332566 ], [ -82.994605180878082, 39.974153558901776 ], [ -82.994590814113693, 39.974153615505223 ], [ -82.994576527536509, 39.974154783081538 ], [ -82.994562465915266, 39.974157049799466 ], [ -82.994548771739218, 39.974160392689889 ], [ -82.994535583774223, 39.97416477787862 ], [ -82.994523035656698, 39.974170160929646 ], [ -82.994511254539461, 39.974176487295445 ], [ -82.994500359803226, 39.974183692869609 ], [ -82.994490461846922, 39.974191704636546 ], [ -82.994481660969001, 39.974200441411284 ], [ -82.994474046351129, 39.974209814662274 ], [ -82.994467695154341, 39.974219729408176 ], [ -82.994462671737352, 39.974230085180722 ], [ -82.994460178023047, 39.974237400517239 ], [ -82.99445956901755, 39.974238897680884 ], [ -82.994457533762883, 39.97423704126512 ], [ -82.994174458842465, 39.973951808682799 ], [ -82.994165602729055, 39.973943723813832 ], [ -82.99415577699601, 39.973936331743147 ], [ -82.994145072744018, 39.973929701007236 ], [ -82.994133589219047, 39.973923893083693 ], [ -82.99412143289203, 39.973918961821319 ], [ -82.994108716471814, 39.973914952940881 ], [ -82.994095557860106, 39.973911903611146 ], [ -82.994082079058444, 39.973909842104284 ], [ -82.994068405036984, 39.973908787533766 ], [ -82.993984946374425, 39.973905462040783 ], [ -82.993657923800981, 39.973892009393936 ], [ -82.993501569070318, 39.97388552902931 ], [ -82.99342689755639, 39.973882432328665 ], [ -82.993423575175626, 39.973882168422641 ], [ -82.993423584997032, 39.973879598704826 ], [ -82.993430646937199, 39.973775144985815 ], [ -82.993430991392174, 39.973772533288198 ], [ -82.993433345201453, 39.973771575390849 ], [ -82.993444861788774, 39.973766343201135 ], [ -82.993455691211395, 39.973760304562333 ], [ -82.993465738366837, 39.973753512505034 ], [ -82.993474915022475, 39.973746026676245 ], [ -82.993483140590385, 39.97373791281553 ], [ -82.993490342835059, 39.973729242177761 ], [ -82.993496458507721, 39.973720090907307 ], [ -82.993501433901827, 39.973710539369357 ], [ -82.993505225324625, 39.973700671444185 ], [ -82.993507799480938, 39.973690573790478 ], [ -82.9935091337654, 39.973680335084325 ], [ -82.993526149443923, 39.973433818924519 ], [ -82.993526187206768, 39.973422748363589 ], [ -82.993524775920932, 39.973411731141461 ], [ -82.993521929932399, 39.973400879244643 ], [ -82.993517678170335, 39.973390302979105 ], [ -82.993512063853132, 39.973380109849018 ], [ -82.993505144048981, 39.973370403464124 ], [ -82.99349698909586, 39.973361282486522 ], [ -82.993487681886521, 39.973352839627729 ], [ -82.993477317025864, 39.973345160706508 ], [ -82.993465999869343, 39.973338323776368 ], [ -82.993461757192875, 39.973336016874008 ], [ -82.993459900266572, 39.973333728263626 ], [ -82.993358362547781, 39.97319353231245 ], [ -82.993356919059138, 39.973191304786951 ], [ -82.993356906628534, 39.973188815773888 ], [ -82.993362194259149, 39.973092066469952 ], [ -82.993362092678993, 39.973081254733302 ], [ -82.993360609584258, 39.973070503094625 ], [ -82.993357759354723, 39.97305991579514 ], [ -82.993353569625057, 39.973049595482706 ], [ -82.993348081016805, 39.973039642216527 ], [ -82.993341346744586, 39.973030152497174 ], [ -82.993333432100101, 39.973021218330899 ], [ -82.993169882349719, 39.972854835810352 ], [ -82.993160954763596, 39.972846619344665 ], [ -82.993151029327208, 39.972839111065284 ], [ -82.993140200452089, 39.972832382391339 ], [ -82.99312857114333, 39.972826497326309 ], [ -82.993116252019604, 39.972821511849219 ], [ -82.993103360261145, 39.972817473382172 ], [ -82.993090018494982, 39.972814420339212 ], [ -82.993076353628609, 39.972812381761059 ], [ -82.993062495642818, 39.972811377038717 ], [ -82.993048576355307, 39.972811415729169 ], [ -82.993034728166904, 39.972812497464361 ], [ -82.993021082802144, 39.972814611954796 ], [ -82.993007770056295, 39.97281773908739 ], [ -82.992994916560818, 39.972821849116649 ], [ -82.992982644578802, 39.972826902947858 ], [ -82.99297107084206, 39.972832852508738 ], [ -82.992960305440661, 39.972839641206733 ], [ -82.99295045077595, 39.972847204467435 ], [ -82.992941600586278, 39.972855470348705 ], [ -82.992933839055553, 39.97286436022501 ], [ -82.992927240012321, 39.972873789535299 ], [ -82.992921866227618, 39.972883668587393 ], [ -82.992917768817762, 39.972893903411055 ], [ -82.992914986758151, 39.972904396651927 ], [ -82.992913546512597, 39.97291504849747 ], [ -82.992841588682253, 39.973922976373629 ], [ -82.992841336367178, 39.973924847565513 ], [ -82.992840790465081, 39.973923013814563 ], [ -82.99278286402884, 39.973673360033096 ], [ -82.992779751488968, 39.973662918809161 ], [ -82.992775331381338, 39.973652760614129 ], [ -82.992769645774388, 39.973642982127565 ], [ -82.992762748780748, 39.973633676415062 ], [ -82.992754706042206, 39.973624932042654 ], [ -82.992658543319507, 39.973530509668237 ], [ -82.992656474599912, 39.973528248724143 ], [ -82.99265648048619, 39.973525483746364 ], [ -82.992726740867397, 39.972504354552861 ], [ -82.992726780518396, 39.972493353250435 ], [ -82.99272538918207, 39.972482404110337 ], [ -82.99272258082523, 39.972471617038771 ], [ -82.992718383638461, 39.972461100315229 ], [ -82.992712839753239, 39.972450959505316 ], [ -82.992706004819013, 39.972441296401236 ], [ -82.992697947444498, 39.97243220800005 ], [ -82.992688748509039, 39.972423785529941 ], [ -82.992678500350721, 39.972416113534521 ], [ -82.992597454132607, 39.97236124585983 ], [ -82.992594966690859, 39.972359385818415 ], [ -82.992594568946757, 39.972356509256734 ], [ -82.992592336409473, 39.972345606642236 ], [ -82.992588692604556, 39.972334931538384 ], [ -82.992583674346861, 39.972324591798163 ], [ -82.992577332337575, 39.972314691886311 ], [ -82.992569730651937, 39.972305331823783 ], [ -82.992560946091899, 39.972296606177302 ], [ -82.992551067410133, 39.97228860310392 ], [ -82.992540194413394, 39.972281403460315 ], [ -82.992528436954046, 39.972275079985998 ], [ -82.992515913820284, 39.972269696568297 ], [ -82.992502751535966, 39.972265307596949 ], [ -82.992489083082319, 39.972261957414581 ], [ -82.992475046554489, 39.972259679868749 ], [ -82.992460783766219, 39.972258497969925 ], [ -82.992458484936463, 39.972258397024753 ], [ -82.992440439839299, 39.972257605327101 ], [ -82.992436811581271, 39.972257299708133 ], [ -82.992434101634728, 39.97225541851968 ], [ -82.992388246609877, 39.972220085795946 ], [ -82.992378967650126, 39.972213540592072 ], [ -82.992368975157362, 39.972207649942796 ], [ -82.991957532728478, 39.971986553130662 ], [ -82.991954665921682, 39.971984838623293 ], [ -82.991953919545708, 39.971984289646599 ], [ -82.991946025662344, 39.971977821851716 ], [ -82.991935687008862, 39.971970839595237 ], [ -82.991924522656149, 39.971964655619352 ], [ -82.991912636333467, 39.971959327379992 ], [ -82.991900138477817, 39.971954904382315 ], [ -82.991887145208011, 39.971951427720754 ], [ -82.991873777245701, 39.971948929697298 ], [ -82.99186015879377, 39.971947433521301 ], [ -82.991846416382472, 39.971946953093848 ], [ -82.991832677693637, 39.971947492878648 ], [ -82.991819070374646, 39.971949047860505 ], [ -82.991805720852199, 39.971951603591926 ], [ -82.991792753157924, 39.971955136327452 ], [ -82.991780287775839, 39.97195961324406 ], [ -82.991768440523018, 39.971964992746344 ], [ -82.9917573214735, 39.971971224852886 ], [ -82.991747033935624, 39.971978251660559 ], [ -82.991737673492139, 39.971986007882656 ], [ -82.991736508463617, 39.971987071781641 ], [ -82.991733406863005, 39.971986035941882 ], [ -82.991228875128527, 39.971794306355775 ], [ -82.991225779203276, 39.971792977876653 ], [ -82.991223087833987, 39.971791202821549 ], [ -82.991202381721067, 39.971776101988759 ], [ -82.991200011968729, 39.971774196477313 ], [ -82.991198808688523, 39.97176904225357 ], [ -82.991198808571767, 39.971769041558531 ], [ -82.991198808361901, 39.971769040854454 ], [ -82.991198790196989, 39.971768963045449 ], [ -82.991198785369122, 39.971768963712648 ], [ -82.991195719553758, 39.971758677768264 ], [ -82.991191342201773, 39.971748592437272 ], [ -82.991185717561123, 39.971738880131966 ], [ -82.991178898372453, 39.971729631920994 ], [ -82.991170948577221, 39.971720934521301 ], [ -82.99116194271798, 39.971712869485124 ], [ -82.991151965239538, 39.971705512435165 ], [ -82.991141109697153, 39.971698932355636 ], [ -82.991129477879198, 39.971693190945324 ], [ -82.990926433080318, 39.971603335541751 ], [ -82.990924947638561, 39.971602687241784 ], [ -82.990678399489866, 39.971496579481254 ], [ -82.990675616921422, 39.971495248979608 ], [ -82.990673005185911, 39.971493727220142 ], [ -82.990589513602544, 39.971440253405163 ], [ -82.990512943849126, 39.971391214915386 ], [ -82.990510520613554, 39.971389504428572 ], [ -82.990512329044833, 39.971387542612547 ], [ -82.990519712792647, 39.971378657132419 ], [ -82.990525954566237, 39.971369267623786 ], [ -82.990530996786816, 39.971359460703233 ], [ -82.990534792941276, 39.971349326837931 ], [ -82.990537308011326, 39.971338959510931 ], [ -82.990538518796498, 39.971328454358904 ], [ -82.990538414128125, 39.971317908289933 ], [ -82.990536994972317, 39.971307418589468 ], [ -82.990534274421123, 39.971297082022936 ], [ -82.990530277571665, 39.97128699394311 ], [ -82.990525041294575, 39.971277247410455 ], [ -82.990518613893968, 39.971267932334726 ], [ -82.990511054661681, 39.971259134645521 ], [ -82.990502433330434, 39.971250935499619 ], [ -82.990442072598299, 39.971198858246318 ], [ -82.990439898235152, 39.971196784323169 ], [ -82.990439945774284, 39.971194120002515 ], [ -82.990468427584815, 39.970847802321821 ], [ -82.990476414849866, 39.970751155564606 ], [ -82.990481055233673, 39.970694568035476 ], [ -82.990485004924679, 39.970646511170628 ], [ -82.990492954452918, 39.970549562977041 ], [ -82.990502263551193, 39.970436362164527 ], [ -82.990502646594891, 39.970433743709052 ], [ -82.990504868718517, 39.970432071859179 ], [ -82.990510628820914, 39.970428141184698 ], [ -82.990520151928266, 39.970420228727349 ], [ -82.990528620356059, 39.970411635696038 ], [ -82.99053595242512, 39.970402444972201 ], [ -82.990542077416762, 39.970392745201984 ], [ -82.990546936254859, 39.970382629941476 ], [ -82.990550482075633, 39.970372196754106 ], [ -82.990552680679613, 39.970361546269707 ], [ -82.990553510861545, 39.970350781214059 ], [ -82.990552964614821, 39.97034000541781 ], [ -82.990551047208683, 39.970329322815253 ], [ -82.990547777137465, 39.970318836441699 ], [ -82.990543185942087, 39.970308647439794 ], [ -82.990537317905876, 39.970298854083971 ], [ -82.990530229627353, 39.970289550832504 ], [ -82.990521989474445, 39.970280827416509 ], [ -82.990514439305954, 39.970274293207723 ], [ -82.990513658902856, 39.970273545878818 ], [ -82.990513714957928, 39.970270879784259 ], [ -82.990522911654423, 39.970163295070847 ], [ -82.990532131366081, 39.970055455092137 ], [ -82.990535291654055, 39.970019293232511 ], [ -82.990535551909034, 39.970008708717749 ], [ -82.990534486218692, 39.969998154111117 ], [ -82.990532104489134, 39.969987727517307 ], [ -82.990528428859037, 39.969977525851036 ], [ -82.990523493493797, 39.969967643936322 ], [ -82.990517344267857, 39.969958173625066 ], [ -82.990510038338456, 39.969949202943305 ], [ -82.990501643614181, 39.969940815272992 ], [ -82.990492238123878, 39.969933088576987 ], [ -82.99048190929129, 39.969926094674449 ], [ -82.990470753122452, 39.969919898573252 ], [ -82.990458873313372, 39.969914557865685 ], [ -82.990446380286144, 39.969910122193255 ], [ -82.990433390162664, 39.969906632785204 ], [ -82.990420023685161, 39.969904122075299 ], [ -82.990406405094035, 39.969902613400428 ], [ -82.990392660973058, 39.96990212078358 ], [ -82.990378919072711, 39.969902648803604 ], [ -82.990365307122886, 39.969904192552598 ], [ -82.990351951645593, 39.969906737681526 ], [ -82.990338976778986, 39.969910260533602 ], [ -82.990326503123512, 39.969914728364209 ], [ -82.990314646620988, 39.969920099645158 ], [ -82.990303517476889, 39.969926324450817 ], [ -82.990293219136007, 39.96993334492204 ], [ -82.99028384732101, 39.969941095804018 ], [ -82.990275489142604, 39.969949505052803 ], [ -82.990229954916614, 39.970000208033539 ], [ -82.990223108292483, 39.970008621066086 ], [ -82.990217277073384, 39.970017475443854 ], [ -82.990212508911142, 39.970026698810756 ], [ -82.990208842770656, 39.970036215795318 ], [ -82.990206308611292, 39.970045948626748 ], [ -82.990204927142202, 39.970055817770266 ], [ -82.990187181878028, 39.970275490609794 ], [ -82.990165640300305, 39.970542165789276 ], [ -82.99014130463577, 39.970843389934423 ], [ -82.990133785211754, 39.97093648272061 ], [ -82.990125700499746, 39.971036449618964 ], [ -82.990117825443804, 39.971133921597897 ], [ -82.990116384093511, 39.971151856939073 ], [ -82.990116013542988, 39.971154424074513 ], [ -82.990112716927953, 39.971154911967631 ], [ -82.989770197238272, 39.971192366972026 ], [ -82.989766415517508, 39.971192622982961 ], [ -82.989762619877169, 39.971192567272624 ], [ -82.989742306537792, 39.971191432304828 ], [ -82.989712924863966, 39.971189789743072 ], [ -82.989341808054817, 39.971169241879814 ], [ -82.989338155588626, 39.971168891883508 ], [ -82.9893348197119, 39.971167695133225 ], [ -82.989267986395291, 39.971140374949066 ], [ -82.989237818468311, 39.971128043901857 ], [ -82.989224660077767, 39.971123309513658 ], [ -82.989210944352564, 39.971119628776094 ], [ -82.989196813384979, 39.971117039820911 ], [ -82.989182413569168, 39.971115569469184 ], [ -82.989086157756162, 39.971109555400815 ], [ -82.988964781770264, 39.971101967862047 ], [ -82.988816687000863, 39.971092712798743 ], [ -82.988803279598102, 39.971091881104002 ], [ -82.988799937632479, 39.971091549127927 ], [ -82.988797139843498, 39.97108972203376 ], [ -82.988785275437564, 39.971082761083437 ], [ -82.988772531314879, 39.97107679121595 ], [ -82.98875904676656, 39.971071877680913 ], [ -82.988744969176338, 39.971068074182284 ], [ -82.988730452409683, 39.971065422291609 ], [ -82.988715655132111, 39.971063950993553 ], [ -82.988493504324254, 39.971050897446297 ], [ -82.988486308515746, 39.971050189892004 ], [ -82.988309826103773, 39.971025761939501 ], [ -82.988228020864724, 39.971014438414706 ], [ -82.988224231576439, 39.971013747121006 ], [ -82.988220563322812, 39.971012741028993 ], [ -82.988122304531259, 39.970981023518682 ], [ -82.988108076091834, 39.970977098504136 ], [ -82.988093387916692, 39.970974353340587 ], [ -82.987832616654032, 39.970936740342118 ], [ -82.987711852642533, 39.970919314595186 ], [ -82.986872554188295, 39.970798233988489 ], [ -82.98680398321936, 39.970788341189305 ], [ -82.986682550586806, 39.970770822867372 ], [ -82.986671067399683, 39.970769535576835 ], [ -82.986659486243781, 39.970768970357007 ], [ -82.986634979668722, 39.970768542634197 ], [ -82.986622036242196, 39.970768768675242 ], [ -82.986609172699787, 39.970769896289248 ], [ -82.986596494903992, 39.970771916196362 ], [ -82.98658410718879, 39.970774811773417 ], [ -82.986572111500877, 39.970778559190819 ], [ -82.986569115418519, 39.970779619372088 ], [ -82.986565683090021, 39.970779468285315 ], [ -82.986403498022582, 39.970766194831953 ], [ -82.985667142850417, 39.970705921518579 ], [ -82.98565339250402, 39.970705310210356 ], [ -82.985639629604009, 39.970705721587052 ], [ -82.985632930771871, 39.970706423623128 ], [ -82.98562957219481, 39.970706641537348 ], [ -82.985626132332413, 39.97070606515846 ], [ -82.98548581964279, 39.970676861354256 ], [ -82.985456929730361, 39.970670848542134 ], [ -82.985378060290913, 39.970654432148336 ], [ -82.98537489186144, 39.970653647078088 ], [ -82.985372770250251, 39.970651673606554 ], [ -82.985337217920986, 39.970615219373478 ], [ -82.985191411704051, 39.970465708059031 ], [ -82.985136211967998, 39.970409102163003 ], [ -82.985134211611339, 39.970406816458109 ], [ -82.985134284057565, 39.970404061435254 ], [ -82.985149367310314, 39.97024157218636 ], [ -82.985149670744633, 39.970230587964231 ], [ -82.985148546038374, 39.970219635394159 ], [ -82.985146004451792, 39.970208824124285 ], [ -82.985142071429834, 39.970198262388067 ], [ -82.98513678634724, 39.970188055920786 ], [ -82.985130202114433, 39.97017830690109 ], [ -82.985122384647724, 39.970169112927913 ], [ -82.985113412209444, 39.970160566043567 ], [ -82.985103374624444, 39.970152751812208 ], [ -82.985092372380777, 39.970145748463239 ], [ -82.98503037525343, 39.970110149499455 ], [ -82.984909552147187, 39.970040770127902 ], [ -82.98490690065438, 39.970039085545174 ], [ -82.984906240634004, 39.970036489024444 ], [ -82.984818307125565, 39.969570031641965 ], [ -82.984815845269807, 39.969560170682584 ], [ -82.984812222958581, 39.969550523988133 ], [ -82.984807470483119, 39.969541172226883 ], [ -82.984801627585369, 39.969532193600848 ], [ -82.984794743125633, 39.969523663191701 ], [ -82.984786874673944, 39.969515652333001 ], [ -82.984784723512064, 39.969513834698333 ], [ -82.984781846911829, 39.969511131580582 ], [ -82.984781177575613, 39.969508519843941 ], [ -82.984763290779426, 39.969414632401481 ], [ -82.984745701794182, 39.969322202949307 ], [ -82.984727126786339, 39.969224583756159 ], [ -82.984709103562679, 39.969130200791248 ], [ -82.984691330192831, 39.969036924413523 ], [ -82.984673679711648, 39.968944234060253 ], [ -82.984671328258074, 39.968931888997375 ], [ -82.984655184284691, 39.968846850854504 ], [ -82.984637113123767, 39.968751659386633 ], [ -82.98461923367168, 39.968657477594228 ], [ -82.984618913632346, 39.968654922240148 ], [ -82.984622185155672, 39.968654418118241 ], [ -82.984669416959349, 39.968648974608605 ], [ -82.984832627224023, 39.968630165799517 ], [ -82.985146430653089, 39.968594001732214 ], [ -82.985149850074649, 39.968593739184357 ], [ -82.985152062442239, 39.968595138339204 ], [ -82.985163314355503, 39.968601568795343 ], [ -82.98517533182735, 39.968607118969551 ], [ -82.985187998937462, 39.968611735324941 ], [ -82.985201193499009, 39.968615373332099 ], [ -82.985214788237343, 39.968617997898853 ], [ -82.985228652017625, 39.968619583708609 ], [ -82.985242651109814, 39.968620115464617 ], [ -82.985256650478618, 39.968619588037598 ], [ -82.9852705150861, 39.968618006515101 ], [ -82.985284111194218, 39.9686153861525 ], [ -82.98529730765496, 39.968611752225783 ], [ -82.985309977175305, 39.968607139787871 ], [ -82.985321997545213, 39.968601593330263 ], [ -82.985333252816403, 39.968595166354099 ], [ -82.985343634420815, 39.968587920853921 ], [ -82.985353042217895, 39.968579926719777 ], [ -82.985361385460465, 39.968571261062976 ], [ -82.98536858367018, 39.9685620074723 ], [ -82.985374567413686, 39.96855225520769 ], [ -82.985379278972488, 39.96854209833927 ], [ -82.985382672899547, 39.968531634839941 ], [ -82.985384716457787, 39.968520965640231 ], [ -82.985385017281587, 39.968518591722756 ], [ -82.985386735025457, 39.968517885179196 ], [ -82.985395687788454, 39.968514627623861 ], [ -82.985407696976807, 39.968509090343865 ], [ -82.985418943210504, 39.968502674297419 ], [ -82.98542931825169, 39.968495441234992 ], [ -82.985438722247324, 39.968487460770334 ], [ -82.985447064690149, 39.968478809710433 ], [ -82.985454265289775, 39.968469571316326 ], [ -82.985460254745462, 39.968459834501765 ], [ -82.985464975412981, 39.968449692977359 ], [ -82.985468381859519, 39.968439244348829 ], [ -82.985470441300777, 39.96842858917752 ], [ -82.985471133916619, 39.968417830012541 ], [ -82.985470453041671, 39.968407070403877 ], [ -82.985468405229568, 39.968396413905687 ], [ -82.985465010189756, 39.968385963079768 ], [ -82.985460300597865, 39.968375818508349 ], [ -82.985454321781091, 39.968366077826161 ], [ -82.985447131282072, 39.968356834780707 ], [ -82.985438798304969, 39.968348178330075 ], [ -82.985429403049395, 39.968340191786716 ], [ -82.985419035938648, 39.968332952015636 ], [ -82.985407796749314, 39.968326528694696 ], [ -82.98539579365108, 39.968320983643892 ], [ -82.985383142165588, 39.968316370230561 ], [ -82.985369964054769, 39.968312732855544 ], [ -82.985356386148808, 39.968310106526097 ], [ -82.98534957088971, 39.968309058740957 ], [ -82.985346972570312, 39.968306618479154 ], [ -82.985337587265363, 39.968298636547779 ], [ -82.985327231378818, 39.968291399995216 ], [ -82.985316004421023, 39.968284978357779 ], [ -82.985304014272387, 39.968279433341145 ], [ -82.98529137614679, 39.968274818227563 ], [ -82.985278211484427, 39.968271177363803 ], [ -82.985264646784927, 39.968268545734979 ], [ -82.98525081239184, 39.968266948628532 ], [ -82.985236841240223, 39.968266401391055 ], [ -82.985222867579139, 39.968266909280977 ], [ -82.98520902568184, 39.968268467417957 ], [ -82.985195448555444, 39.968271060829863 ], [ -82.985182266662903, 39.968274664596485 ], [ -82.985169606669444, 39.968279244089189 ], [ -82.985157590225398, 39.968284755303451 ], [ -82.985146332797271, 39.968291145281874 ], [ -82.985135942558259, 39.968298352622966 ], [ -82.985126519348853, 39.968306308071085 ], [ -82.985118153717309, 39.968314935182079 ], [ -82.985110926049771, 39.968324151057658 ], [ -82.98510490579767, 39.968333867142043 ], [ -82.98510346913983, 39.968336925654881 ], [ -82.985101632258917, 39.968340302283416 ], [ -82.985098270497744, 39.968340794573102 ], [ -82.984568056631957, 39.968397766263188 ], [ -82.984567342669123, 39.968397844392641 ], [ -82.984527660624025, 39.968402265553863 ], [ -82.98452434278299, 39.968402508519141 ], [ -82.984523686241047, 39.968399994377087 ], [ -82.984505457382198, 39.968306797050417 ], [ -82.984495613381938, 39.968256462796731 ], [ -82.984486848270791, 39.968211651004005 ], [ -82.984468644874582, 39.968118584855837 ], [ -82.984450447605354, 39.968025547624222 ], [ -82.984431098520304, 39.967926614490963 ], [ -82.984412640441363, 39.967832251643102 ], [ -82.98439517733101, 39.967742957605651 ], [ -82.984376240956479, 39.967646136676052 ], [ -82.984357731847595, 39.967551505742364 ], [ -82.984339406444633, 39.967457812916315 ], [ -82.984336337243278, 39.967446327671347 ], [ -82.984331693880662, 39.967435159727977 ], [ -82.984325529305096, 39.96742443643258 ], [ -82.984317913810955, 39.967414280061313 ], [ -82.984315898006642, 39.967412153346437 ], [ -82.984312369340373, 39.967408056429363 ], [ -82.984311707001183, 39.967405436624944 ], [ -82.984236618748, 39.967004132791494 ], [ -82.984236301970824, 39.967001550380061 ], [ -82.984240623973591, 39.966999769082392 ], [ -82.984252548696915, 39.966994262851898 ], [ -82.984263720246631, 39.966987889658938 ], [ -82.98427403252694, 39.966980710029539 ], [ -82.984283387602574, 39.966972792148539 ], [ -82.984291696628958, 39.966964211211867 ], [ -82.984298880695832, 39.966955048712478 ], [ -82.984304871576796, 39.966945391666329 ], [ -82.98430961237716, 39.966935331786104 ], [ -82.984313058074264, 39.966924964610087 ], [ -82.984315175945056, 39.966914388594944 ], [ -82.984315945876801, 39.966903704180581 ], [ -82.984315360558128, 39.966893012836415 ], [ -82.984313425548407, 39.966882416097505 ], [ -82.984310159224918, 39.966872014600526 ], [ -82.984305592608308, 39.966861907127814 ], [ -82.984299769068002, 39.966852189669346 ], [ -82.984292743910274, 39.966842954511193 ], [ -82.984284583852954, 39.966834289358943 ], [ -82.984275366391927, 39.966826276504847 ], [ -82.984265179064977, 39.966818992046427 ], [ -82.984254118620598, 39.96681250516351 ], [ -82.98424229009909, 39.966806877461437 ], [ -82.984229805835028, 39.966802162386031 ], [ -82.984216784390426, 39.966798404715945 ], [ -82.984203349428824, 39.966795640137406 ], [ -82.984189628540818, 39.966793894905344 ], [ -82.984175752032357, 39.966793185594071 ], [ -82.984161851687318, 39.966793518939873 ], [ -82.98416037620413, 39.966793609846881 ], [ -82.984157577153525, 39.966793697239758 ], [ -82.984154777836565, 39.966793615052822 ], [ -82.984147655111499, 39.966793189538812 ], [ -82.984144872854444, 39.966792938280619 ], [ -82.984142124877863, 39.966792519506456 ], [ -82.984135176865379, 39.966791240237256 ], [ -82.984132480177806, 39.966790656538969 ], [ -82.984129851470144, 39.966789911529446 ], [ -82.984123249921467, 39.96678781012794 ], [ -82.984120705464079, 39.966786908418257 ], [ -82.984118261005563, 39.966785855589627 ], [ -82.984112169107448, 39.96678298400132 ], [ -82.984109839777844, 39.966781786570067 ], [ -82.984107639994178, 39.966780451947685 ], [ -82.984102208334974, 39.966776881156719 ], [ -82.98410015171288, 39.966775417603706 ], [ -82.984098250981489, 39.966773834178767 ], [ -82.984093613828705, 39.966769652453181 ], [ -82.984091880752629, 39.96676795895668 ], [ -82.984090326058435, 39.966766165870517 ], [ -82.984086598039696, 39.966761476580352 ], [ -82.984085231350221, 39.966759595002642 ], [ -82.984084061124307, 39.966757636579388 ], [ -82.984081334393835, 39.966752555641229 ], [ -82.984080367874625, 39.966750532493919 ], [ -82.984079611044152, 39.96674845714471 ], [ -82.984077933642197, 39.966743047714338 ], [ -82.984076873038788, 39.966738938364884 ], [ -82.984006353151372, 39.96639807122579 ], [ -82.984005971459709, 39.966395365229452 ], [ -82.984005964586572, 39.966394750993466 ], [ -82.984005244303745, 39.966384637610929 ], [ -82.984003316005683, 39.966374618320081 ], [ -82.984000196099487, 39.966364778368266 ], [ -82.983995911130833, 39.966355201477064 ], [ -82.983990497558068, 39.966345969129691 ], [ -82.983984001442039, 39.966337159877888 ], [ -82.983976478054132, 39.966328848673555 ], [ -82.983967991406018, 39.966321106230964 ], [ -82.983967815731376, 39.966320960196406 ], [ -82.983967150627635, 39.966320304720938 ], [ -82.983966293073451, 39.966319285037279 ], [ -82.983965633981612, 39.966316802317209 ], [ -82.983954442454248, 39.966261651155556 ], [ -82.983953955400139, 39.966258743524939 ], [ -82.98395059641976, 39.966233361397556 ], [ -82.983939324883465, 39.966148201718077 ], [ -82.983927181995369, 39.966056432796712 ], [ -82.983911907222691, 39.965941016611616 ], [ -82.983908650848321, 39.965916413645523 ], [ -82.983908530742667, 39.965915415972312 ], [ -82.983896180391213, 39.96580151922371 ], [ -82.983881489502409, 39.965666043249172 ], [ -82.983877292737787, 39.965627346393617 ], [ -82.983877191400268, 39.965626288851986 ], [ -82.98386897835104, 39.965527589647927 ], [ -82.983862426256209, 39.965448849648098 ], [ -82.983860851151846, 39.965438163355003 ], [ -82.983857924998659, 39.965427646882993 ], [ -82.983853675867735, 39.965417401116341 ], [ -82.983849930490578, 39.96541071336987 ], [ -82.983849122111863, 39.965409062394208 ], [ -82.98384855122616, 39.96540649086338 ], [ -82.98380334911802, 39.965121418344395 ], [ -82.98380297195078, 39.965119223904374 ], [ -82.98378449448488, 39.965019464578234 ], [ -82.983784177743303, 39.965016843828387 ], [ -82.983784801270843, 39.965016128787475 ], [ -82.98379208423772, 39.965006810686262 ], [ -82.98379813380501, 39.964996984015087 ], [ -82.983802890652015, 39.964986745132855 ], [ -82.983804122986484, 39.964982940583482 ], [ -82.98380657877874, 39.964976661400243 ], [ -82.983808870339161, 39.964971663625803 ], [ -82.983812278338888, 39.964960841138335 ], [ -82.983814244301584, 39.964949808705143 ], [ -82.983814748009053, 39.964938679788801 ], [ -82.983813784281665, 39.964927568844104 ], [ -82.983811363031506, 39.964916590141002 ], [ -82.983809500776729, 39.964910146639497 ], [ -82.983796938030878, 39.964853963987309 ], [ -82.983790915841269, 39.964827031031227 ], [ -82.983790588671653, 39.964825426075137 ], [ -82.983784442204779, 39.964792056062109 ], [ -82.983783939677764, 39.964789333604045 ], [ -82.983754582691674, 39.964629970350231 ], [ -82.983700014789505, 39.964333751134731 ], [ -82.983699709312006, 39.964331204921002 ], [ -82.983702966010682, 39.964330696376344 ], [ -82.983741807042605, 39.964326134678267 ], [ -82.983933854241826, 39.964303581123794 ], [ -82.984124338705925, 39.964281209637683 ], [ -82.984313800025618, 39.964258959396467 ], [ -82.984317208550763, 39.96425869075415 ], [ -82.984321402076759, 39.964262639053743 ], [ -82.984330776951722, 39.964270631599028 ], [ -82.984341123990447, 39.964277879255548 ], [ -82.984352343716338, 39.964284312344063 ], [ -82.984364328262672, 39.964289869016525 ], [ -82.984376962409613, 39.964294495850893 ], [ -82.98439012469197, 39.964298148364477 ], [ -82.984403688566971, 39.964300791441893 ], [ -82.984417523630825, 39.96430239967242 ], [ -82.984431496872489, 39.964302957594469 ], [ -82.984445473952491, 39.964302459844141 ], [ -82.984459320494409, 39.964300911206827 ], [ -82.984472903376869, 39.964298326571189 ], [ -82.984486092013341, 39.964294730786094 ], [ -82.984498759607689, 39.964290158421555 ], [ -82.984510784373128, 39.96428465343655 ], [ -82.984522050703163, 39.964278268756246 ], [ -82.984532450283012, 39.964271065763242 ], [ -82.98454188313093, 39.964263113707389 ], [ -82.984550258559537, 39.964254489040087 ], [ -82.984557496047515, 39.964245274679179 ], [ -82.984563526013943, 39.964235559211851 ], [ -82.984565239673259, 39.964231918166817 ], [ -82.984566930861575, 39.964228811375285 ], [ -82.984570277836838, 39.964228311647524 ], [ -82.984749692203494, 39.964208499909439 ], [ -82.984933623714113, 39.964188189556573 ], [ -82.98507301507864, 39.964172797831459 ], [ -82.98511469311353, 39.964168195175503 ], [ -82.985291642648164, 39.964148653049804 ], [ -82.985295095186331, 39.964148403801893 ], [ -82.985296252782859, 39.964148584816648 ], [ -82.985310217009669, 39.964150219512241 ], [ -82.985324322851241, 39.964150783916494 ], [ -82.985338432105038, 39.964150272499602 ], [ -82.985352406535043, 39.964148690272218 ], [ -82.985366109226291, 39.96414605273624 ], [ -82.985379405926125, 39.964142385733041 ], [ -82.985392166359745, 39.964137725190213 ], [ -82.985393905489673, 39.964137006792662 ], [ -82.985397290016138, 39.964136479182258 ], [ -82.985548962348432, 39.964118710548426 ], [ -82.98572909517064, 39.964097607724625 ], [ -82.98590522766429, 39.964076972338717 ], [ -82.986032613961839, 39.964062048001765 ], [ -82.986068641417106, 39.964057827501129 ], [ -82.986107973122898, 39.964053222561859 ], [ -82.986164514406624, 39.964046598936307 ], [ -82.986327040434418, 39.964027567342399 ], [ -82.986502778043288, 39.964006964710101 ], [ -82.986679853097513, 39.963986218783916 ], [ -82.986680694044423, 39.96398612419857 ], [ -82.986680904656922, 39.963986101494946 ], [ -82.986682594630196, 39.963985911377549 ], [ -82.986850436910402, 39.963966239337999 ], [ -82.987025128661685, 39.963945764608766 ], [ -82.987028564086103, 39.963945494110746 ], [ -82.987030961075902, 39.963946473766498 ], [ -82.987043608065036, 39.963951046519178 ], [ -82.987056775638735, 39.963954645545229 ], [ -82.987070337535712, 39.963957236334295 ], [ -82.987084163713575, 39.963958794043727 ], [ -82.987098121595722, 39.96395930373702 ], [ -82.987112077342658, 39.963958760526808 ], [ -82.987125897135385, 39.963957169621821 ], [ -82.987139448458535, 39.963954546276923 ], [ -82.987152601371093, 39.963950915646905 ], [ -82.98716522975235, 39.963946312545154 ], [ -82.987177212511341, 39.963940781109898 ], [ -82.987188434747893, 39.963934374381068 ], [ -82.987198788854414, 39.96392715379141 ], [ -82.987199082478369, 39.963926927918322 ], [ -82.987202463487151, 39.963926410985628 ], [ -82.987408957369084, 39.963902875854544 ], [ -82.987418780816427, 39.963901756006528 ], [ -82.987618847283329, 39.963878951726819 ], [ -82.987620987666361, 39.963878709561101 ], [ -82.987760042407288, 39.963862988105113 ], [ -82.987761857770508, 39.963862782009784 ], [ -82.988029454350254, 39.963832208466705 ], [ -82.988261254689561, 39.963805723879872 ], [ -82.988422863877958, 39.963787311043966 ], [ -82.988426329008703, 39.963787049134147 ], [ -82.988426361540846, 39.963787051606083 ], [ -82.98844009845503, 39.963788622275047 ], [ -82.988454085132275, 39.963789153723766 ], [ -82.988468072156962, 39.963788627717236 ], [ -82.988481924830523, 39.963787049321006 ], [ -82.988495509748262, 39.963784433735455 ], [ -82.988508696084011, 39.963780806149295 ], [ -82.9885213568502, 39.963776201497105 ], [ -82.988524498932307, 39.963774753191871 ], [ -82.988529034430925, 39.963772888987037 ], [ -82.988532441752895, 39.96377236832533 ], [ -82.988705732081684, 39.963752632520325 ], [ -82.988926796584678, 39.96372745709435 ], [ -82.98912250100831, 39.963705168804864 ], [ -82.989123557736676, 39.963705048907286 ], [ -82.989320311717847, 39.963682659514198 ], [ -82.989323188357986, 39.963682332709169 ], [ -82.989863790281603, 39.963620740386936 ], [ -82.989867467508432, 39.963620452492158 ], [ -82.989870837042474, 39.963622574172078 ], [ -82.98987459963864, 39.963625192553039 ], [ -82.989885828728205, 39.963631589364276 ], [ -82.989897816935908, 39.963637110547623 ], [ -82.98991044934435, 39.963641703177636 ], [ -82.989923604860849, 39.963645323229926 ], [ -82.989937157378137, 39.963647936003042 ], [ -82.989950976983394, 39.963649516451262 ], [ -82.989964931203389, 39.963650049424601 ], [ -82.989978886274528, 39.963649529814006 ], [ -82.989992708425049, 39.963647962600433 ], [ -82.990006265157348, 39.963645362807 ], [ -82.990019426518145, 39.963641755355034 ], [ -82.990032066344213, 39.963637174825145 ], [ -82.990044063471714, 39.963631665125796 ], [ -82.990055302897773, 39.963625279072296 ], [ -82.990065676882821, 39.963618077880618 ], [ -82.990075085983364, 39.963610130580413 ], [ -82.990083440005307, 39.963601513353595 ], [ -82.990085453271618, 39.963599209349915 ], [ -82.990088816661, 39.963598702157803 ], [ -82.990536224632464, 39.963548626659943 ], [ -82.99054058544084, 39.963548135495714 ], [ -82.990680010041004, 39.963532450922479 ], [ -82.990971286094066, 39.963499680555749 ], [ -82.990974675060116, 39.963499429095506 ], [ -82.99097468600381, 39.96349943938462 ], [ -82.990982878929742, 39.963507961941794 ], [ -82.990992275551619, 39.963515958845278 ], [ -82.991002646021954, 39.963523208137239 ], [ -82.991013890370056, 39.963529639934777 ], [ -82.99102590020108, 39.963535192235632 ], [ -82.991038559740858, 39.963539811515787 ], [ -82.991051746951911, 39.963543453245578 ], [ -82.991065334710058, 39.96354608231885 ], [ -82.99107919202973, 39.963547673391361 ], [ -82.99109318532679, 39.963548211125286 ], [ -82.991107179706233, 39.963547690336831 ], [ -82.991121040262641, 39.963546116046416 ], [ -82.991134633380668, 39.963543503430181 ], [ -82.991147828023102, 39.963539877673576 ], [ -82.99116049699407, 39.963535273728858 ], [ -82.991172518165214, 39.963529735977865 ], [ -82.991183775653028, 39.963523317804317 ], [ -82.991194160935976, 39.963516081079199 ], [ -82.991203573900663, 39.963508095564208 ], [ -82.991211923806816, 39.96349943823936 ], [ -82.991219130162179, 39.963490192560876 ], [ -82.99122512349831, 39.963480447656607 ], [ -82.991225531203199, 39.963479690711871 ], [ -82.99122885930322, 39.963479172523783 ], [ -82.991419689980788, 39.963456868824458 ], [ -82.991629986772764, 39.963432296377349 ], [ -82.992390407398844, 39.963343413773451 ], [ -82.992910256793209, 39.963282660908078 ], [ -82.993608677203824, 39.963201032919748 ], [ -82.994352359261214, 39.963114077490914 ], [ -82.994355802365916, 39.9631138072724 ], [ -82.99436175524518, 39.96311569013843 ], [ -82.994362718770333, 39.963116038421653 ], [ -82.994375937007916, 39.963119645913544 ], [ -82.994389551615924, 39.963122237511904 ], [ -82.994403431080997, 39.963123788182635 ], [ -82.994417441331365, 39.96312428294668 ], [ -82.994431447031914, 39.963123717024743 ], [ -82.994445312891401, 39.963122095883506 ], [ -82.994458904969505, 39.963119435182712 ], [ -82.99447209197055, 39.963115760623978 ], [ -82.994484746511858, 39.963111107702566 ], [ -82.99449674635423, 39.963105521364341 ], [ -82.994507975582735, 39.963099055571767 ], [ -82.994509554343253, 39.963098049716798 ], [ -82.994512950417842, 39.963097521651299 ], [ -82.995152880598752, 39.963023012310401 ], [ -82.995266964057649, 39.963009727219642 ], [ -82.995379309886644, 39.962996645993734 ], [ -82.995382797542774, 39.962996374676024 ], [ -82.995383957176628, 39.962996461447872 ], [ -82.995395381447338, 39.962997761974741 ], [ -82.995409317388621, 39.962998288478218 ], [ -82.995423253534369, 39.962997765189094 ], [ -82.995437056648555, 39.962996197110272 ], [ -82.995450594766993, 39.962993599233364 ], [ -82.995463738459065, 39.962989996395187 ], [ -82.99546886123133, 39.962988140487205 ], [ -82.995472681311583, 39.962986927763438 ], [ -82.995476078465941, 39.962986408771627 ], [ -82.996143959171263, 39.962910224190921 ], [ -82.996147293016946, 39.962909971430875 ], [ -82.996148650736387, 39.962913371593494 ], [ -82.996149753451618, 39.962916705575147 ], [ -82.996154513959183, 39.962926826307225 ], [ -82.996160539263073, 39.962936539781197 ], [ -82.996167771471946, 39.962945752668958 ], [ -82.996176141098331, 39.962954376451933 ], [ -82.996185567726272, 39.962962328271772 ], [ -82.996195960783837, 39.962969531726372 ], [ -82.996207220413481, 39.962975917604027 ], [ -82.996219238431394, 39.962981424548381 ], [ -82.99623189936699, 39.962985999647955 ], [ -82.996245081572397, 39.962989598944574 ], [ -82.996258658391213, 39.96299218785569 ], [ -82.996272499375479, 39.962993741506708 ], [ -82.996286471539094, 39.962994244969899 ], [ -82.996300440635494, 39.962993693407945 ], [ -82.996314272447663, 39.962992092120324 ], [ -82.99632783407759, 39.962989456492416 ], [ -82.996340995223264, 39.962985811847723 ], [ -82.996353629430629, 39.962981193204484 ], [ -82.996365615308619, 39.96297564493927 ], [ -82.996376837695465, 39.96296922036052 ], [ -82.996387188765212, 39.962961981196464 ], [ -82.996396569063691, 39.962953997001939 ], [ -82.996404888464184, 39.962945344490066 ], [ -82.996412067033262, 39.962936106795254 ], [ -82.996418035798825, 39.962926372674389 ], [ -82.996422737412828, 39.962916235653985 ], [ -82.99642612670219, 39.962905793131718 ], [ -82.996428171102835, 39.96289514544042 ], [ -82.996428850972592, 39.962884394884242 ], [ -82.996428848617711, 39.962879923395228 ], [ -82.996432130529243, 39.962879409642902 ], [ -82.99676266946156, 39.962840513456207 ], [ -82.997085702166132, 39.962802486356495 ], [ -82.99708917445723, 39.962802211599687 ], [ -82.997090508715715, 39.962802412829831 ], [ -82.997101443335765, 39.96280449822995 ], [ -82.997115351308565, 39.962806054663076 ], [ -82.997129390796246, 39.962806550778595 ], [ -82.997143425613004, 39.962805981764056 ], [ -82.997157319618324, 39.962804353139056 ], [ -82.997170938037669, 39.962801680701531 ], [ -82.997184148769705, 39.962797990374717 ], [ -82.997196823667849, 39.962793317955423 ], [ -82.997203046830606, 39.962790726562218 ], [ -82.997206372600957, 39.962790213281551 ], [ -82.997644166183022, 39.962739704160484 ], [ -82.997866369921624, 39.962714065405486 ], [ -82.997869697756784, 39.962713809174154 ], [ -82.997870353008253, 39.962716332844742 ], [ -82.997968227069407, 39.963221185786963 ], [ -82.997968569519713, 39.963223838886144 ], [ -82.997968309958452, 39.9632244992195 ], [ -82.997964910343768, 39.963234984867491 ], [ -82.997962866703602, 39.963245676882195 ], [ -82.99796219883406, 39.963256471696631 ], [ -82.997962913205001, 39.963267264748048 ], [ -82.997965002897416, 39.963277951490724 ], [ -82.997968447670345, 39.963288428408639 ], [ -82.997973214156929, 39.963298594018141 ], [ -82.997979256187605, 39.963308349851047 ], [ -82.997982281806415, 39.963312205960236 ], [ -82.997984218930881, 39.963314971527367 ], [ -82.997984908735319, 39.963317588040923 ], [ -82.998018468674104, 39.963487174491952 ], [ -82.998084170612231, 39.963819156220261 ], [ -82.998084510625858, 39.963821706695803 ], [ -82.998081249135666, 39.963822231054969 ], [ -82.997427681414848, 39.963901877896767 ], [ -82.99742421818685, 39.963902166035233 ], [ -82.997420856102039, 39.96390140200576 ], [ -82.997407337723743, 39.963898874060497 ], [ -82.997393563690082, 39.963897371025126 ], [ -82.997379664912017, 39.96389690718474 ], [ -82.997365773486052, 39.963897486947801 ], [ -82.997352021438886, 39.963899104804113 ], [ -82.99733853947248, 39.963901745377271 ], [ -82.997325455721978, 39.963905383570804 ], [ -82.99731289453787, 39.963909984806598 ], [ -82.997302745813684, 39.963914685319416 ], [ -82.997301866545072, 39.96391504862526 ], [ -82.997298474602857, 39.963915576005853 ], [ -82.997164722772183, 39.963931180402632 ], [ -82.996972220665199, 39.963953687679371 ], [ -82.996647018160886, 39.963991674925545 ], [ -82.996643682783045, 39.963991936083794 ], [ -82.996643033705539, 39.96398940512502 ], [ -82.996642993889765, 39.963989196174992 ], [ -82.996640233856155, 39.963978466670845 ], [ -82.99663610031061, 39.963968001682829 ], [ -82.996630634266666, 39.963957905044317 ], [ -82.99662388995884, 39.96394827693387 ], [ -82.996615934304415, 39.963939212881272 ], [ -82.996606846239601, 39.963930802819775 ], [ -82.996596715936178, 39.963923130193635 ], [ -82.996585643906926, 39.963916271130337 ], [ -82.99657374000823, 39.96391029368521 ], [ -82.996561122350215, 39.96390525716614 ], [ -82.996547916124754, 39.963901211545227 ], [ -82.996534252363404, 39.963898196962916 ], [ -82.996520266637276, 39.963896243329742 ], [ -82.996506097712029, 39.963895370029512 ], [ -82.996491886170887, 39.963895585727066 ], [ -82.996477773019961, 39.963896888282292 ], [ -82.996463898289178, 39.963899264771293 ], [ -82.996450399642811, 39.963902691614663 ], [ -82.996437411013801, 39.963907134811471 ], [ -82.996425061274749, 39.963912550276525 ], [ -82.996413472959262, 39.963918884277867 ], [ -82.996402761046298, 39.963926073969866 ], [ -82.996393031819252, 39.963934048016633 ], [ -82.996384381811453, 39.963942727300093 ], [ -82.996376896848361, 39.963952025704721 ], [ -82.996370651195988, 39.963961850971984 ], [ -82.996365706824079, 39.963972105615966 ], [ -82.996362112791104, 39.963982687890329 ], [ -82.996359904757611, 39.963993492797968 ], [ -82.996359104632333, 39.964004413132777 ], [ -82.996359720354761, 39.964015340543355 ], [ -82.996360295053421, 39.96402007391022 ], [ -82.996357013786209, 39.964020563814124 ], [ -82.996204790814986, 39.964037377735131 ], [ -82.996191231529423, 39.96403939492258 ], [ -82.996177989147313, 39.964042411228569 ], [ -82.996165187696974, 39.96404639840236 ], [ -82.996152947077022, 39.964051319100044 ], [ -82.996141381933356, 39.964057127234284 ], [ -82.996130600585502, 39.964063768406028 ], [ -82.996120704011986, 39.964071180413924 ], [ -82.996111784904599, 39.964079293836939 ], [ -82.996103926800274, 39.964088032684579 ], [ -82.996097203298646, 39.964097315108553 ], [ -82.996091677372675, 39.964107054169403 ], [ -82.99608740077889, 39.964117158650723 ], [ -82.996084413572603, 39.964127533913562 ], [ -82.9960827437327, 39.964138082782782 ], [ -82.996082406899532, 39.964148706457181 ], [ -82.996083406228564, 39.964159305434869 ], [ -82.996085732360626, 39.964169780445232 ], [ -82.996089363509569, 39.964180033378724 ], [ -82.996094265666443, 39.964189968205694 ], [ -82.996100392917839, 39.964199491875959 ], [ -82.996107687875963, 39.96420851519003 ], [ -82.996116082216119, 39.964216953634981 ], [ -82.996125497316655, 39.964224728175644 ], [ -82.996135844995308, 39.964231765995002 ], [ -82.996147028335074, 39.964238001176298 ], [ -82.996158942592061, 39.964243375320251 ], [ -82.996165202843173, 39.964245894215765 ], [ -82.996165856825698, 39.964248419524914 ], [ -82.996175136971473, 39.964296464151452 ], [ -82.996175478243998, 39.964299121134246 ], [ -82.996174918089707, 39.96430129546745 ], [ -82.996172905529235, 39.964311697533084 ], [ -82.996172195437083, 39.964322200039867 ], [ -82.996172794327435, 39.96433270664896 ], [ -82.996174696707328, 39.964343120983806 ], [ -82.996177885126897, 39.964353347514354 ], [ -82.996182330339508, 39.964363292433106 ], [ -82.996187991569926, 39.964372864515809 ], [ -82.996194816888462, 39.964381975958148 ], [ -82.996202743687135, 39.964390543181224 ], [ -82.996211699254133, 39.964398487598203 ], [ -82.996221601440624, 39.964405736335216 ], [ -82.996232359414449, 39.964412222899817 ], [ -82.996243874493217, 39.964417887790908 ], [ -82.996256041049548, 39.964422679044596 ], [ -82.996268747480002, 39.964426552710819 ], [ -82.996281877228867, 39.964429473256509 ], [ -82.996295309857217, 39.964431413891596 ], [ -82.996308922147804, 39.964432356814612 ], [ -82.996322589235348, 39.964432293376191 ], [ -82.996336185751886, 39.964431224158211 ], [ -82.996423376372817, 39.964421101390904 ], [ -82.996426706139658, 39.964420842749959 ], [ -82.996427361173971, 39.964423368144892 ], [ -82.996491525724693, 39.964754868527557 ], [ -82.996491868888512, 39.964757532046221 ], [ -82.996491507325018, 39.964760381418181 ], [ -82.996490832187334, 39.964771267393751 ], [ -82.996491562781088, 39.964782151249096 ], [ -82.996493691910061, 39.964792925769459 ], [ -82.996497198601219, 39.964803484817168 ], [ -82.996502048311442, 39.964813724376974 ], [ -82.996508193267715, 39.964823543580927 ], [ -82.996511688643665, 39.964828485396914 ], [ -82.996512319606381, 39.964830946715168 ], [ -82.99651256756438, 39.964832248092058 ], [ -82.996515227675289, 39.964842669004618 ], [ -82.996519183636693, 39.964852843442308 ], [ -82.996524398444734, 39.96486267623257 ], [ -82.996530823320157, 39.964872075398596 ], [ -82.996538398164546, 39.964880953019673 ], [ -82.996544883013257, 39.964887152423088 ], [ -82.996541288683588, 39.964893809246028 ], [ -82.996537212346965, 39.964904105129435 ], [ -82.996534465554305, 39.964914658632594 ], [ -82.996533074696629, 39.964925368360298 ], [ -82.996533053137554, 39.964936131416344 ], [ -82.996534401084872, 39.964946844392145 ], [ -82.996545780606866, 39.965006580028039 ], [ -82.996561559677829, 39.965089397717847 ], [ -82.996577294673486, 39.965171982428082 ], [ -82.996611015571531, 39.965348975631443 ], [ -82.996611337210481, 39.965351528733066 ], [ -82.996608069829463, 39.96535203732514 ], [ -82.995929874376699, 39.965431263305923 ], [ -82.995926389615221, 39.965431535814361 ], [ -82.995922820407671, 39.965431270659991 ], [ -82.995916125751847, 39.965430513812571 ], [ -82.99590212414769, 39.965430000460849 ], [ -82.995888124638199, 39.9654305465899 ], [ -82.995874262299751, 39.965432146930311 ], [ -82.995860670885335, 39.96543478604098 ], [ -82.995847481533815, 39.965438438458015 ], [ -82.995839700604975, 39.965441284380205 ], [ -82.995837223704513, 39.965442078392527 ], [ -82.995833812112664, 39.965442606463981 ], [ -82.995721433194873, 39.965455627159848 ], [ -82.995605933735078, 39.965469019915318 ], [ -82.995388512733484, 39.965494242147145 ], [ -82.995269778968805, 39.965508011355602 ], [ -82.995085137416027, 39.965529410179911 ], [ -82.994973466022287, 39.965542367747389 ], [ -82.994970006945564, 39.965542635554591 ], [ -82.994964373440268, 39.96554083541141 ], [ -82.994962676088264, 39.965540215994018 ], [ -82.994949370936808, 39.965536550901319 ], [ -82.994935659908393, 39.965533916393902 ], [ -82.99492167746682, 39.9655323383083 ], [ -82.994907560737644, 39.965531832120782 ], [ -82.99489344816331, 39.965532402795517 ], [ -82.994879478145535, 39.965534044735932 ], [ -82.994865787688028, 39.965536741839522 ], [ -82.994852511052855, 39.965540467655835 ], [ -82.994839778443804, 39.965545185645901 ], [ -82.994827714729496, 39.965550849540413 ], [ -82.994816438218777, 39.965557403793653 ], [ -82.994813211892378, 39.96555947985231 ], [ -82.994809831985719, 39.965560023380682 ], [ -82.99388283304026, 39.965672922897653 ], [ -82.993879403037937, 39.965673208617048 ], [ -82.993877537731706, 39.965672458144063 ], [ -82.993869242620576, 39.965668708883911 ], [ -82.993856569232975, 39.965664198509231 ], [ -82.993843383646265, 39.96566066276656 ], [ -82.993829812101509, 39.965658135507681 ], [ -82.993815984535019, 39.965656640929062 ], [ -82.993802033334177, 39.965656193339989 ], [ -82.993788092070162, 39.965656797025773 ], [ -82.993774294218881, 39.965658446206632 ], [ -82.993760771883316, 39.965661125093028 ], [ -82.99374765452859, 39.965664808036841 ], [ -82.993735067742577, 39.965669459776969 ], [ -82.993723132033367, 39.965675035776833 ], [ -82.993711961675714, 39.965681482650815 ], [ -82.99370433608884, 39.965686855648705 ], [ -82.993702988596638, 39.965687714573818 ], [ -82.993699588454206, 39.965688242433338 ], [ -82.992789313203673, 39.965793963464364 ], [ -82.992785905561007, 39.965794228931088 ], [ -82.992785286781668, 39.965793914435899 ], [ -82.992773206565701, 39.965788411423148 ], [ -82.992760482105354, 39.965783848347428 ], [ -82.992747236541661, 39.96578026936789 ], [ -82.992733598058578, 39.965777709120111 ], [ -82.992719698642475, 39.965776192380851 ], [ -82.992705672804874, 39.965775733828345 ], [ -82.992691656280741, 39.965776337900273 ], [ -82.992677784714857, 39.965777998750688 ], [ -82.992664192349253, 39.96578070030673 ], [ -82.992651010723989, 39.965784416424121 ], [ -82.992638367404282, 39.96578911114014 ], [ -82.992626384745947, 39.965794739021653 ], [ -82.992615178711304, 39.965801245604872 ], [ -82.992605848356391, 39.965807865124106 ], [ -82.99260536128665, 39.965808178962817 ], [ -82.992602024820968, 39.965808732836763 ], [ -82.992509936514651, 39.965820460520007 ], [ -82.992397244868357, 39.965834810077382 ], [ -82.992280254136361, 39.965849709313488 ], [ -82.99217869691914, 39.965862640688528 ], [ -82.992175195279316, 39.965862950339435 ], [ -82.992170483306992, 39.96586300574748 ], [ -82.99216742260613, 39.96586291709778 ], [ -82.992154250646735, 39.965863473578601 ], [ -82.992141201749277, 39.965864963599387 ], [ -82.992128387420877, 39.965867374427404 ], [ -82.992118076141224, 39.965870112221765 ], [ -82.992117065423059, 39.965870335503801 ], [ -82.992113605578737, 39.965870821750876 ], [ -82.9916777676262, 39.96591507199124 ], [ -82.991674364855967, 39.965915288344974 ], [ -82.991668675659213, 39.965912293645005 ], [ -82.991668671965598, 39.965912297799512 ], [ -82.991668557969689, 39.965912231360463 ], [ -82.991656582755809, 39.965906584824658 ], [ -82.991643944191324, 39.965901871408789 ], [ -82.9916307646955, 39.965898136767692 ], [ -82.991617171927089, 39.965895417075764 ], [ -82.991603297547798, 39.965893738676343 ], [ -82.991589275947007, 39.965893117826653 ], [ -82.991575242940144, 39.965893560540351 ], [ -82.991561334453039, 39.965895062529242 ], [ -82.991547685205504, 39.965897609244827 ], [ -82.991534427406279, 39.965901176019223 ], [ -82.991521689472577, 39.96590572830408 ], [ -82.991509594786152, 39.965911222005275 ], [ -82.991498260498219, 39.965917603909865 ], [ -82.991487796394793, 39.965924812201756 ], [ -82.99147830383319, 39.965932777060168 ], [ -82.991469874760327, 39.965941421336154 ], [ -82.991462590822053, 39.965950661299743 ], [ -82.991456522572363, 39.965960407451028 ], [ -82.991451728789926, 39.965970565387039 ], [ -82.991448255908765, 39.965981036716123 ], [ -82.991446137568488, 39.965991720011012 ], [ -82.991446015692006, 39.965992634634858 ], [ -82.991446000523979, 39.965992646293358 ], [ -82.991436659397152, 39.966000561854244 ], [ -82.991428363039873, 39.966009138929714 ], [ -82.991421190111822, 39.966018296198989 ], [ -82.991415208621405, 39.9660279468402 ], [ -82.99141047528073, 39.966037999353766 ], [ -82.991407034968162, 39.966048358429788 ], [ -82.991404920302514, 39.966058925851776 ], [ -82.991404151334024, 39.966069601427833 ], [ -82.991404735354038, 39.966080283940592 ], [ -82.991406666825952, 39.966090872106776 ], [ -82.991409927437687, 39.966101265537752 ], [ -82.991414486275247, 39.966111365691013 ], [ -82.991420300115792, 39.966121076804733 ], [ -82.991427313837463, 39.966130306805617 ], [ -82.991435460941986, 39.966138968181788 ], [ -82.99144466418511, 39.966146978812723 ], [ -82.991454836308989, 39.9661542627477 ], [ -82.991465880869555, 39.966160750925908 ], [ -82.991477693150742, 39.966166381831343 ], [ -82.991483049462886, 39.966168665329207 ], [ -82.991487018645415, 39.966171790300741 ], [ -82.99149738431305, 39.966179180989101 ], [ -82.991508649150674, 39.966185746574439 ], [ -82.991520702691474, 39.966191422672281 ], [ -82.991533426734236, 39.966196153620785 ], [ -82.991546696502454, 39.966199893026484 ], [ -82.991560381867998, 39.966202604219475 ], [ -82.991574348627154, 39.966204260612713 ], [ -82.991588459816768, 39.966204845963077 ], [ -82.991602577057293, 39.966204354530362 ], [ -82.991616561909808, 39.966202791133746 ], [ -82.991630277233753, 39.966200171104482 ], [ -82.991643588531602, 39.966196520135533 ], [ -82.991656365267971, 39.966191874029626 ], [ -82.991668482149635, 39.966186278348196 ], [ -82.991679820354207, 39.966179787964499 ], [ -82.991690268695422, 39.966172466525549 ], [ -82.991699724713385, 39.966164385828101 ], [ -82.991708095679385, 39.966155625114176 ], [ -82.991715299505245, 39.966146270294516 ], [ -82.991718536756693, 39.966141547839889 ], [ -82.991721803607547, 39.966141027302399 ], [ -82.992207524080854, 39.966082420335518 ], [ -82.992211017202393, 39.966082133964861 ], [ -82.992215717299928, 39.966082107432598 ], [ -82.992219663118547, 39.966082239788584 ], [ -82.992233311921879, 39.966081690602749 ], [ -82.992246829848455, 39.966080139250899 ], [ -82.992260092902384, 39.966077599963064 ], [ -82.99226540383151, 39.966076155886228 ], [ -82.992269153649687, 39.9660752964054 ], [ -82.992272576888027, 39.966074785898627 ], [ -82.992345011404268, 39.966066794981252 ], [ -82.992424867296734, 39.966057999035776 ], [ -82.992512585022681, 39.966048315296277 ], [ -82.992600426679743, 39.966038614518908 ], [ -82.992603875540283, 39.966038365403399 ], [ -82.992608858017888, 39.966039142990546 ], [ -82.992610259422221, 39.966039422377534 ], [ -82.992622782331324, 39.96604102227419 ], [ -82.99263544047048, 39.96604175952799 ], [ -82.992648133675218, 39.966041628304993 ], [ -82.992660761503629, 39.966040629643629 ], [ -82.992681709194926, 39.96603824447844 ], [ -82.992689872627082, 39.966037627991852 ], [ -82.992703821688949, 39.966036035893197 ], [ -82.992711689481212, 39.966034829555248 ], [ -82.992728148486094, 39.966032946456863 ], [ -82.99273128987852, 39.966032696495731 ], [ -82.99273440546861, 39.966033094072074 ], [ -82.992754672683049, 39.966036400237513 ], [ -82.992758142158266, 39.966037109083906 ], [ -82.992764213335363, 39.966039435402529 ], [ -82.992776777260772, 39.966043682408774 ], [ -82.992789813247782, 39.966046981210056 ], [ -82.992803200749705, 39.966049301301659 ], [ -82.992816815969306, 39.96605062122913 ], [ -82.992830533003499, 39.966050928786778 ], [ -82.992844225007744, 39.96605022113058 ], [ -82.992857765368939, 39.96604850480437 ], [ -82.992871028876252, 39.966045795679442 ], [ -82.992883892879078, 39.966042118807671 ], [ -82.99289623842111, 39.966037508189913 ], [ -82.99290795134047, 39.966032006461603 ], [ -82.992918923325334, 39.966025664498439 ], [ -82.992929052915542, 39.966018540945896 ], [ -82.992938246440858, 39.966010701677106 ], [ -82.992943070431423, 39.966005694673633 ], [ -82.99294477621109, 39.966004098134043 ], [ -82.992948150847653, 39.96600358525037 ], [ -82.9930659347052, 39.965990269008856 ], [ -82.993190544573423, 39.965976180239409 ], [ -82.993213136827265, 39.965973624721578 ], [ -82.993354658468888, 39.965957623774024 ], [ -82.993509701765063, 39.965940092784891 ], [ -82.993705081002886, 39.965918002090731 ], [ -82.99392862920746, 39.965892724983291 ], [ -82.994000328490714, 39.965884618414776 ], [ -82.994003745985935, 39.965884362895125 ], [ -82.994004208112656, 39.965884600748922 ], [ -82.99401623073831, 39.965890151122409 ], [ -82.994028903182823, 39.965894766911994 ], [ -82.994042103121572, 39.96589840356225 ], [ -82.994055703137988, 39.96590102596933 ], [ -82.994069571953645, 39.965902608819583 ], [ -82.994083575695385, 39.965903136834058 ], [ -82.994097579187596, 39.965902604915868 ], [ -82.994111447257097, 39.965901018199624 ], [ -82.994125046037936, 39.965898392001549 ], [ -82.994138244263581, 39.96589475167184 ], [ -82.994150914534004, 39.965890132349962 ], [ -82.994162934545599, 39.965884578625356 ], [ -82.994174188271572, 39.965878144107123 ], [ -82.994184567082044, 39.965870890906409 ], [ -82.994193970792651, 39.965862889036949 ], [ -82.994195659836976, 39.965861301515119 ], [ -82.994199012235242, 39.965860776111128 ], [ -82.994281144687193, 39.965851089741577 ], [ -82.994361402195111, 39.965841623613443 ], [ -82.994462575699544, 39.965829691799392 ], [ -82.994583839895895, 39.965815395054634 ], [ -82.994659318058538, 39.965806496433444 ], [ -82.994799065035721, 39.965790008098814 ], [ -82.995006517248214, 39.965765531350186 ], [ -82.995217168867654, 39.965740707272467 ], [ -82.995321732061953, 39.965728356849084 ], [ -82.995325159166356, 39.965728084369019 ], [ -82.995329573717271, 39.965730868858998 ], [ -82.995331354681426, 39.965732110685558 ], [ -82.995342615808468, 39.965738534612875 ], [ -82.995354641719715, 39.965744077382539 ], [ -82.995367316368515, 39.965748685508302 ], [ -82.995380517448112, 39.96575231452303 ], [ -82.995394117571678, 39.965754929407659 ], [ -82.9954079855017, 39.965756504929303 ], [ -82.99542198741635, 39.965757025884571 ], [ -82.995435988200924, 39.965756487246423 ], [ -82.995449852751534, 39.96575489421253 ], [ -82.995463447279008, 39.965752262155277 ], [ -82.995476640599819, 39.965748616473277 ], [ -82.995489305402046, 39.96574399234639 ], [ -82.995501319473874, 39.965738434396194 ], [ -82.995512566882979, 39.965731996255371 ], [ -82.995522939095167, 39.965724740050234 ], [ -82.995532336021782, 39.965716735801081 ], [ -82.995540666985463, 39.965708060746728 ], [ -82.995541013356046, 39.965707660315552 ], [ -82.995544339690312, 39.96570712718578 ], [ -82.995720916625018, 39.96568565722599 ], [ -82.995837492699621, 39.965671492406393 ], [ -82.996071567312939, 39.965643040483613 ], [ -82.99607249636135, 39.965642932375729 ], [ -82.996098511295912, 39.965640039854712 ], [ -82.99612319247845, 39.965637294944933 ], [ -82.996123536690789, 39.9656372563338 ], [ -82.99631442953266, 39.965615660412816 ], [ -82.996408868965219, 39.965604996135859 ], [ -82.996651764088625, 39.965577496728095 ], [ -82.996655091799596, 39.965577247580853 ], [ -82.996655739796765, 39.965579771448738 ], [ -82.99668456799553, 39.965730670550194 ], [ -82.996694150871576, 39.965781134356931 ], [ -82.996711782035391, 39.965874638986655 ], [ -82.996711805503608, 39.965874762949525 ], [ -82.996739405983988, 39.966019972049239 ], [ -82.996764932763497, 39.966154264280867 ], [ -82.996765506215382, 39.966156838408708 ], [ -82.996791212403181, 39.966292519666972 ], [ -82.996816904071039, 39.966427702738009 ], [ -82.996842649721003, 39.966563142902636 ], [ -82.996842970773514, 39.966565706338699 ], [ -82.996839685008609, 39.966566198261226 ], [ -82.996342788577323, 39.966621252510834 ], [ -82.996328966092065, 39.966623324101299 ], [ -82.996315476256612, 39.966626433859915 ], [ -82.996302450430591, 39.966630551504885 ], [ -82.996290015455287, 39.966635636939934 ], [ -82.996278292418566, 39.966641640644738 ], [ -82.996267395475741, 39.96664850415717 ], [ -82.996257430737998, 39.966656160642607 ], [ -82.996248495239101, 39.966664535544545 ], [ -82.996240675990478, 39.966673547310904 ], [ -82.996234049133989, 39.966683108187873 ], [ -82.996228679200428, 39.966693125074556 ], [ -82.996224618481122, 39.966703500429624 ], [ -82.996221906518727, 39.966714133220925 ], [ -82.996220569722155, 39.966724919909474 ], [ -82.996220621109387, 39.966735755457684 ], [ -82.996222060180671, 39.966746534352062 ], [ -82.996224872923392, 39.966757151630773 ], [ -82.996229031948445, 39.966767503905736 ], [ -82.996234496756983, 39.966777490369282 ], [ -82.996241214134713, 39.966787013775949 ], [ -82.996249118670093, 39.966795981389346 ], [ -82.996258133391251, 39.966804305885162 ], [ -82.996268170515577, 39.966811906201649 ], [ -82.996279132304366, 39.966818708328809 ], [ -82.996290912014771, 39.966824646029288 ], [ -82.996303394939076, 39.966829661483217 ], [ -82.996316459521765, 39.966833705851357 ], [ -82.996329978543216, 39.966836739750647 ], [ -82.996908419458066, 39.966943031595207 ], [ -82.996911731277748, 39.96694377639205 ], [ -82.996912375785016, 39.966946384553431 ], [ -82.996945956460493, 39.967132480717126 ], [ -82.996946265545191, 39.96713514166705 ], [ -82.996946245494627, 39.96713695445456 ], [ -82.996945706759618, 39.967144303650208 ], [ -82.99694632172978, 39.967155228784982 ], [ -82.996948345920586, 39.967166052677378 ], [ -82.996951759257044, 39.967176667977697 ], [ -82.996956527886823, 39.96718696940497 ], [ -82.99695699461607, 39.967187838151055 ], [ -82.99695767151762, 39.967190464506579 ], [ -82.997020217815759, 39.967516121655343 ], [ -82.997043929056801, 39.967639527499905 ], [ -82.997116570824502, 39.968016755962992 ], [ -82.997131930714204, 39.968097453183866 ], [ -82.997131959022212, 39.968097601203844 ], [ -82.997148167045765, 39.968181952361469 ], [ -82.997163774657309, 39.968263192530259 ], [ -82.997179488096734, 39.968344976022351 ], [ -82.997195488187145, 39.968428251100867 ], [ -82.997210784503096, 39.96850786280357 ], [ -82.997226631627214, 39.968590341052334 ], [ -82.997241915121165, 39.968669888844467 ], [ -82.997241938310978, 39.968670009082992 ], [ -82.997260683422098, 39.968766832692538 ], [ -82.997261019723851, 39.968769445780588 ], [ -82.997259786591385, 39.968770222605691 ], [ -82.997249403462092, 39.968777446267687 ], [ -82.997239990057324, 39.968785417868716 ], [ -82.997231636946125, 39.968794060712021 ], [ -82.997224424496267, 39.968803291642637 ], [ -82.997218422101056, 39.968813021847424 ], [ -82.997213687511589, 39.968823157709565 ], [ -82.997210266281172, 39.968833601709271 ], [ -82.997208191326976, 39.968844253361979 ], [ -82.997207482613305, 39.968855010185287 ], [ -82.997208146959551, 39.968865768684829 ], [ -82.99721017797448, 39.968876425350047 ], [ -82.997213556117728, 39.968886877650156 ], [ -82.997218248887805, 39.968897025020489 ], [ -82.997224211134736, 39.968906769830305 ], [ -82.99723138549453, 39.968916018321863 ], [ -82.997239702940959, 39.968924681512597 ], [ -82.997249083449731, 39.968932676051374 ], [ -82.997259436768445, 39.968939925020244 ], [ -82.997270663284851, 39.968946358674621 ], [ -82.997282654985355, 39.968951915114317 ], [ -82.997287187310022, 39.968953573576968 ], [ -82.997291095082858, 39.968955184991543 ], [ -82.997291130111549, 39.96895777192637 ], [ -82.997279552507422, 39.96919118805004 ], [ -82.99727923791643, 39.96919389546472 ], [ -82.997276074236964, 39.969195105136876 ], [ -82.997195743351924, 39.969221982256734 ], [ -82.997182973924438, 39.969226851703858 ], [ -82.997170899385509, 39.969232676813469 ], [ -82.997159640150826, 39.969239399493638 ], [ -82.997149308505428, 39.969246952701191 ], [ -82.997140007483893, 39.969255261110327 ], [ -82.997131829842786, 39.969264241863883 ], [ -82.997124857135688, 39.969273805399531 ], [ -82.997119158899793, 39.969283856343047 ], [ -82.997114791962488, 39.969294294459338 ], [ -82.997111799874546, 39.969305015652125 ], [ -82.997110212475846, 39.969315913002127 ], [ -82.997110045597722, 39.969326877833105 ], [ -82.997111300905047, 39.969337800795891 ], [ -82.997113965879691, 39.969348572958786 ], [ -82.997118013945212, 39.969359086893938 ], [ -82.997123404731951, 39.96936923774868 ], [ -82.997130084479579, 39.969378924291178 ], [ -82.997137986573222, 39.969388049920056 ], [ -82.997147032207764, 39.969396523627751 ], [ -82.997157131173736, 39.969404260908092 ], [ -82.997168182756994, 39.969411184599075 ], [ -82.997180076743064, 39.969417225652414 ], [ -82.997181309165711, 39.96941778571955 ], [ -82.99731328070888, 39.969485025600143 ], [ -82.99731598722461, 39.969486551994159 ], [ -82.997316843785299, 39.969487875396069 ], [ -82.997323611279853, 39.969497171600295 ], [ -82.997331517939116, 39.969505919357658 ], [ -82.997340489313331, 39.969514036298115 ], [ -82.997350440927178, 39.969521445991447 ], [ -82.997361279075136, 39.969528078666961 ], [ -82.99737290170394, 39.969533871870432 ], [ -82.997385199373355, 39.9695387710522 ], [ -82.997398056286883, 39.969542730080882 ], [ -82.99741135138197, 39.969545711677654 ], [ -82.997424959470024, 39.969547687767374 ], [ -82.997438752415277, 39.969548639742861 ], [ -82.997452600341219, 39.96954855864017 ], [ -82.997466372853694, 39.969547445222972 ], [ -82.997479940268619, 39.96954530997543 ], [ -82.997493174833181, 39.969542173003298 ], [ -82.997505951928773, 39.969538063844773 ], [ -82.997518151244449, 39.969533021192319 ], [ -82.997529657909809, 39.969527092528281 ], [ -82.99754036357659, 39.969520333677842 ], [ -82.997550167438945, 39.96951280828327 ], [ -82.997558977182678, 39.969504587204739 ], [ -82.997566709854382, 39.969495747853017 ], [ -82.997573292642599, 39.96948637346064 ], [ -82.997578663563473, 39.96947655229809 ], [ -82.997582772044197, 39.969466376842661 ], [ -82.997585579399427, 39.969455942907658 ], [ -82.99758705919534, 39.969445348740251 ], [ -82.997602107669735, 39.969247732207087 ], [ -82.997602464635463, 39.969245184579712 ], [ -82.997605794897652, 39.969245191494075 ], [ -82.998080158143807, 39.969264028978259 ], [ -82.998094753539888, 39.969264033524517 ], [ -82.998109273208627, 39.969262891031711 ], [ -82.998123565280366, 39.969260613449812 ], [ -82.998137480266081, 39.969257224601385 ], [ -82.998150872620968, 39.969252759932338 ], [ -82.998163602266757, 39.969247266141231 ], [ -82.998175536056976, 39.969240800690763 ], [ -82.998186549169503, 39.96923343120676 ], [ -82.998196526412258, 39.96922523477086 ], [ -82.998205363428013, 39.96921629711418 ], [ -82.998205872605681, 39.969215723468459 ], [ -82.998209296935528, 39.969215764331338 ], [ -82.998240451815903, 39.969217321371836 ], [ -82.998254518289045, 39.969217489729985 ], [ -82.998268537959788, 39.969216591652582 ], [ -82.99828237459073, 39.969214635866791 ], [ -82.998295893723224, 39.969211641378109 ], [ -82.998308963983959, 39.969207637285749 ], [ -82.998321458361616, 39.969202662499818 ], [ -82.998333255441224, 39.969196765363208 ], [ -82.998344240583862, 39.969190003181787 ], [ -82.998354307040785, 39.969182441667641 ], [ -82.998363356990751, 39.969174154300312 ], [ -82.998371302490611, 39.969165221612919 ], [ -82.998378066329849, 39.969155730409405 ], [ -82.998383582780903, 39.969145772921216 ], [ -82.998387798237871, 39.969135445910823 ], [ -82.998390671737425, 39.969124849731521 ], [ -82.99839217535677, 39.969114087352267 ], [ -82.998404196870922, 39.96895417243875 ], [ -82.99840456889946, 39.968951503352031 ], [ -82.998405605178021, 39.968947667741446 ], [ -82.998406428962284, 39.968945237010956 ], [ -82.998408598396622, 39.968934832868712 ], [ -82.998409461741218, 39.968924316633384 ], [ -82.998409011046363, 39.968913785146306 ], [ -82.998407250462989, 39.968903335389143 ], [ -82.998404196204405, 39.968893063590883 ], [ -82.998399876397016, 39.968883064341775 ], [ -82.99839433082127, 39.968873429722116 ], [ -82.99838761054535, 39.968864248454445 ], [ -82.998379777454772, 39.968855605086404 ], [ -82.99837090368267, 39.968847579212358 ], [ -82.998361070945336, 39.968840244740228 ], [ -82.998350369789875, 39.968833669211008 ], [ -82.998338898760295, 39.968827913176831 ], [ -82.998326763490041, 39.968823029643275 ], [ -82.998314075729283, 39.968819063581371 ], [ -82.998300952315887, 39.968816051513357 ], [ -82.998287514099417, 39.968814021176449 ], [ -82.998273884828322, 39.968812991267441 ], [ -82.998245492834329, 39.96881190032456 ], [ -82.998244480980958, 39.968811855899602 ], [ -82.997752434948438, 39.968787553177073 ], [ -82.997557471792419, 39.968777922622621 ], [ -82.997554151621756, 39.968777633448134 ], [ -82.997553506206089, 39.968775110917328 ], [ -82.997507955849557, 39.968536394806314 ], [ -82.997483000362365, 39.968405840481594 ], [ -82.997459810219198, 39.968284309633908 ], [ -82.997444800976567, 39.968205779012301 ], [ -82.997444476958236, 39.96820320972423 ], [ -82.997447772009451, 39.968202724428558 ], [ -82.997667827510384, 39.968178890193585 ], [ -82.9981184550698, 39.968130085104391 ], [ -82.998235723281581, 39.96811738343763 ], [ -82.998462459904857, 39.968092824553672 ], [ -82.998573162852537, 39.968080834568958 ], [ -82.998573502508151, 39.968080797461063 ], [ -82.998676075996684, 39.968069494310384 ], [ -82.998679426308428, 39.968069254387267 ], [ -82.998680029458768, 39.96807180144593 ], [ -82.998698556476171, 39.968180180229837 ], [ -82.998755836530862, 39.968516645481664 ], [ -82.998758361762668, 39.968527338013338 ], [ -82.99876224831624, 39.968537786111156 ], [ -82.998767458121975, 39.968547887432209 ], [ -82.99877394014851, 39.968557543030371 ], [ -82.998781630902485, 39.968566658325479 ], [ -82.998790455050553, 39.968575144029828 ], [ -82.998800326157252, 39.968582917022744 ], [ -82.998811147531654, 39.96858990116479 ], [ -82.998822813174499, 39.968596028043599 ], [ -82.99883520881653, 39.968601237644073 ], [ -82.998848213037746, 39.968605478936098 ], [ -82.998861698456793, 39.96860871037461 ], [ -82.998875532978772, 39.968610900306373 ], [ -82.998889581089088, 39.968612027280152 ], [ -82.998903705180979, 39.96861208025679 ], [ -82.998917766903361, 39.968611058717372 ], [ -82.998996025623512, 39.968602349275663 ], [ -82.998999389096866, 39.968602104122894 ], [ -82.999000906337997, 39.968604975963324 ], [ -82.999002864843689, 39.968609272188274 ], [ -82.999008854785416, 39.968619147930958 ], [ -82.999016087547517, 39.96862851816708 ], [ -82.999024491883205, 39.968637290593925 ], [ -82.999033985004829, 39.968645378797504 ], [ -82.999044473399479, 39.968652703103871 ], [ -82.999055853750008, 39.968659191363869 ], [ -82.999068013952851, 39.96866477966401 ], [ -82.999080834222283, 39.968669412955862 ], [ -82.999094188270476, 39.968673045598536 ], [ -82.999107944551398, 39.968675641808119 ], [ -82.999121967556718, 39.96867717601026 ], [ -82.999136119150705, 39.968677633092049 ], [ -82.999150259930872, 39.968677008550941 ], [ -82.999164250601297, 39.96867530853909 ], [ -82.999177953344727, 39.968672549802719 ], [ -82.999191233180255, 39.968668759517165 ], [ -82.999203959292899, 39.968663975019219 ], [ -82.999216006322342, 39.968658243439258 ], [ -82.999227255597688, 39.968651621237093 ], [ -82.999237596306571, 39.968644173645693 ], [ -82.999241580709636, 39.968640672081307 ], [ -82.999244498489247, 39.968638332850134 ], [ -82.999248243073396, 39.968635853488891 ], [ -82.999258310283992, 39.968628502748899 ], [ -82.999267401902671, 39.968620434354989 ], [ -82.999275431943843, 39.968611724615741 ], [ -82.999282324462115, 39.968602455905298 ], [ -82.999288014270547, 39.968592715884427 ], [ -82.999292447557167, 39.968582596671304 ], [ -82.999295582393813, 39.96857219397041 ], [ -82.999297389132764, 39.968561606167349 ], [ -82.999297850687029, 39.968550933398198 ], [ -82.999296962692014, 39.968540276602681 ], [ -82.999294733546719, 39.968529736569394 ], [ -82.999291184334254, 39.968519412982531 ], [ -82.999291087825767, 39.968519178953521 ], [ -82.999290365285034, 39.968516565157479 ], [ -82.999258182145496, 39.968363835328475 ], [ -82.9992454623887, 39.968302356888906 ], [ -82.999237304190785, 39.968262927870398 ], [ -82.999226880081807, 39.968212539688587 ], [ -82.999216452450895, 39.968162138356007 ], [ -82.999206023928892, 39.968111734826508 ], [ -82.999201503344963, 39.968089881976816 ], [ -82.999186622181298, 39.96801795530817 ], [ -82.999186458892297, 39.968017125237125 ], [ -82.999185547900495, 39.968012242237755 ], [ -82.999185236315213, 39.968009691423902 ], [ -82.999188500626616, 39.968009185873726 ], [ -82.999257878209107, 39.968001130950903 ], [ -82.999331162432782, 39.967992622482605 ], [ -82.999381498253484, 39.967986779052907 ], [ -82.999474701639656, 39.967975958112241 ], [ -82.999479908450738, 39.967975552297794 ], [ -82.999490311315341, 39.967975134331809 ], [ -82.999504090301869, 39.967973533544715 ], [ -82.999514194570253, 39.967971568701387 ], [ -82.999519323433788, 39.967970774015463 ], [ -82.999628523956488, 39.967958085432294 ], [ -82.999739373818485, 39.967945199442269 ], [ -82.999872731635463, 39.967929710964448 ], [ -82.999980258290705, 39.967917230122765 ], [ -82.999980448131794, 39.967917207986901 ], [ -82.999994602277866, 39.967915550088634 ], [ -83.000307605821092, 39.967878823432919 ], [ -83.000414545382256, 39.967866270941926 ], [ -83.000746160630456, 39.967827362225734 ], [ -83.000749620180613, 39.967827089622681 ], [ -83.000752426419453, 39.967827738962562 ], [ -83.000765981795922, 39.967830326456223 ], [ -83.000779800969667, 39.967831882038787 ], [ -83.000793751584737, 39.967832390811331 ], [ -83.000807700026186, 39.967831847901003 ], [ -83.000821512699915, 39.967830258507632 ], [ -83.000835057312187, 39.967827637853944 ], [ -83.00084820413673, 39.967824011039802 ], [ -83.000860827257199, 39.967819412801752 ], [ -83.000866073224259, 39.967816992867199 ], [ -83.000869491239982, 39.967815588039166 ], [ -83.000872906946654, 39.967815067967244 ], [ -83.001523339135844, 39.967741396542749 ], [ -83.001526654850778, 39.96774114760278 ], [ -83.001527321073127, 39.967743659184059 ], [ -83.001578547565188, 39.96800020827601 ], [ -83.001614903271047, 39.968182324758473 ], [ -83.00163641318332, 39.968290109391987 ], [ -83.001645224073755, 39.968334223014672 ], [ -83.001701315217431, 39.968615055618727 ], [ -83.001712990309386, 39.96867356501987 ], [ -83.001722160610115, 39.968719482779214 ], [ -83.001732167741579, 39.968769583929365 ], [ -83.001743114469576, 39.968824394624356 ], [ -83.001744292886173, 39.968830292983561 ], [ -83.001744636738906, 39.968832830004274 ], [ -83.001741398689916, 39.968833376972377 ], [ -83.001528974749647, 39.968861011086972 ], [ -83.001528648598637, 39.968861053814742 ], [ -83.001464884132488, 39.968869465857239 ], [ -83.001451644278291, 39.968871124823394 ], [ -83.001428014305489, 39.96887408155051 ], [ -83.001191208114591, 39.968903503587548 ], [ -83.001187668286207, 39.96890380441716 ], [ -83.001184107077236, 39.968903831348833 ], [ -83.001149267804578, 39.968902751537783 ], [ -83.001079504280924, 39.968900589763834 ], [ -83.001019207142235, 39.968898720748079 ], [ -83.00095640321743, 39.968896774176486 ], [ -83.000835805836445, 39.968893035155538 ], [ -83.000726960784078, 39.968889661916911 ], [ -83.000501424707807, 39.968882671266499 ], [ -83.000275529173891, 39.968875668203282 ], [ -83.000172102016933, 39.968872461536762 ], [ -83.000158203354189, 39.968872551820326 ], [ -83.000144382023763, 39.968873681968297 ], [ -83.000130769127921, 39.96887584126069 ], [ -83.000117493791805, 39.968879009215478 ], [ -83.000104681938694, 39.968883155783054 ], [ -83.000092455095555, 39.96888824163112 ], [ -83.000080929240298, 39.968894218517839 ], [ -83.000070213701704, 39.968901029749411 ], [ -83.000060410122387, 39.968908610717811 ], [ -83.000051611494612, 39.968916889513672 ], [ -83.000043901278303, 39.968925787608335 ], [ -83.000037352609283, 39.968935220598752 ], [ -83.00003202760557, 39.968945099008053 ], [ -83.000030896218206, 39.968947525517393 ], [ -83.000027458950925, 39.968947598691251 ], [ -82.999946611409726, 39.968946212207136 ], [ -82.999932895452488, 39.9689464845898 ], [ -82.999919276880647, 39.968947769165418 ], [ -82.999905881573781, 39.968950054060372 ], [ -82.999892833347829, 39.968953318154817 ], [ -82.999880252810641, 39.968957531277979 ], [ -82.999868256247154, 39.968962654487001 ], [ -82.999856954544555, 39.968968640426823 ], [ -82.999846452167361, 39.968975433767973 ], [ -82.999836846191826, 39.968982971717971 ], [ -82.999828225408621, 39.968991184601713 ], [ -82.9998206695021, 39.968999996505509 ], [ -82.999814248313839, 39.969009325978682 ], [ -82.999809021196938, 39.969019086786581 ], [ -82.999805036467549, 39.96902918870753 ], [ -82.999802330958062, 39.969039538366857 ], [ -82.999800929676809, 39.969050040099894 ], [ -82.999788878885383, 39.969220885502104 ], [ -82.999788813313572, 39.96923177013641 ], [ -82.999790148644536, 39.969242606288248 ], [ -82.999792871757634, 39.969253287478985 ], [ -82.999796955895533, 39.969263708752621 ], [ -82.999802360927063, 39.969273767707136 ], [ -82.99980903374157, 39.969283365500679 ], [ -82.999816908770811, 39.969292407822891 ], [ -82.999825908633071, 39.969300805821518 ], [ -82.999835944893746, 39.969308476975627 ], [ -82.999846918934168, 39.969315345906381 ], [ -82.999858722920678, 39.969321345117812 ], [ -82.999871240864266, 39.969326415660021 ], [ -82.999884349760279, 39.969330507708463 ], [ -82.999897920797153, 39.969333581053533 ], [ -82.999911820622117, 39.969335605495701 ], [ -82.999925912651605, 39.9693365611422 ], [ -83.00031733891494, 39.969348108838247 ], [ -83.000326173645931, 39.969348158888373 ], [ -83.000732104805195, 39.969340786989434 ], [ -83.000741165970055, 39.96934040034477 ], [ -83.001130838489658, 39.969314188179979 ], [ -83.001135542910816, 39.969313811181138 ], [ -83.001328419458005, 39.969295863869512 ], [ -83.001333723506235, 39.969295292430267 ], [ -83.0018291593816, 39.969234601113605 ], [ -83.001832492838602, 39.969234321375403 ], [ -83.001833165196857, 39.969236849027524 ], [ -83.001966647392564, 39.969904516848551 ], [ -83.001974221493782, 39.96994236263582 ], [ -83.00197457974707, 39.969945056474664 ], [ -83.001971791851247, 39.969946709203271 ], [ -82.999840282236775, 39.971082368437777 ], [ -82.999837895934292, 39.971083534779034 ], [ -82.999835396894355, 39.971084551790646 ], [ -82.999784867660807, 39.971103179250839 ], [ -82.9997824171068, 39.97110399717895 ], [ -82.999779893770864, 39.97110467149669 ], [ -82.999726163313127, 39.971117313883681 ], [ -82.99972358138811, 39.971117840796822 ] ], [ [ -82.984337441013807, 39.964920189871094 ], [ -82.984335746999577, 39.964922532916638 ], [ -82.984315860430456, 39.964947100398085 ], [ -82.984310573402894, 39.964954209740327 ], [ -82.984305989812512, 39.964961602562653 ], [ -82.984293904369338, 39.964983125992617 ], [ -82.984290049719249, 39.964990761157161 ], [ -82.984286945461619, 39.964998596178575 ], [ -82.984279152949469, 39.965021262973217 ], [ -82.984276816356541, 39.965029254253288 ], [ -82.984275260432469, 39.965037357324746 ], [ -82.984272777128439, 39.965054756696993 ], [ -82.984271965171743, 39.96506411507842 ], [ -82.984272194071451, 39.96507349263814 ], [ -82.984273462157958, 39.965082820957903 ], [ -82.984348620975283, 39.965473551367339 ], [ -82.984375069218444, 39.965611042803403 ], [ -82.984401188231956, 39.965746820654445 ], [ -82.984427563816908, 39.965883945370152 ], [ -82.984447827688243, 39.965989282964074 ], [ -82.984449439818718, 39.965996149292721 ], [ -82.98445030783742, 39.965999275095406 ], [ -82.984453414126023, 39.966013908108856 ], [ -82.984457845938024, 39.966028468460273 ], [ -82.984461011220063, 39.966036392295415 ], [ -82.984467627866991, 39.9660497776133 ], [ -82.98447227869471, 39.966057607092594 ], [ -82.984481102997748, 39.96607021598517 ], [ -82.984491632898468, 39.966083161512096 ], [ -82.984492328699162, 39.966084034950093 ], [ -82.984505105895849, 39.966100415217156 ], [ -82.984510906171849, 39.966107260294478 ], [ -82.984517351950316, 39.966113754513771 ], [ -82.984526799353858, 39.966122572329304 ], [ -82.984533854939542, 39.966128679724548 ], [ -82.984541481256528, 39.96613436647305 ], [ -82.984552720210857, 39.966142144408131 ], [ -82.984569075426904, 39.966151909178215 ], [ -82.984586737015377, 39.96616095516692 ], [ -82.984588976183488, 39.966162201139944 ], [ -82.984591083045061, 39.966163576963908 ], [ -82.984631264914469, 39.966191952168543 ], [ -82.984633134625895, 39.966193373805275 ], [ -82.984634862979178, 39.966194897676871 ], [ -82.98466926829029, 39.96622759352681 ], [ -82.984670845872628, 39.966229211332262 ], [ -82.984672264089326, 39.966230914259867 ], [ -82.984682224145828, 39.966243905449211 ], [ -82.984689873726268, 39.966252854777757 ], [ -82.98469862012908, 39.966261188031382 ], [ -82.984708380124843, 39.966268825911854 ], [ -82.984719060838813, 39.966275695737913 ], [ -82.984730560634702, 39.966281732137006 ], [ -82.984742770081823, 39.966286877667429 ], [ -82.984755572996463, 39.966291083364752 ], [ -82.984768847547414, 39.966294309208031 ], [ -82.984782467415428, 39.966296524500471 ], [ -82.984796302995136, 39.966297708161505 ], [ -82.984810222628482, 39.96629784892761 ], [ -82.984824093857597, 39.966296945459199 ], [ -82.984837784685141, 39.966295006353619 ], [ -82.984851164830545, 39.966292050063224 ], [ -82.984864106969681, 39.966288104719787 ], [ -82.984876487946494, 39.966283207866766 ], [ -82.984888189944996, 39.966277406102158 ], [ -82.984899101610338, 39.966270754634927 ], [ -82.98490911910848, 39.966263316759758 ], [ -82.984918147114286, 39.966255163254665 ], [ -82.984926099718649, 39.966246371707513 ], [ -82.98493290124587, 39.966237025777609 ], [ -82.984938486973917, 39.966227214399758 ], [ -82.984942803750187, 39.966217030937841 ], [ -82.984945810497365, 39.966206572296329 ], [ -82.984950106677672, 39.966187187926181 ], [ -82.984950730749802, 39.966184943930323 ], [ -82.984951596744295, 39.966182748004691 ], [ -82.984961742147775, 39.966160432566454 ], [ -82.984962843985628, 39.966158300123872 ], [ -82.984964173933733, 39.96615624613181 ], [ -82.984979015277702, 39.966135545698833 ], [ -82.984980564000438, 39.966133584573825 ], [ -82.984982320628248, 39.966131730080988 ], [ -82.985001441961472, 39.966113224807756 ], [ -82.985003394163826, 39.966111489963197 ], [ -82.985005528239384, 39.966109886943926 ], [ -82.985019310484063, 39.966100368552439 ], [ -82.985030019581686, 39.966092143121408 ], [ -82.985039536596048, 39.96608309142816 ], [ -82.985048529675524, 39.966073544139142 ], [ -82.985059252485314, 39.966060263878035 ], [ -82.985068726533967, 39.966046419449498 ], [ -82.985076889443377, 39.96603210200783 ], [ -82.985083712120172, 39.966017362583074 ], [ -82.985089149643514, 39.966002298222257 ], [ -82.985093182633989, 39.96598696261745 ], [ -82.985095784538615, 39.965971456740981 ], [ -82.985096693489581, 39.965959232847617 ], [ -82.985096782991491, 39.965948037198217 ], [ -82.985095390431823, 39.965936892730781 ], [ -82.985074383417427, 39.965827617365257 ], [ -82.985071789239441, 39.96581411348744 ], [ -82.985044847743495, 39.96567388027534 ], [ -82.985036385307453, 39.965629840948964 ], [ -82.98501922806058, 39.965540701631774 ], [ -82.984993458994126, 39.965406657303291 ], [ -82.984990219291603, 39.96538980834594 ], [ -82.984967189469018, 39.965269949697216 ], [ -82.984940650579333, 39.965131959716381 ], [ -82.984917084290245, 39.965009369177842 ], [ -82.984914676210536, 39.96499979924365 ], [ -82.98491117465035, 39.964990431344482 ], [ -82.984906607203911, 39.964981339303392 ], [ -82.9848977571407, 39.964965809722841 ], [ -82.984892850692489, 39.964958045331592 ], [ -82.984887166644114, 39.964950601553525 ], [ -82.984871347651264, 39.964931634095933 ], [ -82.98486514585322, 39.964924785393173 ], [ -82.984858285857257, 39.964918318987301 ], [ -82.984838667525068, 39.964901198204366 ], [ -82.984831188977836, 39.964895151462542 ], [ -82.984823135093407, 39.964889559329158 ], [ -82.984792112947133, 39.964869612020159 ], [ -82.984791947304387, 39.964869505674947 ], [ -82.984757024754245, 39.964847119276627 ], [ -82.984754969221726, 39.964845693947886 ], [ -82.984753063727069, 39.964844150107673 ], [ -82.984724825820138, 39.96481941403313 ], [ -82.984723081870783, 39.964817761003324 ], [ -82.984721509996092, 39.964816008766107 ], [ -82.984698589842324, 39.964788206814312 ], [ -82.984697199535063, 39.964786365950069 ], [ -82.984695999189242, 39.964784447575042 ], [ -82.984678577907488, 39.964753592016386 ], [ -82.98467224461929, 39.964743752588646 ], [ -82.984664665927539, 39.964734449054156 ], [ -82.98465591761321, 39.964725774440389 ], [ -82.984646087152427, 39.964717815486097 ], [ -82.984635272841757, 39.964710651774048 ], [ -82.984623582815317, 39.964704354935208 ], [ -82.98461113396354, 39.964698987932579 ], [ -82.984598050764347, 39.964694604431536 ], [ -82.984584464038562, 39.964691248263321 ], [ -82.984570509641685, 39.964688952986663 ], [ -82.984556327105622, 39.964687741552396 ], [ -82.98454205824342, 39.964687626073818 ], [ -82.984527845731321, 39.964688607705568 ], [ -82.984513831682065, 39.964690676632202 ], [ -82.984500156224044, 39.964693812166246 ], [ -82.984486956100028, 39.96469798295508 ], [ -82.98447436329991, 39.964703147294415 ], [ -82.984462503740986, 39.964709253545315 ], [ -82.984451496008845, 39.964716240650517 ], [ -82.984441450171616, 39.964724038744961 ], [ -82.984432466679451, 39.964732569854363 ], [ -82.984424635360014, 39.964741748674875 ], [ -82.984418034520331, 39.964751483426078 ], [ -82.984412730163768, 39.964761676768681 ], [ -82.984408775329996, 39.964772226777811 ], [ -82.98440620956471, 39.96478302796212 ], [ -82.984405385390573, 39.964787849873829 ], [ -82.984399214179405, 39.964812642711784 ], [ -82.984397171384842, 39.964818858086311 ], [ -82.984387115575331, 39.96484333538649 ], [ -82.984385866753271, 39.964845912843238 ], [ -82.984384942949248, 39.964846657252494 ], [ -82.984377358246064, 39.964852138347752 ], [ -82.984368499071579, 39.96485986553315 ], [ -82.984360620237808, 39.964868197696916 ], [ -82.984353791127617, 39.964877061464477 ], [ -82.984348071879879, 39.964886378779724 ], [ -82.984343512859894, 39.964896067592562 ], [ -82.984340154215758, 39.964906042581347 ], [ -82.984338025524949, 39.964916215904267 ], [ -82.984337441013807, 39.964920189871094 ] ], [ [ -82.985154398053467, 39.966838428575443 ], [ -82.985157767221352, 39.966828007905782 ], [ -82.985159797444524, 39.96681738384806 ], [ -82.985160469307388, 39.966806658006234 ], [ -82.985159776385146, 39.966795932957666 ], [ -82.985157725305285, 39.966785311272012 ], [ -82.985154335684001, 39.966774894530474 ], [ -82.98514963993874, 39.966764782354133 ], [ -82.985143682978091, 39.966755071451303 ], [ -82.985136521772205, 39.966745854692711 ], [ -82.985128224808093, 39.966737220223202 ], [ -82.985118871434508, 39.96672925061894 ], [ -82.985108551103124, 39.966722022097493 ], [ -82.985097362513102, 39.966715603789105 ], [ -82.985085412667061, 39.966710057075446 ], [ -82.985072815847914, 39.966705435002723 ], [ -82.985059692525766, 39.966701781774219 ], [ -82.985046168205912, 39.966699132327726 ], [ -82.985034072807665, 39.966697711732991 ], [ -82.985033295865335, 39.966697590355075 ], [ -82.985032662285306, 39.966696995067075 ], [ -82.985023260117401, 39.96668899701595 ], [ -82.985012883637566, 39.96668174721998 ], [ -82.985001632939159, 39.966675315611802 ], [ -82.984989616548276, 39.966669764231632 ], [ -82.984976950376918, 39.966665146628905 ], [ -82.984963756604927, 39.966661507345684 ], [ -82.984950162501306, 39.966658881486985 ], [ -82.984936299196718, 39.966657294382237 ], [ -82.984922300418532, 39.966656761340843 ], [ -82.984908301200861, 39.966657287504617 ], [ -82.98489443658211, 39.966658867798088 ], [ -82.98488084030231, 39.966661486977564 ], [ -82.984867643513098, 39.966665119778 ], [ -82.984854973512611, 39.966669731156983 ], [ -82.98484295251761, 39.966675276632429 ], [ -82.984831696484491, 39.966681702711895 ], [ -82.984821313990821, 39.966688947408507 ], [ -82.984811905187996, 39.966696940838773 ], [ -82.984803560835076, 39.966705605896884 ], [ -82.984796361423435, 39.966714858998309 ], [ -82.984790376400198, 39.966724610886175 ], [ -82.984789590620153, 39.966726073197442 ], [ -82.984786688813571, 39.966727268720092 ], [ -82.984774678600004, 39.96673281694374 ], [ -82.984763433212635, 39.966739244493397 ], [ -82.984753061011588, 39.966746489433554 ], [ -82.984743661943099, 39.966754481952371 ], [ -82.984735326576441, 39.966763145034399 ], [ -82.984728135231208, 39.966772395202568 ], [ -82.984722157203322, 39.966782143322675 ], [ -82.984717450097364, 39.966792295462255 ], [ -82.984714059271383, 39.966802753795633 ], [ -82.984712017399858, 39.966813417546703 ], [ -82.984711344158825, 39.966824183959829 ], [ -82.984712046036265, 39.966834949290167 ], [ -82.984714116269515, 39.966845609803165 ], [ -82.984717534910487, 39.966856062774298 ], [ -82.984722269017794, 39.966866207478873 ], [ -82.984728272974152, 39.966875946162595 ], [ -82.984735488926006, 39.966885184983525 ], [ -82.984743847340894, 39.966893834916362 ], [ -82.98475326767749, 39.966901812610381 ], [ -82.984763659161715, 39.966909041192409 ], [ -82.984774921661383, 39.966915451007779 ], [ -82.984786946651127, 39.966920980291405 ], [ -82.984799618258108, 39.966925575763042 ], [ -82.984812814378614, 39.966929193140658 ], [ -82.984826407854612, 39.966931797567099 ], [ -82.984831386768192, 39.966932553981131 ], [ -82.984832648001813, 39.966933737527093 ], [ -82.984842078988436, 39.966941748541785 ], [ -82.984852487914267, 39.966949007277115 ], [ -82.984863773916601, 39.966955443395555 ], [ -82.984875827633715, 39.966960994530844 ], [ -82.984888532264591, 39.966965606892153 ], [ -82.984901764700723, 39.966969235785406 ], [ -82.984915396719089, 39.966971846046476 ], [ -82.984929296224664, 39.966973412381748 ], [ -82.984943328530406, 39.966973919613331 ], [ -82.984957357662381, 39.966973362826124 ], [ -82.984971247677436, 39.966971747415442 ], [ -82.984984863980515, 39.966969089034698 ], [ -82.984998074628834, 39.966965413443781 ], [ -82.985010751610503, 39.966960756259347 ], [ -82.985022772084974, 39.966955162609793 ], [ -82.985034019573362, 39.966948686697897 ], [ -82.985044385087107, 39.966941391275583 ], [ -82.985053768184187, 39.966933347035813 ], [ -82.985062077942302, 39.966924631927682 ], [ -82.985069233839951, 39.966915330400944 ], [ -82.98507270950121, 39.966909590367493 ], [ -82.985074041482164, 39.96690764589605 ], [ -82.985074907725334, 39.966907285335793 ], [ -82.985085602221474, 39.966903346029632 ], [ -82.98509754120613, 39.966897785444935 ], [ -82.985108717219873, 39.966891354148338 ], [ -82.985119023379937, 39.966884113646287 ], [ -82.985128361122648, 39.966876133183995 ], [ -82.9851366411459, 39.966867489083434 ], [ -82.985143784263329, 39.966858264013212 ], [ -82.985149722161552, 39.966848546198143 ], [ -82.985154398053467, 39.966838428575443 ] ], [ [ -82.986003275351621, 39.968238897723751 ], [ -82.986002008103227, 39.968239690933579 ], [ -82.98600027062821, 39.968240671435083 ], [ -82.98599000044635, 39.968247734312385 ], [ -82.985980663066371, 39.968255526131543 ], [ -82.985972345478174, 39.96826397430187 ], [ -82.985965125171148, 39.968273000117769 ], [ -82.985959069412118, 39.968282519492249 ], [ -82.985954234618788, 39.968292443740047 ], [ -82.985950665833997, 39.968302680404044 ], [ -82.985948396306185, 39.968313134116421 ], [ -82.985947447179512, 39.968323707487308 ], [ -82.98594782729694, 39.968334302011947 ], [ -82.985949533117775, 39.96834481898852 ], [ -82.985952548750674, 39.968355160437625 ], [ -82.985956846101629, 39.96836523001506 ], [ -82.985962385135679, 39.968374933909445 ], [ -82.985969114249926, 39.968384181716111 ], [ -82.98597697075418, 39.968392887279549 ], [ -82.985985881455079, 39.968400969495811 ], [ -82.985995763337883, 39.968408353068313 ], [ -82.98600652433997, 39.968414969209178 ], [ -82.986018064208423, 39.96842075628021 ], [ -82.986030275434047, 39.96842566036711 ], [ -82.986043044252995, 39.968429635781682 ], [ -82.986056251706628, 39.968432645487603 ], [ -82.986069774749737, 39.968434661445421 ], [ -82.986083487396996, 39.968435664873773 ], [ -82.986097261896589, 39.968435646424354 ], [ -82.986110969920489, 39.968434606269049 ], [ -82.986124483759937, 39.968432554098314 ], [ -82.986131329064122, 39.968431247647786 ], [ -82.986144933410117, 39.96842809039147 ], [ -82.986158062249359, 39.968423907810951 ], [ -82.986170585418463, 39.968418741373647 ], [ -82.986182378758897, 39.968412642301217 ], [ -82.986193325347926, 39.968405671061873 ], [ -82.986203316657921, 39.968397896770576 ], [ -82.986212253632289, 39.968389396504108 ], [ -82.986220047667516, 39.968380254536712 ], [ -82.986226621491639, 39.968370561504571 ], [ -82.986231909930325, 39.96836041350732 ], [ -82.986235860552995, 39.968349911155222 ], [ -82.986238434192671, 39.968339158571595 ], [ -82.986239605334191, 39.968328262360657 ], [ -82.986239362367158, 39.968317330550448 ], [ -82.986237707701122, 39.968306471522027 ], [ -82.98623465774152, 39.968295792934754 ], [ -82.986230242727103, 39.968285400658914 ], [ -82.986224506430105, 39.96827539772633 ], [ -82.986217505722166, 39.968265883308668 ], [ -82.986209310010651, 39.968256951734283 ], [ -82.986200000550284, 39.968248691553022 ], [ -82.986189669637767, 39.968241184658382 ], [ -82.986178419696571, 39.968234505475522 ], [ -82.986166362261571, 39.968228720223514 ], [ -82.986153616873224, 39.968223886258691 ], [ -82.986140309892448, 39.968220051506144 ], [ -82.986126573247816, 39.968217253984513 ], [ -82.986122934881493, 39.968216660394226 ], [ -82.986108978007451, 39.96821493403931 ], [ -82.986094867632062, 39.968214278586103 ], [ -82.986080742203455, 39.968214700465737 ], [ -82.986066740317483, 39.968216195538872 ], [ -82.986052999357838, 39.968218749136135 ], [ -82.986039654148087, 39.968222336202118 ], [ -82.986026835628849, 39.96822692154123 ], [ -82.986014669572967, 39.96823246016308 ], [ -82.986003275351621, 39.968238897723751 ] ], [ [ -82.987782645244252, 39.966532800728707 ], [ -82.987783387955545, 39.966522045666743 ], [ -82.987782757767093, 39.96651128635353 ], [ -82.987780760742254, 39.966500626299442 ], [ -82.987777416094104, 39.966490168059991 ], [ -82.987772756000581, 39.966480012249001 ], [ -82.987766825294784, 39.966470256570744 ], [ -82.987759681033765, 39.966460994880016 ], [ -82.987751391949487, 39.966452316279089 ], [ -82.987742037787669, 39.966444304260591 ], [ -82.987731708540494, 39.966437035904328 ], [ -82.987720503580903, 39.966430581135555 ], [ -82.987708530706541, 39.966425002052446 ], [ -82.987695905102669, 39.966420352328591 ], [ -82.987682748234093, 39.966416676696731 ], [ -82.987673658368877, 39.966414519151527 ], [ -82.98766995160095, 39.966413485286992 ], [ -82.987656340240392, 39.966410818954913 ], [ -82.987642454163861, 39.966409195102401 ], [ -82.987628427886079, 39.966408629459728 ], [ -82.98761439727987, 39.966409127506282 ], [ -82.987600498260008, 39.966410684417504 ], [ -82.987586865466582, 39.966413285111557 ], [ -82.98757363096081, 39.96641690439543 ], [ -82.98756092294569, 39.966421507209049 ], [ -82.987548864524186, 39.966427048964881 ], [ -82.987537572506767, 39.966433475979727 ], [ -82.987527156279697, 39.96644072599495 ], [ -82.987517716745614, 39.966448728779355 ], [ -82.987513350040913, 39.966453255429691 ], [ -82.987508112660208, 39.966458161781198 ], [ -82.987505267131866, 39.966460575109167 ], [ -82.987496908256674, 39.966469240975798 ], [ -82.987489695294613, 39.966478496350547 ], [ -82.987483697917966, 39.966488251833397 ], [ -82.987478974057467, 39.966498413193598 ], [ -82.987475569342735, 39.966508882279868 ], [ -82.987473516661368, 39.966519557968574 ], [ -82.987472835841444, 39.96653033714027 ], [ -82.98747353345982, 39.966541115676002 ], [ -82.987475602778602, 39.966551789462855 ], [ -82.987479023810323, 39.96656225539968 ], [ -82.987483763510824, 39.966572412392949 ], [ -82.987489776098528, 39.966582162333324 ], [ -82.987497003496571, 39.96659141104319 ], [ -82.987505375893804, 39.966600069186491 ], [ -82.987514812419093, 39.96660805313158 ], [ -82.987525221922468, 39.966615285759076 ], [ -82.987536503855594, 39.966621697206776 ], [ -82.987542436005455, 39.966624733500204 ], [ -82.987554421029856, 39.966630237128392 ], [ -82.987567047449446, 39.966634813580768 ], [ -82.987580194486512, 39.96663841908132 ], [ -82.987593736383374, 39.966641019141733 ], [ -82.987607543605193, 39.966642588891162 ], [ -82.987621484079213, 39.966643113314163 ], [ -82.987635424457977, 39.966642587394382 ], [ -82.987649231394997, 39.966641016162527 ], [ -82.987662772820201, 39.966638414648195 ], [ -82.987675919203298, 39.966634807736092 ], [ -82.987688544792832, 39.966630229928086 ], [ -82.987700528819062, 39.966624725013133 ], [ -82.987711756649162, 39.966618345648399 ], [ -82.987716827391012, 39.966614826547008 ], [ -82.987719565234997, 39.966613108405589 ], [ -82.987730820880302, 39.966606732600333 ], [ -82.987741225854293, 39.966599528457053 ], [ -82.9877506635477, 39.966591574634613 ], [ -82.9877590431648, 39.966582947653329 ], [ -82.987766284089318, 39.966573730509751 ], [ -82.987772316659914, 39.966564011877963 ], [ -82.987777082840338, 39.966553885256722 ], [ -82.987780536777862, 39.966543448069793 ], [ -82.987782645244252, 39.966532800728707 ] ], [ [ -82.988146907121632, 39.967985539006357 ], [ -82.988151879538563, 39.967975457945734 ], [ -82.98815554296101, 39.967965050242277 ], [ -82.988157862064028, 39.967954416255182 ], [ -82.988158814485615, 39.967943658525598 ], [ -82.988158391042433, 39.967932880787856 ], [ -82.98815659581831, 39.967922186969147 ], [ -82.988153446124755, 39.967911680187449 ], [ -82.98814897233413, 39.967901461757094 ], [ -82.988143217586654, 39.967891630211881 ], [ -82.988136237374448, 39.967882280354956 ], [ -82.988128099006417, 39.967873502344602 ], [ -82.988118880959121, 39.967865380824925 ], [ -82.988108672120191, 39.967857994109607 ], [ -82.988097570931004, 39.967851413426807 ], [ -82.988085684437607, 39.967845702232282 ], [ -82.988073127258431, 39.96784091559752 ], [ -82.98806002047904, 39.967837099678754 ], [ -82.988046490484578, 39.967834291271856 ], [ -82.988032667741109, 39.967832517457481 ], [ -82.988024636578132, 39.967832102684554 ], [ -82.988021880447818, 39.967831843371876 ], [ -82.988018737123539, 39.967830404210439 ], [ -82.988010373038662, 39.967826107747143 ], [ -82.987998340431048, 39.96782056437646 ], [ -82.98798565877793, 39.967815956527311 ], [ -82.987972450554921, 39.967812328700916 ], [ -82.987958843322929, 39.967809715933655 ], [ -82.987944968496365, 39.967808143458797 ], [ -82.987930960073953, 39.967807626462807 ], [ -82.987916953344623, 39.967808169938728 ], [ -82.987903083580917, 39.967809768637792 ], [ -82.987889484732648, 39.967812407120284 ], [ -82.987876288133279, 39.967816059904585 ], [ -82.987863621231483, 39.967820691713193 ], [ -82.987851606360394, 39.967826257813584 ], [ -82.98784035955606, 39.967832704450068 ], [ -82.987829989436904, 39.967839969362977 ], [ -82.987820596154663, 39.967847982390019 ], [ -82.987812270427213, 39.967856666143781 ], [ -82.987805092662342, 39.967865936759118 ], [ -82.987799132181266, 39.967875704703182 ], [ -82.987794446549117, 39.967885875639979 ], [ -82.987791100133407, 39.967896291845001 ], [ -82.987790205488707, 39.967897134038928 ], [ -82.987781951223809, 39.967905725733445 ], [ -82.987774821235377, 39.967914894002426 ], [ -82.987771655471619, 39.967920042876194 ], [ -82.987771019712767, 39.967919835655728 ], [ -82.987757468557149, 39.96791659634917 ], [ -82.987743566299102, 39.967914408542967 ], [ -82.987729450389892, 39.967913293867959 ], [ -82.987715260393074, 39.967913263344855 ], [ -82.987701136604713, 39.967914317275458 ], [ -82.987687218666309, 39.967916445239588 ], [ -82.987676072906297, 39.967918597540496 ], [ -82.987662504262673, 39.96792177688129 ], [ -82.987649412810811, 39.967925976890193 ], [ -82.987636927872586, 39.967931156078123 ], [ -82.987625172778621, 39.967937263283311 ], [ -82.987614263649945, 39.967944238176678 ], [ -82.987604308250994, 39.967952011857783 ], [ -82.98759540492496, 39.967960507535523 ], [ -82.987587641622468, 39.967969641286587 ], [ -82.987581095032624, 39.96797932288451 ], [ -82.987575829825531, 39.967989456691043 ], [ -82.987571898013357, 39.967999942600692 ], [ -82.987569338436643, 39.968010677029845 ], [ -82.987568176380435, 39.968021553939749 ], [ -82.987568423324646, 39.968032465884193 ], [ -82.987570076830522, 39.968043305070864 ], [ -82.987573120564747, 39.968053964426055 ], [ -82.987577524460775, 39.968064338652511 ], [ -82.987583245015742, 39.968074325269512 ], [ -82.987590225720297, 39.968083825625285 ], [ -82.987598397616694, 39.968092745871459 ], [ -82.987607679980087, 39.968100997890247 ], [ -82.987617981115832, 39.968108500164782 ], [ -82.987629199265356, 39.968115178584505 ], [ -82.987641223611334, 39.968120967177185 ], [ -82.987653935372407, 39.968125808760718 ], [ -82.987667208976546, 39.968129655507859 ], [ -82.98768091330156, 39.968132469418826 ], [ -82.987694912970298, 39.968134222696619 ], [ -82.987709069688123, 39.968134898021603 ], [ -82.987717543899947, 39.968134977594552 ], [ -82.987717545777571, 39.968134859212128 ], [ -82.987725178495154, 39.968134901036557 ], [ -82.987738700214464, 39.968133982761316 ], [ -82.987752047374727, 39.968132080138517 ], [ -82.987765099217043, 39.96812921038218 ], [ -82.98777773765444, 39.968125399456554 ], [ -82.987789848340284, 39.968120681841086 ], [ -82.987801321702861, 39.968115100218597 ], [ -82.987812053936722, 39.96810870508898 ], [ -82.987821947941896, 39.968101554312341 ], [ -82.987830914202362, 39.9680937125855 ], [ -82.987831256259696, 39.968093383063497 ], [ -82.987833800099509, 39.968091150997935 ], [ -82.987842050081383, 39.968082267544681 ], [ -82.987849112697305, 39.968072797599618 ], [ -82.987851070213722, 39.968069438264791 ], [ -82.987857271355679, 39.968071222777951 ], [ -82.987870688542628, 39.96807397524563 ], [ -82.98788438987674, 39.968075711359333 ], [ -82.987898245638036, 39.968076414682123 ], [ -82.987912124644481, 39.968076078555129 ], [ -82.987925895493888, 39.968074706160678 ], [ -82.987939427808158, 39.968072310492232 ], [ -82.987998702391195, 39.96805945128893 ], [ -82.988054857762734, 39.96804726883623 ], [ -82.988068142625281, 39.968043836731994 ], [ -82.98808092594868, 39.968039418622268 ], [ -82.988093084465902, 39.968034057110067 ], [ -82.988104500934867, 39.968027803895396 ], [ -82.988115065268985, 39.968020719276787 ], [ -82.988124675598741, 39.968012871569783 ], [ -82.988133239254026, 39.968004336448288 ], [ -82.988140673657639, 39.967995196214687 ], [ -82.988146907121632, 39.967985539006357 ] ], [ [ -82.98885337871711, 39.966264908812491 ], [ -82.988840220729912, 39.966268502864352 ], [ -82.988827582178104, 39.966273069116653 ], [ -82.988815584048112, 39.9662785638575 ], [ -82.988804341195802, 39.966284934486843 ], [ -82.98879396124704, 39.966292120019915 ], [ -82.988789263990199, 39.966295706777331 ], [ -82.988779647477742, 39.966303823701963 ], [ -82.988771132919894, 39.966312639237827 ], [ -82.988763805507375, 39.966322065183277 ], [ -82.988757738553389, 39.966332007229255 ], [ -82.988752992759942, 39.966342365902982 ], [ -82.988749615610587, 39.966353037563096 ], [ -82.988747640895241, 39.966363915436794 ], [ -82.988747088372136, 39.966374890687881 ], [ -82.98874796357012, 39.966385853505884 ], [ -82.98875025773323, 39.966396694204697 ], [ -82.988753947908364, 39.966407304319929 ], [ -82.98875899717487, 39.966417577694244 ], [ -82.988765355013882, 39.966427411539492 ], [ -82.98877295781385, 39.966436707465014 ], [ -82.988781729506854, 39.966445372462225 ], [ -82.988791582329839, 39.966453319835118 ], [ -82.988802417702502, 39.966460470067744 ], [ -82.988814127213757, 39.966466751619699 ], [ -82.98882659370642, 39.966472101642097 ], [ -82.988839692449332, 39.966476466606167 ], [ -82.988853292385372, 39.966479802839039 ], [ -82.988867257442791, 39.966482076960645 ], [ -82.988881447896588, 39.966483266217608 ], [ -82.988895721766625, 39.966483358711031 ], [ -82.988909936238059, 39.966482353515524 ], [ -82.988920509529066, 39.966481193068638 ], [ -82.988934029695102, 39.966479193001092 ], [ -82.988947236457022, 39.966476199749728 ], [ -82.988960006889812, 39.966472241175012 ], [ -82.988972222129675, 39.96646735412228 ], [ -82.988983768480551, 39.9664615840789 ], [ -82.988994538472255, 39.966454984750918 ], [ -82.989004431860835, 39.966447617563084 ], [ -82.989013356561642, 39.966439551087198 ], [ -82.989021229506321, 39.966430860403747 ], [ -82.989027977416129, 39.966421626403232 ], [ -82.989033537483891, 39.966411935033108 ], [ -82.989037857958564, 39.966401876497848 ], [ -82.989040898626996, 39.96639154441943 ], [ -82.989042631188099, 39.966381034965771 ], [ -82.989043039516318, 39.966370445955718 ], [ -82.989042119811657, 39.966359875948605 ], [ -82.989039880635033, 39.966349423326797 ], [ -82.989036342828598, 39.966339185380079 ], [ -82.989031539321729, 39.966329257400005 ], [ -82.989025514824448, 39.966319731793057 ], [ -82.989018325411323, 39.966310697220564 ], [ -82.989010037999492, 39.966302237773306 ], [ -82.989000729725859, 39.966294432189088 ], [ -82.988990487229046, 39.966287353119668 ], [ -82.988979405843054, 39.966281066454656 ], [ -82.988967588709869, 39.966275630708203 ], [ -82.988961982081989, 39.96627332658948 ], [ -82.988961752794722, 39.966273220879906 ], [ -82.988949131744874, 39.966268626055943 ], [ -82.98893598754718, 39.966265002253095 ], [ -82.988922446028454, 39.966262384161318 ], [ -82.988908636818948, 39.966260796843038 ], [ -82.988894692111415, 39.966260255493339 ], [ -82.988880745395704, 39.966260765294443 ], [ -82.988866930180848, 39.966262321366152 ], [ -82.98885337871711, 39.966264908812491 ] ], [ [ -82.991044464658572, 39.96743139306821 ], [ -82.991052355249252, 39.967422571886239 ], [ -82.991059091601869, 39.967413201256427 ], [ -82.991064609648561, 39.96740337030127 ], [ -82.99106885690874, 39.967393172521206 ], [ -82.991071792987995, 39.967382704905532 ], [ -82.991073389962438, 39.967372067009777 ], [ -82.991073632644159, 39.967361360008987 ], [ -82.991072518725673, 39.967350685735354 ], [ -82.991070058801881, 39.967340145709834 ], [ -82.991066276269208, 39.967329840176468 ], [ -82.99106120710313, 39.967319867149065 ], [ -82.991054899515973, 39.967310321479012 ], [ -82.991047413498336, 39.967301293953142 ], [ -82.991038820248548, 39.967292870430306 ], [ -82.991029201495508, 39.967285131024752 ], [ -82.991018648721337, 39.967278149344253 ], [ -82.991007262291333, 39.967271991789964 ], [ -82.990995150499415, 39.967266716924989 ], [ -82.990982428538175, 39.967262374917361 ], [ -82.990969217403318, 39.967259007062893 ], [ -82.99095564274289, 39.967256645392439 ], [ -82.990941833662291, 39.967255312367321 ], [ -82.990927921496422, 39.967255020665611 ], [ -82.990914038560561, 39.967255773061595 ], [ -82.990736199517897, 39.96727214770975 ], [ -82.990732818437948, 39.967272331646392 ], [ -82.990729990633554, 39.967270477973692 ], [ -82.990725514513457, 39.967267240960233 ], [ -82.990714626027341, 39.967260766260324 ], [ -82.990702977687533, 39.967255128609025 ], [ -82.99069067780519, 39.967250380427544 ], [ -82.990677840749797, 39.967246565866368 ], [ -82.99066458588554, 39.967243720394897 ], [ -82.990664372420312, 39.967243691250154 ], [ -82.990670118824113, 39.967242999720938 ], [ -82.990683399971147, 39.967240376601751 ], [ -82.990696292635349, 39.967236784844097 ], [ -82.990708677793194, 39.967232257606717 ], [ -82.990720441106404, 39.967226836684503 ], [ -82.990731473977647, 39.967220572122805 ], [ -82.990737035663201, 39.967217084537488 ], [ -82.990740330797436, 39.967216614123394 ], [ -82.991047447084838, 39.967184718394343 ], [ -82.991061293133271, 39.967182740894451 ], [ -82.991074818459751, 39.967179722972922 ], [ -82.991087891354397, 39.967175694018387 ], [ -82.991100384513175, 39.967170693264805 ], [ -82.991112176277639, 39.967164769409678 ], [ -82.991123151819579, 39.967157980139511 ], [ -82.991133204259313, 39.967150391568353 ], [ -82.991142235706349, 39.967142077593763 ], [ -82.991150158212818, 39.967133119177284 ], [ -82.991156894629768, 39.967123603555969 ], [ -82.991162379358457, 39.96711362339299 ], [ -82.991166558989178, 39.967103275875047 ], [ -82.991169392821305, 39.967092661766209 ], [ -82.991170853259661, 39.967081884426499 ], [ -82.991170926083171, 39.967071048805465 ], [ -82.991169610583313, 39.967060260420169 ], [ -82.991164086608038, 39.967030721427868 ], [ -82.991158114011228, 39.966998854872983 ], [ -82.991155455912278, 39.966988335942929 ], [ -82.991151477936839, 39.966978066462403 ], [ -82.991146217970751, 39.966968144235402 ], [ -82.991139726109154, 39.966958663758753 ], [ -82.991132064179325, 39.966949715322073 ], [ -82.991123305152001, 39.966941384147987 ], [ -82.991113532446221, 39.96693374958042 ], [ -82.991102839134939, 39.966926884328956 ], [ -82.991091327058655, 39.966920853776422 ], [ -82.991079105855462, 39.966915715356194 ], [ -82.991066291916894, 39.966911518005134 ], [ -82.99105300727949, 39.966908301697714 ], [ -82.991039378462517, 39.966906097065113 ], [ -82.991025535263034, 39.966904925103691 ], [ -82.991011609519873, 39.966904796974845 ], [ -82.990997733857895, 39.966905713898868 ], [ -82.990715789251496, 39.966935066288301 ], [ -82.990712382382327, 39.966935291400652 ], [ -82.990711139757082, 39.96693464037174 ], [ -82.990699070372699, 39.966928969321863 ], [ -82.990686330778288, 39.966924245276388 ], [ -82.990673046078683, 39.966920514626196 ], [ -82.990659346731633, 39.966917814006756 ], [ -82.990645367266723, 39.966916169938585 ], [ -82.990631244964348, 39.966915598566608 ], [ -82.990617118507487, 39.966916105501859 ], [ -82.990603126619959, 39.966917685766127 ], [ -82.99058940670416, 39.966920323840988 ], [ -82.990576093491626, 39.966923993820153 ], [ -82.990563317720131, 39.966928659663907 ], [ -82.990551204849737, 39.966934275552958 ], [ -82.990539873830812, 39.966940786338419 ], [ -82.990529435935926, 39.966948128083466 ], [ -82.990519993667107, 39.96695622869094 ], [ -82.990511639749286, 39.966965008611616 ], [ -82.990504456219711, 39.966974381625263 ], [ -82.990498513622313, 39.966984255687315 ], [ -82.99049387031495, 39.966994533832811 ], [ -82.990490571896288, 39.967005115128586 ], [ -82.99048865075801, 39.967015895664403 ], [ -82.990488125766674, 39.967026769573486 ], [ -82.990489002078462, 39.967037630071985 ], [ -82.990495134550159, 39.967079745649919 ], [ -82.990495509539997, 39.967083451126491 ], [ -82.990498749183018, 39.967140266286805 ], [ -82.990500007597419, 39.967150772173945 ], [ -82.990502570581754, 39.967161136639007 ], [ -82.990506414475533, 39.967171263998743 ], [ -82.990511503793016, 39.967181060758854 ], [ -82.990517791550829, 39.967190436476969 ], [ -82.990525219701723, 39.967199304597742 ], [ -82.990533719670395, 39.967207583251813 ], [ -82.990543212986566, 39.967215196011729 ], [ -82.990553612009464, 39.967222072597451 ], [ -82.990564820736779, 39.967228149525113 ], [ -82.990576735691079, 39.967233370693322 ], [ -82.990589246875047, 39.96723768790082 ], [ -82.990602238786948, 39.967241061291659 ], [ -82.990609839970205, 39.967242426627465 ], [ -82.99059642932086, 39.967244628684291 ], [ -82.99058331046642, 39.967247825625513 ], [ -82.990570652784029, 39.967251979942624 ], [ -82.990558573970063, 39.96725705300716 ], [ -82.990547186338404, 39.96726299764763 ], [ -82.990536595776106, 39.967269758588372 ], [ -82.990526900758837, 39.967277272963351 ], [ -82.9905181914352, 39.967285470900734 ], [ -82.990510548788492, 39.967294276172716 ], [ -82.990504043883732, 39.967303606904117 ], [ -82.990498737206707, 39.967313376333856 ], [ -82.990494678101726, 39.967323493621514 ], [ -82.990491904312663, 39.967333864692222 ], [ -82.990490847223029, 39.967341473655104 ], [ -82.990490829880841, 39.967341472227531 ], [ -82.990490108255656, 39.967346662291831 ], [ -82.990486926461188, 39.967347431885351 ], [ -82.990289779765533, 39.967387176857983 ], [ -82.990276355942584, 39.967390435268705 ], [ -82.99026341460258, 39.967394695373592 ], [ -82.99025108164868, 39.96739991572715 ], [ -82.990239477065302, 39.967406045541857 ], [ -82.990228713750739, 39.967413025182232 ], [ -82.990218896418966, 39.967420786745073 ], [ -82.990210120580755, 39.967429254719953 ], [ -82.990202471614552, 39.967438346724016 ], [ -82.990196023935823, 39.967447974303191 ], [ -82.990190840273073, 39.967458043793023 ], [ -82.99018697105754, 39.9674684572297 ], [ -82.990184453932557, 39.967479113303163 ], [ -82.990183313387334, 39.96748990834282 ], [ -82.990183560518602, 39.967500737325999 ], [ -82.990185192922752, 39.967511494899753 ], [ -82.990188194719082, 39.967522076405849 ], [ -82.990192536704328, 39.967532378898945 ], [ -82.990198176636738, 39.967542302148075 ], [ -82.990205059647025, 39.967551749611822 ], [ -82.990213118772161, 39.96756062937758 ], [ -82.990222275606811, 39.967568855055724 ], [ -82.990232441066141, 39.967576346620135 ], [ -82.990243516252505, 39.967583031186692 ], [ -82.990255393417556, 39.967588843722368 ], [ -82.990267957010545, 39.967593727678029 ], [ -82.990281084802533, 39.967597635538496 ], [ -82.990294649075466, 39.967600529284837 ], [ -82.990308517864833, 39.967602380764284 ], [ -82.990322556243427, 39.967603171964051 ], [ -82.990328318550723, 39.967603277416941 ], [ -82.990455076852754, 39.967610919427585 ], [ -82.99045843507821, 39.967611248426337 ], [ -82.990462075297529, 39.967614791389316 ], [ -82.990471373346423, 39.967622973644907 ], [ -82.990481677146462, 39.967630408528485 ], [ -82.990492885744501, 39.967637023195316 ], [ -82.990504889322366, 39.967642752836923 ], [ -82.990517570272758, 39.967647541316019 ], [ -82.990530804351636, 39.967651341716525 ], [ -82.990544461895553, 39.967654116803203 ], [ -82.990558409091932, 39.967655839386644 ], [ -82.990572509290303, 39.967656492589441 ], [ -82.990586624341063, 39.967656070011721 ], [ -82.990600615949077, 39.96765457579378 ], [ -82.990614347028739, 39.967652024575507 ], [ -82.990627683047009, 39.967648441353006 ], [ -82.990640493341601, 39.96764386123359 ], [ -82.990652652401195, 39.96763832909194 ], [ -82.990664041095172, 39.967631899130261 ], [ -82.99067454784074, 39.967624634347402 ], [ -82.990684069696357, 39.967616605921471 ], [ -82.990692513370163, 39.967607892512476 ], [ -82.990699796134123, 39.967598579491685 ], [ -82.990705846634469, 39.96758875810513 ], [ -82.990710605590905, 39.967578524579565 ], [ -82.99071402637729, 39.967567979179776 ], [ -82.990716075478474, 39.967557225226116 ], [ -82.990716481036145, 39.967553986823368 ], [ -82.990719100245997, 39.967552091916225 ], [ -82.990791700003044, 39.967504736648301 ], [ -82.990794313408912, 39.967503187303947 ], [ -82.990797481372027, 39.967502478557897 ], [ -82.990964399502261, 39.96747155614031 ], [ -82.990977755274983, 39.967468544812988 ], [ -82.990990666316435, 39.967464546796748 ], [ -82.991003009831758, 39.967459600116108 ], [ -82.991014668423816, 39.967453751818191 ], [ -82.991025531209701, 39.967447057525249 ], [ -82.991035494875462, 39.967439580905612 ], [ -82.991044464658572, 39.96743139306821 ] ], [ [ -82.990639206521152, 39.966187429161025 ], [ -82.990638549429306, 39.966176714197701 ], [ -82.990636536736233, 39.966166099695499 ], [ -82.990633187650175, 39.966155686951197 ], [ -82.990628534132895, 39.966145575336199 ], [ -82.99062262059455, 39.966135861348086 ], [ -82.990615503469982, 39.966126637689712 ], [ -82.990607250680014, 39.966117992384653 ], [ -82.990597940983321, 39.966110007936997 ], [ -82.990587663224773, 39.966102760544125 ], [ -82.990576515487604, 39.966096319369562 ], [ -82.990564604157342, 39.966090745882845 ], [ -82.990559305299925, 39.966088531705573 ], [ -82.990556418486449, 39.966087029058905 ], [ -82.990550719472793, 39.966083744759281 ], [ -82.990538713328647, 39.966078151158634 ], [ -82.990526051143604, 39.966073492116301 ], [ -82.990512855401619, 39.966069812700106 ], [ -82.990499253747814, 39.966067148501786 ], [ -82.990485377753686, 39.966065525292663 ], [ -82.990471361644481, 39.966064958774339 ], [ -82.990457341000763, 39.966065454426889 ], [ -82.990443451446936, 39.966067007455727 ], [ -82.990429827339412, 39.966069602838161 ], [ -82.990416600466901, 39.966073215468455 ], [ -82.990403898775625, 39.966077810400982 ], [ -82.990391845131711, 39.966083343188039 ], [ -82.990380556132649, 39.966089760309828 ], [ -82.990370140979479, 39.966096999692219 ], [ -82.990360700420396, 39.966104991307141 ], [ -82.990352325776286, 39.966113657850038 ], [ -82.990348815774453, 39.966117690181598 ], [ -82.990343031435373, 39.966119533738294 ], [ -82.990341757025234, 39.966119884705535 ], [ -82.990329119198236, 39.966124482952303 ], [ -82.990317126713109, 39.966130010588707 ], [ -82.99030589465292, 39.966136414570109 ], [ -82.99029553080365, 39.9661436334423 ], [ -82.990286134619723, 39.966151597931102 ], [ -82.990277796269766, 39.966160231607141 ], [ -82.990270595771193, 39.966169451619436 ], [ -82.990264602222382, 39.966179169490211 ], [ -82.990259873139607, 39.966189291964106 ], [ -82.990256453904991, 39.966199721903102 ], [ -82.990254377331098, 39.966210359218536 ], [ -82.990253663345911, 39.96622110183165 ], [ -82.990254318801689, 39.966231846653294 ], [ -82.990256337409107, 39.966242490572945 ], [ -82.990259699797633, 39.966252931448373 ], [ -82.990264373701365, 39.96626306908577 ], [ -82.990270314268642, 39.966272806201268 ], [ -82.990277464492451, 39.966282049354461 ], [ -82.990285755757441, 39.966290709845119 ], [ -82.990295108498415, 39.966298704564451 ], [ -82.990305432963794, 39.966305956792539 ], [ -82.990316630076919, 39.96631239693464 ], [ -82.990328592386845, 39.966317963189042 ], [ -82.990341205099469, 39.966322602140131 ], [ -82.990347585918997, 39.966324659994179 ], [ -82.990347643528992, 39.966324704606684 ], [ -82.990357996010417, 39.966331970460132 ], [ -82.990369224657201, 39.966338420075672 ], [ -82.990381221212175, 39.966343991271415 ], [ -82.9903938700146, 39.966348630334458 ], [ -82.990407049115205, 39.966352292538744 ], [ -82.990420631451912, 39.966354942576345 ], [ -82.990434486074975, 39.966356554897729 ], [ -82.990448479409409, 39.966357113958175 ], [ -82.990462476542888, 39.966356614367754 ], [ -82.990476342526449, 39.966355060943052 ], [ -82.990489943675584, 39.966352468660951 ], [ -82.990503148859148, 39.966348862514081 ], [ -82.990515830763641, 39.966344277270025 ], [ -82.990527867120591, 39.966338757135908 ], [ -82.990539141885534, 39.96633235533232 ], [ -82.990549546356675, 39.966325133580163 ], [ -82.990558980222985, 39.966317161505643 ], [ -82.990567352531286, 39.966308515968869 ], [ -82.99057458256317, 39.9662992803229 ], [ -82.9905806006132, 39.966289543610088 ], [ -82.9905853486609, 39.966279399703652 ], [ -82.990587188465966, 39.966273796403478 ], [ -82.990588129282244, 39.966271421837853 ], [ -82.990588834590724, 39.966270877297752 ], [ -82.990597596529128, 39.966264741167173 ], [ -82.990606941738349, 39.966256781306434 ], [ -82.990615232982847, 39.966248157805005 ], [ -82.990622391137336, 39.966238952959337 ], [ -82.990628347890024, 39.966229254613857 ], [ -82.990633046394478, 39.966219155322513 ], [ -82.9906364418122, 39.966208751465594 ], [ -82.990638501740364, 39.966198142329851 ], [ -82.990639206521152, 39.966187429161025 ] ], [ [ -82.990522889177086, 39.969102816738634 ], [ -82.990509094977469, 39.9691002244694 ], [ -82.990495034252746, 39.969098699767279 ], [ -82.99048084620479, 39.969098257726877 ], [ -82.990466671295891, 39.969098902724454 ], [ -82.990452649858298, 39.969100628374441 ], [ -82.990438920704932, 39.969103417592862 ], [ -82.990425619755072, 39.969107242766313 ], [ -82.990412878688872, 39.969112066025403 ], [ -82.99040082364364, 39.969117839619585 ], [ -82.990389573965146, 39.969124506389967 ], [ -82.990379241026091, 39.9691320003352 ], [ -82.990369927123439, 39.969140247264733 ], [ -82.990361724465842, 39.969149165533487 ], [ -82.990354714260533, 39.969158666849971 ], [ -82.990348965909575, 39.969168657150504 ], [ -82.990344536322581, 39.969179037530395 ], [ -82.990341469353439, 39.96918970522308 ], [ -82.990339795365998, 39.969200554617473 ], [ -82.990330106622196, 39.969309382143294 ], [ -82.990330027963594, 39.969312494355357 ], [ -82.990326423548325, 39.969317634027227 ], [ -82.990326501013428, 39.969317666188637 ], [ -82.990325544088122, 39.969318906580021 ], [ -82.990319162479452, 39.969329674452837 ], [ -82.990314324057195, 39.969340908219444 ], [ -82.990311085024786, 39.969352477389428 ], [ -82.990309483007366, 39.96936424757623 ], [ -82.990299079663572, 39.969522840494101 ], [ -82.990299031762746, 39.969533124534713 ], [ -82.990300234519509, 39.96954336691909 ], [ -82.990302677384236, 39.969553477804126 ], [ -82.990306338929344, 39.969563368500225 ], [ -82.990311187037349, 39.969572952249081 ], [ -82.990317179182568, 39.969582144984855 ], [ -82.990324262804094, 39.969590866071556 ], [ -82.990332375766783, 39.969599039010276 ], [ -82.990341446906356, 39.96960659211031 ], [ -82.990351396653651, 39.969613459118015 ], [ -82.990355177987567, 39.969615832671387 ], [ -82.990366652361075, 39.969622329106819 ], [ -82.990378911357084, 39.969627912969422 ], [ -82.990391832817494, 39.969632528617147 ], [ -82.990405287982753, 39.969636130056088 ], [ -82.990419142775053, 39.969638681398663 ], [ -82.990433259134306, 39.969640157221271 ], [ -82.990447496393898, 39.969640542817672 ], [ -82.990461712682503, 39.969639834345408 ], [ -82.990475766337738, 39.969638038864325 ], [ -82.990489517317855, 39.969635174265974 ], [ -82.990502828597243, 39.969631269095537 ], [ -82.990515567531887, 39.969626362267128 ], [ -82.990527607181107, 39.969620502676328 ], [ -82.990538827572578, 39.969613748712653 ], [ -82.990549116897768, 39.969606167677924 ], [ -82.990558372626168, 39.969597835115451 ], [ -82.99056650252686, 39.969588834057355 ], [ -82.990573425587684, 39.969579254197143 ], [ -82.990579072822456, 39.969569190995912 ], [ -82.990583387958367, 39.969558744731096 ], [ -82.990586327996724, 39.969548019497211 ], [ -82.990587863641409, 39.969537122168603 ], [ -82.990600695187368, 39.96936730153147 ], [ -82.990600723204523, 39.969365095293647 ], [ -82.99060103096258, 39.969364627742543 ], [ -82.99060275584668, 39.969362511238586 ], [ -82.990637764142647, 39.969323617358064 ], [ -82.990644322215914, 39.96931707294052 ], [ -82.990652166287205, 39.969308414488665 ], [ -82.990658893730512, 39.969299216588617 ], [ -82.990664442392628, 39.969289564218116 ], [ -82.990668761011037, 39.969279546553608 ], [ -82.990671809687342, 39.969269256146404 ], [ -82.990673560255985, 39.969258788067577 ], [ -82.990673996544416, 39.969248239029682 ], [ -82.990673114522423, 39.969237706493118 ], [ -82.990670922339433, 39.969227287765861 ], [ -82.990667440249155, 39.96921707910434 ], [ -82.990662700422419, 39.96920717482417 ], [ -82.990656746650004, 39.969197666428897 ], [ -82.990649633937977, 39.969188641764461 ], [ -82.99064142799952, 39.969180184207723 ], [ -82.990632204647781, 39.969172371896107 ], [ -82.990622049095535, 39.969165277005757 ], [ -82.99061105516779, 39.969158965084716 ], [ -82.99060920882178, 39.969158007768726 ], [ -82.990608416542528, 39.969156851429446 ], [ -82.990601177883548, 39.96914745207372 ], [ -82.990592761072051, 39.969138652729121 ], [ -82.990583249435446, 39.96913054050971 ], [ -82.9905727371399, 39.969123195727001 ], [ -82.990561328257996, 39.969116691094733 ], [ -82.990549135738576, 39.969111091009161 ], [ -82.990536280288367, 39.96910645091139 ], [ -82.990522889177086, 39.969102816738634 ] ], [ [ -82.990584546357084, 39.96844503514518 ], [ -82.990571083859322, 39.968441467191262 ], [ -82.990557226283059, 39.968438949213933 ], [ -82.990543111577509, 39.968437506279116 ], [ -82.990528880251546, 39.968437152750887 ], [ -82.990514673974957, 39.968437892148579 ], [ -82.990500634168143, 39.968439717111629 ], [ -82.990486900594391, 39.968442609472937 ], [ -82.990473609968532, 39.968446540439643 ], [ -82.990460894595998, 39.968451470879828 ], [ -82.990448881055784, 39.968457351711955 ], [ -82.990437688940375, 39.968464124393599 ], [ -82.990427429665232, 39.968471721504088 ], [ -82.990418205359646, 39.968480067415754 ], [ -82.990410107850181, 39.968489079046634 ], [ -82.99040321774639, 39.968498666687751 ], [ -82.990397603638442, 39.968508734895956 ], [ -82.990393321414288, 39.968519183444116 ], [ -82.990390413703309, 39.96852990831885 ], [ -82.990388909451895, 39.968540802755953 ], [ -82.990386186331946, 39.968578222593045 ], [ -82.990386079842253, 39.968588801104481 ], [ -82.990387296857364, 39.96859933840755 ], [ -82.990389826081952, 39.968609736698689 ], [ -82.990393644041205, 39.96861989946445 ], [ -82.990398715298667, 39.968629732377593 ], [ -82.990404992785145, 39.968639144172222 ], [ -82.99041241823555, 39.9686480474912 ], [ -82.99042092272974, 39.968656359696844 ], [ -82.990430427332086, 39.968664003637961 ], [ -82.990440843824246, 39.968670908365944 ], [ -82.990452075523905, 39.968677009793261 ], [ -82.990464018182166, 39.968682251288477 ], [ -82.990476560951151, 39.968686584201578 ], [ -82.990489587412867, 39.968689968315921 ], [ -82.990502976659798, 39.968692372221113 ], [ -82.99051660441711, 39.968693773604883 ], [ -82.990530344196145, 39.968694159460043 ], [ -82.990544068468509, 39.968693526205158 ], [ -82.990557649849691, 39.96869187971793 ], [ -82.990570962281538, 39.968689235280543 ], [ -82.990583882202145, 39.968685617437856 ], [ -82.990596289692945, 39.96868105976958 ], [ -82.990608069591531, 39.968675604578522 ], [ -82.990619112560751, 39.968669302498064 ], [ -82.990629316103451, 39.968662212022139 ], [ -82.990638585513892, 39.968654398962272 ], [ -82.990646834756674, 39.968645935836776 ], [ -82.990646975580205, 39.968645775848692 ], [ -82.990648135824458, 39.968644893537814 ], [ -82.990657633505094, 39.968636922301798 ], [ -82.990666066076855, 39.96862827089474 ], [ -82.990673351751852, 39.968619023227504 ], [ -82.99067941986614, 39.968609268994015 ], [ -82.990684211565053, 39.968599102801427 ], [ -82.990687680374094, 39.968588623252487 ], [ -82.990689792649604, 39.968577931989174 ], [ -82.990690527905116, 39.968567132706781 ], [ -82.990689879009949, 39.968556330148353 ], [ -82.990687852258446, 39.968545629088602 ], [ -82.99068446730881, 39.968535133317715 ], [ -82.990679756992463, 39.968524944634808 ], [ -82.99067376699557, 39.968515161860417 ], [ -82.990666555415956, 39.968505879878151 ], [ -82.990660658458864, 39.968499751683623 ], [ -82.990659510603649, 39.968498428390475 ], [ -82.990657283489924, 39.968495219272924 ], [ -82.990649958317235, 39.968485824518702 ], [ -82.990641452885427, 39.968477038172914 ], [ -82.990631851864848, 39.968468947701851 ], [ -82.990621250832078, 39.968461633644608 ], [ -82.990609755318559, 39.968455168811104 ], [ -82.990597479759955, 39.968449617557432 ], [ -82.990584546357084, 39.96844503514518 ] ], [ [ -82.991542044144623, 39.964716073485633 ], [ -82.991544132475454, 39.964705397812864 ], [ -82.991544848295078, 39.964694615939798 ], [ -82.99154418468467, 39.964683832089413 ], [ -82.991542148059693, 39.964673150503735 ], [ -82.991538758107737, 39.964662674436227 ], [ -82.991534047598364, 39.964652505153673 ], [ -82.99152806206618, 39.964642740957267 ], [ -82.991520859370766, 39.964633476232414 ], [ -82.991512509137223, 39.964624800536356 ], [ -82.991503092083278, 39.964616797732454 ], [ -82.991492699238947, 39.964609545179549 ], [ -82.991481431066518, 39.964603112984193 ], [ -82.991469396489649, 39.96459756332299 ], [ -82.9914567118402, 39.964592949841489 ], [ -82.991443499733933, 39.964589317135719 ], [ -82.991441813001543, 39.964588992869345 ], [ -82.9914359675452, 39.964587630763241 ], [ -82.991430679954064, 39.964584288732411 ], [ -82.991430470375008, 39.964584142409052 ], [ -82.991419198351224, 39.964577705432283 ], [ -82.991407158987371, 39.964572151746033 ], [ -82.991394468774487, 39.964567535086786 ], [ -82.991381250500993, 39.964563900124517 ], [ -82.99136763206468, 39.964561282030566 ], [ -82.991353745235173, 39.964559706137102 ], [ -82.991339724379003, 39.964559187692224 ], [ -82.991325705159525, 39.964559731712299 ], [ -82.991311823224223, 39.964561332933485 ], [ -82.991298212892275, 39.964563975862632 ], [ -82.991285005854877, 39.964567634927242 ], [ -82.991272329901136, 39.964572274722833 ], [ -82.991260307681486, 39.964577850355518 ], [ -82.991249055521095, 39.964584307876457 ], [ -82.991238682294153, 39.964591584803721 ], [ -82.991229288370647, 39.964599610726964 ], [ -82.991220964644967, 39.964608307988641 ], [ -82.991213791656591, 39.964617592435381 ], [ -82.991207838810752, 39.964627374232414 ], [ -82.991203163706786, 39.964637558732413 ], [ -82.991199811580913, 39.964648047391712 ], [ -82.991199272788975, 39.964650180865725 ], [ -82.991196076624192, 39.964653891895921 ], [ -82.991188938156355, 39.964663132888361 ], [ -82.991183008241805, 39.964672866713414 ], [ -82.991178343718289, 39.964683000074103 ], [ -82.991174989294962, 39.964693435843927 ], [ -82.991172977124023, 39.964704073997829 ], [ -82.991172326492403, 39.96471481257084 ], [ -82.991173043636934, 39.964725548635514 ], [ -82.991175121684535, 39.964736179288323 ], [ -82.991178540718039, 39.964746602636119 ], [ -82.991183267967131, 39.964756718772627 ], [ -82.991189258122347, 39.964766430736177 ], [ -82.991196453769447, 39.964775645438955 ], [ -82.991204785939573, 39.9647842745593 ], [ -82.991214174770363, 39.964792235388224 ], [ -82.991224045640593, 39.964799113907127 ], [ -82.991224262468407, 39.964799280906327 ], [ -82.991225155788925, 39.964800120571176 ], [ -82.991231756237042, 39.964806997714817 ], [ -82.991241127305884, 39.964814987960892 ], [ -82.991251469954136, 39.964822233890665 ], [ -82.991262684815865, 39.964828665889407 ], [ -82.991274664145308, 39.964834222162168 ], [ -82.99128729285205, 39.964838849327457 ], [ -82.991300449606783, 39.964842502930054 ], [ -82.99131400800691, 39.964845147868282 ], [ -82.991327837791005, 39.964846758731028 ], [ -82.991341806090333, 39.96484732004204 ], [ -82.991355778705312, 39.964846826408561 ], [ -82.991369621394924, 39.964845282573137 ], [ -82.991383201166443, 39.96484270336807 ], [ -82.99139638755311, 39.9648391135729 ], [ -82.991409053867642, 39.964834547676361 ], [ -82.991421078419407, 39.964829049544974 ], [ -82.991432345683506, 39.964822672001674 ], [ -82.991442747410744, 39.964815476318222 ], [ -82.991452183667562, 39.964807531626604 ], [ -82.991460563796224, 39.964798914254857 ], [ -82.991463143170435, 39.964795635590633 ], [ -82.991465635023204, 39.964792792836555 ], [ -82.991468926889439, 39.964791451524746 ], [ -82.99148098829707, 39.964785936417634 ], [ -82.991492287574232, 39.96477953658222 ], [ -82.991502715496296, 39.964772313882762 ], [ -82.991512171261732, 39.964764338137755 ], [ -82.991520563466409, 39.964755686444889 ], [ -82.991527810987336, 39.964746442436002 ], [ -82.991533843766618, 39.964736695468495 ], [ -82.991538603488834, 39.9647265397616 ], [ -82.991542044144623, 39.964716073485633 ] ], [ [ -82.991966121355489, 39.967201620078789 ], [ -82.991964120165662, 39.967190948779901 ], [ -82.991960768489548, 39.967180479934555 ], [ -82.991956098642078, 39.967170314475503 ], [ -82.991950155646947, 39.967160550410327 ], [ -82.991942996802521, 39.96715128187676 ], [ -82.991934691129359, 39.967142598234929 ], [ -82.991925318704773, 39.967134583205763 ], [ -82.9919149698908, 39.967127314064015 ], [ -82.991903744462945, 39.967120860893118 ], [ -82.991901670433663, 39.967119786493498 ], [ -82.991900900219647, 39.967118892740999 ], [ -82.991892607323138, 39.967110224326298 ], [ -82.991883251270139, 39.967102222299559 ], [ -82.991872921962383, 39.967094963551517 ], [ -82.991861718653468, 39.967088517830682 ], [ -82.991849748995023, 39.967082947073372 ], [ -82.991837128002388, 39.96707830480841 ], [ -82.991823976949476, 39.96707463564281 ], [ -82.991810422203358, 39.967071974833182 ], [ -82.991796594010111, 39.967070347946958 ], [ -82.991782625243331, 39.967069770616703 ], [ -82.991768650127312, 39.967070248389916 ], [ -82.991754802947383, 39.967071776675724 ], [ -82.99174121675955, 39.967074340789047 ], [ -82.991728022112014, 39.967077916091533 ], [ -82.991715345790766, 39.967082468228512 ], [ -82.991703309601306, 39.967087953459 ], [ -82.991692029198276, 39.967094319076004 ], [ -82.991681612974119, 39.967101503912943 ], [ -82.991672161017547, 39.967109438931459 ], [ -82.991665302794686, 39.967116470379125 ], [ -82.991664528465279, 39.967117186951612 ], [ -82.99166119762954, 39.967117935176375 ], [ -82.991659530098346, 39.967118241865435 ], [ -82.991646287212177, 39.967121204675671 ], [ -82.991633477852019, 39.96712513723827 ], [ -82.991621221649382, 39.967130002825542 ], [ -82.991609633069714, 39.967135755995891 ], [ -82.991598820343356, 39.967142343018295 ], [ -82.991588884454742, 39.967149702374037 ], [ -82.991579918199236, 39.96715776533118 ], [ -82.99157200531657, 39.967166456586703 ], [ -82.991565219708662, 39.967175694969512 ], [ -82.991559624749428, 39.967185394198673 ], [ -82.991555272692977, 39.967195463689244 ], [ -82.991552204185439, 39.967205809398145 ], [ -82.99155044788543, 39.967216334702584 ], [ -82.991550020196385, 39.967226941302442 ], [ -82.991550925113259, 39.967237530138227 ], [ -82.991553154185269, 39.96724800231636 ], [ -82.991556686594748, 39.967258260032722 ], [ -82.991561489351582, 39.9672682074861 ], [ -82.991567517601283, 39.96727775177294 ], [ -82.991574715043868, 39.967286803754945 ], [ -82.991583014459707, 39.967295278891683 ], [ -82.991592338337242, 39.967303098030101 ], [ -82.991602599596945, 39.967310188143763 ], [ -82.991613702404578, 39.967316483014933 ], [ -82.991625543066178, 39.967321923852928 ], [ -82.991638010996567, 39.967326459843335 ], [ -82.991650989752188, 39.967330048622408 ], [ -82.991664358118484, 39.967332656672923 ], [ -82.991677991242241, 39.967334259637092 ], [ -82.991691761797384, 39.967334842544105 ], [ -82.991705294689595, 39.967334407867043 ], [ -82.991705348735508, 39.967334408175567 ], [ -82.991706424162416, 39.967335090798386 ], [ -82.991717638715798, 39.967341525265994 ], [ -82.99172961815124, 39.96734708396297 ], [ -82.991742247355091, 39.967351713474258 ], [ -82.991755404969837, 39.967355369313545 ], [ -82.991768964560208, 39.967358016350801 ], [ -82.991782795828243, 39.96735962914989 ], [ -82.99179676586526, 39.967360192213008 ], [ -82.991810740429088, 39.96735970012945 ], [ -82.991824585234113, 39.967358157627828 ], [ -82.991838167241568, 39.967355579530441 ], [ -82.991851355938024, 39.967351990611036 ], [ -82.991864024589603, 39.967347425356508 ], [ -82.991876051459656, 39.967341927635751 ], [ -82.991887320978776, 39.967335550277902 ], [ -82.99189772485515, 39.967328354564785 ], [ -82.991907163115343, 39.967320409642014 ], [ -82.991915545064813, 39.967311791854542 ], [ -82.991922790159549, 39.967302584013055 ], [ -82.991928828779933, 39.967292874598158 ], [ -82.991933602899778, 39.967282756910194 ], [ -82.99193388631123, 39.967282050040971 ], [ -82.991933959432842, 39.967281982099045 ], [ -82.991942356017844, 39.967273350366881 ], [ -82.991949611946069, 39.967264126632706 ], [ -82.991955657261556, 39.967254399825116 ], [ -82.991960433680248, 39.967244263722961 ], [ -82.991963895151954, 39.967233816051156 ], [ -82.991966008304303, 39.967223157538513 ], [ -82.991966752764455, 39.967212390946557 ], [ -82.991966121355489, 39.967201620078789 ] ], [ [ -82.991988820155782, 39.970298937001239 ], [ -82.991974839594974, 39.970298294518422 ], [ -82.991960844507645, 39.970298709493314 ], [ -82.991946969677286, 39.970300177929339 ], [ -82.991933348729276, 39.970302685684324 ], [ -82.991920112843914, 39.970306208606679 ], [ -82.991907389493107, 39.970310712767898 ], [ -82.991895301212722, 39.970316154789401 ], [ -82.99188396442247, 39.970322482260279 ], [ -82.991873488304719, 39.970329634242056 ], [ -82.991871011125468, 39.970331500378421 ], [ -82.991870802028046, 39.970331629717357 ], [ -82.991860323912817, 39.970338790353381 ], [ -82.991850809122624, 39.970346707190174 ], [ -82.991842349410007, 39.970355303884759 ], [ -82.991835026353399, 39.970364497538149 ], [ -82.991828910570362, 39.970374199494856 ], [ -82.991824061036709, 39.97038431619773 ], [ -82.991820524517635, 39.970394750090023 ], [ -82.991818335116903, 39.970405400556373 ], [ -82.991817513947808, 39.970416164892825 ], [ -82.991818068929646, 39.970426939297354 ], [ -82.991819994711278, 39.9704376198708 ], [ -82.991823272722726, 39.970448103618814 ], [ -82.991827871354232, 39.970458289444935 ], [ -82.991833746260994, 39.97046807912561 ], [ -82.991840840790871, 39.970477378257385 ], [ -82.991849086530593, 39.970486097167182 ], [ -82.991855353953682, 39.970491515144452 ], [ -82.991856979179332, 39.970493067704446 ], [ -82.991866290238278, 39.97050111928116 ], [ -82.991876582308421, 39.970508429780921 ], [ -82.991887756243528, 39.970514928779487 ], [ -82.991899704401973, 39.970520553670148 ], [ -82.991912311683762, 39.970525250266576 ], [ -82.991925456639265, 39.970528973325074 ], [ -82.991939012639179, 39.970531686980337 ], [ -82.991952849094488, 39.97053336509083 ], [ -82.991966832714397, 39.970533991490839 ], [ -82.991980828790403, 39.970533560146073 ], [ -82.991994702494054, 39.970532075211793 ], [ -82.992008320175685, 39.970529550992801 ], [ -82.992021550652055, 39.970526011805717 ], [ -82.992034266470057, 39.970521491744549 ], [ -82.992046345134469, 39.970516034352443 ], [ -82.992057670288048, 39.97050969220205 ], [ -82.992068132832472, 39.970502526389254 ], [ -82.99207154720817, 39.970499945938805 ], [ -82.992081191321361, 39.970493337202768 ], [ -82.992090678474341, 39.970485424331372 ], [ -82.992099112948381, 39.970476834695489 ], [ -82.9921064136703, 39.970467650860108 ], [ -82.992112510464864, 39.970457961101673 ], [ -82.992117344729252, 39.970447858559716 ], [ -82.992120869996342, 39.970437440341328 ], [ -82.992123052381331, 39.970426806588023 ], [ -82.992123870907449, 39.970416059512942 ], [ -82.992123317707538, 39.970405302418442 ], [ -82.99212139809967, 39.970394638703162 ], [ -82.992118130535971, 39.970384170868172 ], [ -82.992113546425301, 39.970373999531567 ], [ -82.992107689831229, 39.970364222461505 ], [ -82.992100617048578, 39.970354933636315 ], [ -82.992092396062176, 39.970346222341256 ], [ -82.992086056303336, 39.97034072887238 ], [ -82.992084602489896, 39.970339336086845 ], [ -82.992075307297071, 39.970331275505885 ], [ -82.992065029994706, 39.970323954749915 ], [ -82.992053869561602, 39.970317444323626 ], [ -82.992041933481673, 39.970311806927455 ], [ -82.992029336708853, 39.970307096853993 ], [ -82.992016200560002, 39.970303359464886 ], [ -82.992002651546471, 39.970300630754103 ], [ -82.991988820155782, 39.970298937001239 ] ], [ [ -82.99514071793395, 39.964275626184609 ], [ -82.995138275637359, 39.964264818621615 ], [ -82.995134444139708, 39.964254252499224 ], [ -82.995129261680788, 39.964244033269765 ], [ -82.995122779983348, 39.964234262923533 ], [ -82.995115063736719, 39.964225038970781 ], [ -82.995106189951215, 39.964216453468573 ], [ -82.995096247189551, 39.964208592102146 ], [ -82.995085334682969, 39.96420153332955 ], [ -82.99507356134086, 39.964195347598903 ], [ -82.9950610446638, 39.964190096645034 ], [ -82.995047909570999, 39.964185832873554 ], [ -82.995034287153416, 39.964182598837795 ], [ -82.995020313365586, 39.964180426814053 ], [ -82.995006127668759, 39.964179338479603 ], [ -82.994991871639002, 39.964179344696198 ], [ -82.994977687554353, 39.964180445401837 ], [ -82.994975951939608, 39.964180647902793 ], [ -82.994962467763841, 39.964182737075149 ], [ -82.994949307621596, 39.964185815489799 ], [ -82.994936593780423, 39.964189854545999 ], [ -82.994924444361402, 39.964194816717907 ], [ -82.994912972241806, 39.964200655903277 ], [ -82.9949022840064, 39.964207317851681 ], [ -82.994892478957112, 39.964214740668616 ], [ -82.994883648190537, 39.964222855390567 ], [ -82.994875873751496, 39.964231586625608 ], [ -82.994869227870822, 39.964240853253955 ], [ -82.994863772294281, 39.964250569181566 ], [ -82.994859557708864, 39.964260644140026 ], [ -82.994856623271872, 39.964270984525214 ], [ -82.994854996247057, 39.964281494266984 ], [ -82.994854946507431, 39.964283222756542 ], [ -82.994851953075653, 39.964276864652895 ], [ -82.994845925986425, 39.964267155037042 ], [ -82.994838692790054, 39.964257945965159 ], [ -82.994830322946342, 39.964249325870618 ], [ -82.994820896830021, 39.964241377530897 ], [ -82.994810504958991, 39.964234177272672 ], [ -82.994799247125044, 39.964227794238887 ], [ -82.994787231435595, 39.964222289724837 ], [ -82.994774573275521, 39.964217716589467 ], [ -82.994761394199145, 39.964214118747854 ], [ -82.994747820763052, 39.964211530749431 ], [ -82.994733983310681, 39.964209977446401 ], [ -82.994727562244478, 39.96420950243801 ], [ -82.994721831965762, 39.964207682584146 ], [ -82.994708602327592, 39.964204056313214 ], [ -82.994694973527928, 39.964201448245966 ], [ -82.994681077567705, 39.964199883642713 ], [ -82.994667049035414, 39.964199377657323 ], [ -82.994653023803536, 39.964199935190464 ], [ -82.994639137712568, 39.964201550842226 ], [ -82.994625525255444, 39.964204208964254 ], [ -82.99461231827479, 39.964207883811497 ], [ -82.994599644686147, 39.964212539791461 ], [ -82.994587627238914, 39.964218131808863 ], [ -82.994576382327608, 39.964224605702569 ], [ -82.994574508692907, 39.964225799418223 ], [ -82.994571102180714, 39.964226325279583 ], [ -82.994465527047893, 39.964238489236102 ], [ -82.994366028058877, 39.964249970084239 ], [ -82.99425445663482, 39.96426283306495 ], [ -82.994151075525295, 39.964274751751773 ], [ -82.993383975569074, 39.964363186398799 ], [ -82.992681857366364, 39.96444412782121 ], [ -82.99266835656492, 39.964446200868515 ], [ -82.992655178196642, 39.964449265323992 ], [ -82.99264244491448, 39.964453292666342 ], [ -82.992630275228933, 39.964458245412487 ], [ -82.99261878240516, 39.964464077466552 ], [ -82.992608073408675, 39.964470734548726 ], [ -82.992598247909925, 39.964478154700586 ], [ -82.992589397356554, 39.964486268861712 ], [ -82.992581604122392, 39.96449500151229 ], [ -82.992579558870247, 39.964497846795965 ], [ -82.992568684131683, 39.964490791111949 ], [ -82.992556927022491, 39.964484593640606 ], [ -82.992544425203192, 39.964479329428762 ], [ -82.992531303360181, 39.964475050978827 ], [ -82.992517692363606, 39.964471800961689 ], [ -82.99250372796206, 39.964469611791188 ], [ -82.992489549428768, 39.964468505300957 ], [ -82.992475298172536, 39.964468492526478 ], [ -82.99246111632749, 39.964469573595153 ], [ -82.992422101180594, 39.964474070893473 ], [ -82.992408602480808, 39.964476143421528 ], [ -82.992395426078076, 39.964479207047482 ], [ -82.99238269456788, 39.964483233266826 ], [ -82.992370526406418, 39.964488184619 ], [ -82.99235903480843, 39.964494015035761 ], [ -82.992348326693886, 39.964500670269871 ], [ -82.992338501693169, 39.964508088399924 ], [ -82.992329651220146, 39.964516200406294 ], [ -82.992321857621533, 39.96452493081344 ], [ -82.992315193410818, 39.964534198392016 ], [ -82.992309720593511, 39.964543916914806 ], [ -82.99230549009026, 39.964553995958752 ], [ -82.992302541263015, 39.96456434174651 ], [ -82.992300901548845, 39.964574858018835 ], [ -82.992300586204593, 39.964585446930158 ], [ -82.992301598164843, 39.964596009959067 ], [ -82.992303928014763, 39.964606448824973 ], [ -82.99230755407747, 39.964616666402378 ], [ -82.992312442615869, 39.964626567624713 ], [ -82.992318548146429, 39.964636060368797 ], [ -82.992325813862408, 39.964645056311994 ], [ -82.99233417216233, 39.964653471754005 ], [ -82.992343545278985, 39.964661228395585 ], [ -82.992353846003013, 39.964668254067043 ], [ -82.99236497849428, 39.964674483399925 ], [ -82.992376839173573, 39.96467985843497 ], [ -82.992389317686374, 39.96468432916155 ], [ -82.992393692844459, 39.964685703218642 ], [ -82.992395827761058, 39.964686571975619 ], [ -82.992408509557578, 39.9646911348038 ], [ -82.992421711364116, 39.96469471949635 ], [ -82.992435306121067, 39.964697291552696 ], [ -82.99244916298683, 39.964698826218282 ], [ -82.992463148597182, 39.964699308722885 ], [ -82.992477128348725, 39.964698734422626 ], [ -82.992490967694494, 39.964697108844859 ], [ -82.992504533438847, 39.964694447634805 ], [ -82.992517695019444, 39.964690776405043 ], [ -82.992530325763823, 39.964686130489014 ], [ -82.992542304108596, 39.964680554600953 ], [ -82.992553514769412, 39.964674102405496 ], [ -82.992557523219475, 39.964671550145923 ], [ -82.992561977622671, 39.964669241526472 ], [ -82.992573385464866, 39.964662668891165 ], [ -82.992583884442496, 39.964655253483755 ], [ -82.992593369844073, 39.964647069261993 ], [ -82.992601747067084, 39.964638197851436 ], [ -82.992605733333875, 39.964632944152733 ], [ -82.992613646030193, 39.964638337004395 ], [ -82.992624783438487, 39.964644564004786 ], [ -82.992636648827258, 39.964649936212481 ], [ -82.992649131762875, 39.964654403627144 ], [ -82.992662116064039, 39.964657924669609 ], [ -82.992666443106842, 39.964658920323537 ], [ -82.992669486382752, 39.964661234353876 ], [ -82.992673858944343, 39.964664882394324 ], [ -82.992684860249426, 39.964672351173697 ], [ -82.992696799997262, 39.964678911327496 ], [ -82.992709551987687, 39.964684493516458 ], [ -82.992722981435179, 39.964689038738015 ], [ -82.992736946393592, 39.964692498950235 ], [ -82.99275129925644, 39.964694837579451 ], [ -82.992765888317152, 39.964696029906854 ], [ -82.99278055937252, 39.964696063329768 ], [ -82.992795157352688, 39.964694937494976 ], [ -82.992804340239886, 39.964693860021079 ], [ -82.992867940571699, 39.964686467910397 ], [ -82.992869443254492, 39.964686286949068 ], [ -82.99293010053897, 39.96467872720342 ], [ -82.992993825893578, 39.964671248303858 ], [ -82.992994033140945, 39.964671223861046 ], [ -82.993003835153772, 39.964670062137309 ], [ -82.99301614453644, 39.964668173477165 ], [ -82.993028190622226, 39.964665459817319 ], [ -82.993039880216386, 39.964661942152013 ], [ -82.993046747417182, 39.964659319029366 ], [ -82.993048738162074, 39.964658659358903 ], [ -82.993052141767265, 39.964658100087284 ], [ -82.993114224888444, 39.964650325979392 ], [ -82.993173951887456, 39.964642914673476 ], [ -82.993177397327571, 39.964642619475519 ], [ -82.993179346537246, 39.964642897168893 ], [ -82.993195112496849, 39.964644450541286 ], [ -82.993211005163815, 39.964644645122284 ], [ -82.993226827368318, 39.964643478497848 ], [ -82.993241727179637, 39.964641731042313 ], [ -82.993303311288713, 39.964634494575833 ], [ -82.993364950389804, 39.964627250290683 ], [ -82.993365802516124, 39.964627154188136 ], [ -82.993382511239318, 39.964625348974444 ], [ -82.993395397330602, 39.964623488765234 ], [ -82.993408007158223, 39.964620726369084 ], [ -82.993420234279895, 39.964617085104003 ], [ -82.993425408009529, 39.964615106863491 ], [ -82.993428556173981, 39.964614055382086 ], [ -82.993431939181662, 39.964613488832605 ], [ -82.993485528096684, 39.96460660163676 ], [ -82.993488970565849, 39.964606292767748 ], [ -82.993501011224851, 39.964611679452027 ], [ -82.993513754828911, 39.964616157875916 ], [ -82.99352700771874, 39.964619653186269 ], [ -82.993540642158976, 39.964622131694277 ], [ -82.993554526736588, 39.96462356951124 ], [ -82.993568527627716, 39.964623952779021 ], [ -82.993582509887332, 39.964623277803611 ], [ -82.993596338750052, 39.964621551090588 ], [ -82.993609880928958, 39.964618789282603 ], [ -82.993623005900332, 39.964615018998778 ], [ -82.993635587161677, 39.964610276578313 ], [ -82.993647503451044, 39.964604607730095 ], [ -82.993658639915736, 39.964598067092247 ], [ -82.993668889219322, 39.964590717705406 ], [ -82.993673787518986, 39.964586842604618 ], [ -82.993677108422844, 39.964586309560566 ], [ -82.993736653361026, 39.964579078090587 ], [ -82.99380030764415, 39.964571345748887 ], [ -82.993864051910734, 39.964563604758624 ], [ -82.993927902554134, 39.964555848740346 ], [ -82.993991853266522, 39.964548081516476 ], [ -82.994055895287914, 39.964540303464659 ], [ -82.99411946458639, 39.964532580813632 ], [ -82.994119854218923, 39.964532541398505 ], [ -82.994176551108808, 39.964525782113917 ], [ -82.994187686305693, 39.964524534003381 ], [ -82.994237597902185, 39.964518959109441 ], [ -82.9942557031288, 39.964516923244837 ], [ -82.994324184441211, 39.96450922060059 ], [ -82.994393089661273, 39.964501471940004 ], [ -82.994462442913971, 39.964493671801989 ], [ -82.994532242092092, 39.964485821197165 ], [ -82.994601090260133, 39.964478077351806 ], [ -82.99460453397883, 39.964477822172014 ], [ -82.994608972587784, 39.964479247796618 ], [ -82.994622201992158, 39.964482919085306 ], [ -82.99463583678488, 39.964485570537676 ], [ -82.994649744539373, 39.96448717640174 ], [ -82.99466379017791, 39.964487721080694 ], [ -82.994677837283618, 39.964487199284413 ], [ -82.994691749425286, 39.964485616080751 ], [ -82.994705391482597, 39.964482986846484 ], [ -82.994718630958445, 39.96447933711773 ], [ -82.994731339265797, 39.964474702342173 ], [ -82.994743392976588, 39.964469127534549 ], [ -82.994754675020573, 39.964462666839644 ], [ -82.994765075822286, 39.964455383006232 ], [ -82.994774494365387, 39.964447346777796 ], [ -82.994782839173638, 39.964438636205315 ], [ -82.994790029199478, 39.964429335889186 ], [ -82.99479599461111, 39.964419536157642 ], [ -82.99479992431823, 39.964410973311658 ], [ -82.994800334155528, 39.964410202008025 ], [ -82.994811485822467, 39.964403760555186 ], [ -82.994821794014499, 39.964396489405495 ], [ -82.994831127829812, 39.964388476817163 ], [ -82.994839397636966, 39.964379799734274 ], [ -82.994846524022236, 39.964370541482012 ], [ -82.99485243855213, 39.964360790966474 ], [ -82.994857084430549, 39.964350641820822 ], [ -82.99486041704418, 39.96434019150616 ], [ -82.994862404390901, 39.964329540375751 ], [ -82.994862653725889, 39.964325238154856 ], [ -82.994866571589327, 39.96433316163094 ], [ -82.994872677911701, 39.964342645534785 ], [ -82.994879942489774, 39.964351633007844 ], [ -82.994888297830187, 39.964360040549224 ], [ -82.994897666305462, 39.964367790046026 ], [ -82.994907960875139, 39.964374809499219 ], [ -82.99491908589458, 39.964381033692298 ], [ -82.994930938003435, 39.964386404797445 ], [ -82.994943407086026, 39.964390872912709 ], [ -82.994944460584634, 39.964391203868239 ], [ -82.994957704260429, 39.96439479031698 ], [ -82.994971341850842, 39.964397357992702 ], [ -82.994985241345262, 39.96439888204057 ], [ -82.994999268197873, 39.964399347707868 ], [ -82.99501328662997, 39.964398750487049 ], [ -82.995027160944389, 39.964397096159097 ], [ -82.995040756839018, 39.964394400737831 ], [ -82.995053942706889, 39.964390690314637 ], [ -82.995066590910085, 39.964386000806059 ], [ -82.995078579015299, 39.964380377606091 ], [ -82.995089790978994, 39.964373875146791 ], [ -82.995100118270727, 39.96436655637131 ], [ -82.995100800390759, 39.964366022914398 ], [ -82.995110278821684, 39.964357828966961 ], [ -82.995118647461908, 39.964348948193056 ], [ -82.995125822790527, 39.964339469225237 ], [ -82.995131733196331, 39.96432948666618 ], [ -82.995136319692449, 39.964319100144493 ], [ -82.99513953650505, 39.964308413320296 ], [ -82.995141351530165, 39.964297532850885 ], [ -82.99514174665407, 39.96428656732612 ], [ -82.99514071793395, 39.964275626184609 ] ], [ [ -82.994261682648386, 39.966818391216371 ], [ -82.994248060898229, 39.966821007570729 ], [ -82.994234839190099, 39.96682464117783 ], [ -82.994222145495812, 39.966829256868294 ], [ -82.994210102676703, 39.966834809967281 ], [ -82.994198827294326, 39.966841246726773 ], [ -82.994188428482474, 39.966848504845885 ], [ -82.994179006890704, 39.966856514073875 ], [ -82.994170653710228, 39.966865196890012 ], [ -82.994169046790418, 39.966867051511649 ], [ -82.994166761709153, 39.966869198092233 ], [ -82.994158436898843, 39.966877851240703 ], [ -82.994151253391323, 39.966887090079602 ], [ -82.994145280242435, 39.966896825795502 ], [ -82.994140574872816, 39.966906964798561 ], [ -82.994137182516013, 39.966917409622013 ], [ -82.994135135783523, 39.966928059859264 ], [ -82.994134454351325, 39.966938813128884 ], [ -82.994135144770681, 39.966949566059071 ], [ -82.99413720040522, 39.966960215281169 ], [ -82.994140601494564, 39.966970658423449 ], [ -82.994145315344412, 39.966980795095203 ], [ -82.99415129664068, 39.966990527851792 ], [ -82.994158487885201, 39.966999763131412 ], [ -82.994166819948376, 39.967008412154485 ], [ -82.994176212733706, 39.967016391777214 ], [ -82.994186575947822, 39.9670236252907 ], [ -82.994197809968398, 39.967030043158474 ], [ -82.994198071242522, 39.967030177652823 ], [ -82.994201317394598, 39.967032228760381 ], [ -82.99421254919109, 39.967038643162319 ], [ -82.994224543144398, 39.96704418069681 ], [ -82.994237184029288, 39.967048788165009 ], [ -82.994250350405352, 39.967052421303144 ], [ -82.994263915783762, 39.967055045207807 ], [ -82.994277749842453, 39.967056634671231 ], [ -82.994291719678102, 39.967057174423466 ], [ -82.994305691082943, 39.967056659279194 ], [ -82.9943195298342, 39.967055094187316 ], [ -82.994333102983447, 39.967052494183669 ], [ -82.994346280133954, 39.96704888424636 ], [ -82.994358934693395, 39.967044299055949 ], [ -82.994370945089983, 39.967038782662172 ], [ -82.994382195940517, 39.967032388060794 ], [ -82.994392579158742, 39.967025176684473 ], [ -82.994401994993865, 39.967017217812604 ], [ -82.994410352988737, 39.967008587905632 ], [ -82.99441220575963, 39.967006465139136 ], [ -82.994414451417896, 39.967004368927427 ], [ -82.994422814589086, 39.966995731822458 ], [ -82.99443003779389, 39.966986505820863 ], [ -82.994436051534692, 39.96697677969064 ], [ -82.994440797950801, 39.966966647011724 ], [ -82.994444231375155, 39.966956205275658 ], [ -82.994446318773683, 39.966945554947543 ], [ -82.99444704006315, 39.966934798499338 ], [ -82.994446388304297, 39.966924039424036 ], [ -82.99444436976863, 39.966913381239863 ], [ -82.99444100387808, 39.966902926494228 ], [ -82.994436323018064, 39.966892775777197 ], [ -82.99443037222585, 39.9668830267535 ], [ -82.994423208757311, 39.966873773223035 ], [ -82.99441490153589, 39.966865104218236 ], [ -82.994405530489573, 39.966857103147525 ], [ -82.994395185781755, 39.966849846992829 ], [ -82.994383966943786, 39.966843405568859 ], [ -82.994380673759238, 39.966841701609546 ], [ -82.994380272207735, 39.96684144640524 ], [ -82.99436902080032, 39.966834984855218 ], [ -82.994356998674235, 39.966829405272996 ], [ -82.994344322190827, 39.96682476166287 ], [ -82.994331114044783, 39.966821098969959 ], [ -82.994317502076697, 39.966818452645136 ], [ -82.99430361803563, 39.966816848301988 ], [ -82.994289596303986, 39.966816301468775 ], [ -82.994275572596834, 39.966816817438236 ], [ -82.994261682648386, 39.966818391216371 ] ], [ [ -82.995275690226435, 39.964462916483527 ], [ -82.995266852898851, 39.964454196336561 ], [ -82.995256920573993, 39.964446204354438 ], [ -82.99524599398319, 39.964439021589719 ], [ -82.995234183941264, 39.964432720887999 ], [ -82.995221610222615, 39.964427366149366 ], [ -82.995208400346613, 39.964423011680026 ], [ -82.995194688284244, 39.964419701641823 ], [ -82.995180613099436, 39.964417469604257 ], [ -82.995166317538803, 39.964416338204003 ], [ -82.995151946583889, 39.964416318915404 ], [ -82.995137645980833, 39.964417411934093 ], [ -82.99510957818751, 39.964420662360467 ], [ -82.995105545896052, 39.964420974869292 ], [ -82.995091272630745, 39.964422645893002 ], [ -82.995077291842961, 39.964425418115511 ], [ -82.995063746638152, 39.964429263160739 ], [ -82.995050775663231, 39.964434141671354 ], [ -82.995038511687468, 39.964440003711552 ], [ -82.995027080243474, 39.964446789278298 ], [ -82.995016598342289, 39.964454428915374 ], [ -82.995007173275596, 39.964462844424439 ], [ -82.994998901517647, 39.964471949665395 ], [ -82.994991867737625, 39.964481651438106 ], [ -82.994986143932991, 39.96449185043631 ], [ -82.99498178869257, 39.964502442264205 ], [ -82.994978846596766, 39.964513318505006 ], [ -82.994977347761235, 39.96452436783057 ], [ -82.994977307528629, 39.964535477141133 ], [ -82.994978726311416, 39.964546532722835 ], [ -82.994985901706016, 39.964583304452695 ], [ -82.994990549850456, 39.964607129646787 ], [ -82.994995198719721, 39.964630960344984 ], [ -82.995004503361997, 39.964678643544069 ], [ -82.995013813839677, 39.964726361274217 ], [ -82.995023131610267, 39.964774111531639 ], [ -82.995032455557549, 39.964821897201873 ], [ -82.995041785530503, 39.964869713172241 ], [ -82.995045707173276, 39.964889811296032 ], [ -82.995048458102701, 39.964900359784068 ], [ -82.995052537396759, 39.964910650487298 ], [ -82.99505790589447, 39.964920584614063 ], [ -82.995064512058221, 39.964930066795802 ], [ -82.995072292468734, 39.964939006002616 ], [ -82.995081172433714, 39.964947316417266 ], [ -82.995091066704916, 39.964954918258876 ], [ -82.995101880296573, 39.964961738548951 ], [ -82.995113509397271, 39.96496771181193 ], [ -82.995125842366505, 39.964972780703839 ], [ -82.995138760806455, 39.964976896562689 ], [ -82.995152140698679, 39.964980019875789 ], [ -82.995165853594628, 39.964982120658973 ], [ -82.995179767848896, 39.964983178744419 ], [ -82.995193749882944, 39.964983183974425 ], [ -82.995207665467532, 39.964982136298744 ], [ -82.99523645156745, 39.96497886692022 ], [ -82.99525021466232, 39.964976767255244 ], [ -82.995263643258596, 39.964973637725635 ], [ -82.995276607535899, 39.964969508586051 ], [ -82.995288982162691, 39.964964419754722 ], [ -82.995300647507904, 39.964958420427749 ], [ -82.995311490797519, 39.964951568603361 ], [ -82.995321407204841, 39.964943930521194 ], [ -82.995330300863785, 39.964935580022058 ], [ -82.995338085795737, 39.964926597833959 ], [ -82.995344686740793, 39.964917070791699 ], [ -82.995350039885167, 39.96490709099735 ], [ -82.995354093478284, 39.964896754929939 ], [ -82.995356808332858, 39.964886162512663 ], [ -82.995358158203842, 39.96487541614696 ], [ -82.995358130042135, 39.964864619722483 ], [ -82.995356724120597, 39.964853877612796 ], [ -82.995298084307208, 39.964554414437188 ], [ -82.995297735947403, 39.964551755261461 ], [ -82.995298907100548, 39.964547169733976 ], [ -82.995300964805253, 39.964536225528917 ], [ -82.99530158155369, 39.964525177568923 ], [ -82.995300751091676, 39.964514137899904 ], [ -82.995298481842212, 39.964503218483515 ], [ -82.995294796820147, 39.96449253006184 ], [ -82.995289733398707, 39.964482181034207 ], [ -82.995283342930463, 39.964472276357874 ], [ -82.995275690226435, 39.964462916483527 ] ], [ [ -82.995789067733753, 39.966762802704636 ], [ -82.995785699033178, 39.966752320183531 ], [ -82.995781008528553, 39.966742142941065 ], [ -82.995775041580586, 39.966732369397619 ], [ -82.995767855893874, 39.966723094069394 ], [ -82.99575952095897, 39.966714406654582 ], [ -82.995750117380226, 39.96670639116585 ], [ -82.99573973609634, 39.966699125117898 ], [ -82.995728477500961, 39.966692678777804 ], [ -82.995727493661107, 39.966692171317128 ], [ -82.995722685013931, 39.966689125736366 ], [ -82.995711454393259, 39.966682696917616 ], [ -82.995699459263818, 39.966677145614362 ], [ -82.995686815030965, 39.966672525235673 ], [ -82.995673643344972, 39.966668880234245 ], [ -82.995660070930711, 39.966666245678667 ], [ -82.9956462283684, 39.966664646915952 ], [ -82.99563224883731, 39.966664099327794 ], [ -82.995618266834441, 39.966664608182569 ], [ -82.995604416880639, 39.966666168584567 ], [ -82.995590832226256, 39.96666876552117 ], [ -82.995577643569291, 39.966672374007246 ], [ -82.995564977797855, 39.966676959325554 ], [ -82.995552956769473, 39.966682477360742 ], [ -82.995541696138659, 39.966688875023749 ], [ -82.995531304244224, 39.966696090762632 ], [ -82.995521881066992, 39.966704055154693 ], [ -82.995513517267796, 39.966712691574422 ], [ -82.995511921212625, 39.966714520470546 ], [ -82.99551102510847, 39.966715356464654 ], [ -82.995502651410447, 39.966724000244561 ], [ -82.995495419687728, 39.966733234202025 ], [ -82.995489399652399, 39.966742969324486 ], [ -82.995484649336348, 39.966753111768199 ], [ -82.995481214531821, 39.966763563762946 ], [ -82.995479128349956, 39.966774224554527 ], [ -82.995478410901555, 39.966784991375853 ], [ -82.995479069103283, 39.966795760437783 ], [ -82.995481096610874, 39.966806427929505 ], [ -82.995484473880325, 39.966816891019242 ], [ -82.995489168356272, 39.96682704884558 ], [ -82.995495134785727, 39.966836803489713 ], [ -82.995502315654349, 39.966846060919366 ], [ -82.995510641740879, 39.966854731895275 ], [ -82.995520032784285, 39.966862732831345 ], [ -82.995530398257586, 39.966869986600571 ], [ -82.995541638240368, 39.966876423278315 ], [ -82.995544515961527, 39.96687790808528 ], [ -82.995547788640749, 39.966879982260174 ], [ -82.995558998106162, 39.966886404469719 ], [ -82.995570970227902, 39.966891952220308 ], [ -82.995583590185234, 39.966896572305217 ], [ -82.995596736944108, 39.966900220414608 ], [ -82.995610284418035, 39.966902861560591 ], [ -82.995624102677368, 39.966904470412743 ], [ -82.995638059195358, 39.966905031541046 ], [ -82.995652020119252, 39.966904539563878 ], [ -82.995665851554065, 39.966902999199661 ], [ -82.995679420846685, 39.966900425221567 ], [ -82.995692597858195, 39.966896842315798 ], [ -82.995705256211934, 39.966892284844931 ], [ -82.995717274505665, 39.966886796518303 ], [ -82.99572853747577, 39.966880429972704 ], [ -82.995738937102828, 39.96687324626771 ], [ -82.995748373647572, 39.966865314299973 ], [ -82.99575675660742, 39.966856710142466 ], [ -82.995761789128792, 39.966850980286338 ], [ -82.995767294025654, 39.966845326739843 ], [ -82.995774564814297, 39.96683609075491 ], [ -82.995780621469422, 39.966826349933008 ], [ -82.995785405419682, 39.966816198474312 ], [ -82.995788870401697, 39.966805734550192 ], [ -82.995790982907437, 39.966795059353529 ], [ -82.995791722508187, 39.966784276120464 ], [ -82.995791082052222, 39.966773489131803 ], [ -82.995789067733753, 39.966762802704636 ] ], [ [ -82.996527443573768, 39.963389616956995 ], [ -82.996527010801827, 39.963389119582288 ], [ -82.996526343781639, 39.963387882258736 ], [ -82.996522806743116, 39.963380284240976 ], [ -82.996516806177326, 39.963370533680937 ], [ -82.996509591090557, 39.963361283298738 ], [ -82.996501231132754, 39.963352622391206 ], [ -82.996491807005555, 39.963344634564756 ], [ -82.996481409683284, 39.963337396928274 ], [ -82.996470139534708, 39.963330979348861 ], [ -82.996458105354122, 39.963325443777336 ], [ -82.996445423311229, 39.963320843650216 ], [ -82.9964322158296, 39.963317223373842 ], [ -82.996418610404973, 39.963314617895847 ], [ -82.996404738374522, 39.963313052367639 ], [ -82.996390733648951, 39.963312541901729 ], [ -82.996376731419915, 39.963313091425789 ], [ -82.996362866855023, 39.963314695635091 ], [ -82.996349273792887, 39.963317339043755 ], [ -82.996336083451354, 39.963320996134186 ], [ -82.996323423160675, 39.963325631603432 ], [ -82.9963114151345, 39.963331200703905 ], [ -82.996300175290017, 39.963337649675481 ], [ -82.996289812128992, 39.963344916264241 ], [ -82.996280425690443, 39.963352930323701 ], [ -82.996272106584854, 39.963361614491653 ], [ -82.996264935119527, 39.963370884937135 ], [ -82.996258980523322, 39.96338065216969 ], [ -82.996254300278338, 39.963390821903118 ], [ -82.996250939565073, 39.963401295965731 ], [ -82.996248930826141, 39.96341197324805 ], [ -82.996248617477391, 39.963417271707712 ], [ -82.996248263624665, 39.963420138233303 ], [ -82.996246323764169, 39.963430398147381 ], [ -82.996245668577032, 39.963441055708678 ], [ -82.996246360670028, 39.963451711888588 ], [ -82.996248393509447, 39.963462266078196 ], [ -82.996251747903102, 39.963472618631492 ], [ -82.996256392181479, 39.963482671806084 ], [ -82.996261790351639, 39.963491523671628 ], [ -82.996261997303549, 39.963491912463752 ], [ -82.996263332842517, 39.963497212188472 ], [ -82.996263457038424, 39.963497193656806 ], [ -82.996264895214182, 39.963502929888953 ], [ -82.996268803787387, 39.963513109292606 ], [ -82.99627397137175, 39.963522950746146 ], [ -82.996280349680887, 39.963532362289151 ], [ -82.996287879115073, 39.963541255978328 ], [ -82.996296489318212, 39.963549548709267 ], [ -82.996306099835195, 39.963557162993006 ], [ -82.996316620863652, 39.963564027680093 ], [ -82.996327954093175, 39.963570078625494 ], [ -82.99633999362382, 39.963575259287865 ], [ -82.996352626955812, 39.963579521258005 ], [ -82.996365736040644, 39.963582824711139 ], [ -82.996379198384233, 39.963585138779088 ], [ -82.996392888191522, 39.9635864418387 ], [ -82.996406677541927, 39.963586721713902 ], [ -82.99642043758476, 39.963585975789478 ], [ -82.996434039743136, 39.96358421103551 ], [ -82.99644735691551, 39.963581443942218 ], [ -82.996460264663369, 39.963577700365946 ], [ -82.996472642373988, 39.963573015287501 ], [ -82.996484374387492, 39.963567432485227 ], [ -82.996495351077584, 39.963561004126021 ], [ -82.996505469875999, 39.963553790277849 ], [ -82.996514636230856, 39.96354585834839 ], [ -82.99652276449018, 39.963537282455178 ], [ -82.99652977870231, 39.963528142733146 ], [ -82.996535613325449, 39.96351852458568 ], [ -82.996540213840277, 39.963508517886545 ], [ -82.996543537259257, 39.963498216140266 ], [ -82.996545552528275, 39.963487715608316 ], [ -82.996545805478448, 39.963483819605202 ], [ -82.9965462322006, 39.963480536102061 ], [ -82.996546813756908, 39.96347830300784 ], [ -82.996548794938874, 39.963472248423692 ], [ -82.996550868581863, 39.963461563060477 ], [ -82.996551567561937, 39.963450772611971 ], [ -82.996550885113152, 39.963439981536858 ], [ -82.996548827842702, 39.963429294299914 ], [ -82.996545415666944, 39.963418814360601 ], [ -82.996540681618598, 39.963408643171562 ], [ -82.996534671526831, 39.963398879196504 ], [ -82.996527443573768, 39.963389616956995 ] ] ], [ [ [ -82.994547616531676, 39.954708062175385 ], [ -82.994640287284014, 39.955164280965001 ], [ -82.994650098501296, 39.955212382056388 ], [ -82.994650454866104, 39.955214949916581 ], [ -82.99464716481144, 39.955215458109791 ], [ -82.993013866543308, 39.955403842126017 ], [ -82.99301044819228, 39.955404104875143 ], [ -82.993009017730103, 39.955403200375962 ], [ -82.993001495569885, 39.955397945757269 ], [ -82.992990238363291, 39.955391512415147 ], [ -82.992978215005223, 39.955385960462394 ], [ -82.992965541607589, 39.955381343515214 ], [ -82.992952340559768, 39.955377706160284 ], [ -82.992938739346698, 39.95537508352421 ], [ -82.992924869317733, 39.955373500934243 ], [ -82.992910864418164, 39.955372973673732 ], [ -82.992896859895765, 39.955373506834512 ], [ -82.992882990994659, 39.95537509526779 ], [ -82.992869391649251, 39.955377723633752 ], [ -82.992856193190889, 39.955381366549823 ], [ -82.992843523079472, 39.955385988835687 ], [ -82.992831503672647, 39.955391545853153 ], [ -82.992820251044165, 39.955397983937033 ], [ -82.992809873862981, 39.955405240913592 ], [ -82.992800472343745, 39.955413246700836 ], [ -82.992798135324463, 39.95541544490645 ], [ -82.992794777495732, 39.955415968972254 ], [ -82.991265651324241, 39.955595210766639 ], [ -82.990202820168307, 39.955720008676884 ], [ -82.990199899339615, 39.955720304271132 ], [ -82.989739821985012, 39.955759445201707 ], [ -82.989736479609121, 39.955759605363106 ], [ -82.989734434975801, 39.955758268121919 ], [ -82.989728041388432, 39.955753676589353 ], [ -82.989716843509797, 39.955747097319971 ], [ -82.989704857115015, 39.955741399970442 ], [ -82.989692199061636, 39.955736640085206 ], [ -82.989678992755273, 39.955732864069155 ], [ -82.989665366946468, 39.955730108735324 ], [ -82.989651454475492, 39.955728400945915 ], [ -82.989637390977308, 39.955727757350409 ], [ -82.989623313559235, 39.955728184223396 ], [ -82.989609359464325, 39.955729677403141 ], [ -82.989595664733315, 39.955732222332443 ], [ -82.989582362878423, 39.955735794200351 ], [ -82.98956958358167, 39.955740358184151 ], [ -82.989557451430699, 39.955745869788757 ], [ -82.989546084704031, 39.955752275280645 ], [ -82.989535594218083, 39.955759512211543 ], [ -82.989526082246684, 39.955767510027378 ], [ -82.989517641524102, 39.955776190755991 ], [ -82.989510354340879, 39.955785469767392 ], [ -82.989504291741582, 39.955795256598812 ], [ -82.989502609270914, 39.955798358194123 ], [ -82.989499284120654, 39.95579887213367 ], [ -82.98937985037692, 39.955812701964277 ], [ -82.989268551780683, 39.955825483911703 ], [ -82.989153797416094, 39.955838663210749 ], [ -82.989046873700559, 39.955850940828434 ], [ -82.988940300231121, 39.955863180022305 ], [ -82.98890786819473, 39.955866904315549 ], [ -82.988875437045508, 39.955870628368032 ], [ -82.988784879425424, 39.955881028968037 ], [ -82.988697912615848, 39.955891014816885 ], [ -82.988520787813229, 39.955911355222639 ], [ -82.98834506299734, 39.955931535355688 ], [ -82.988248466756446, 39.955942627259105 ], [ -82.987605836838213, 39.95601641984868 ], [ -82.987525649135591, 39.956025621334277 ], [ -82.987429675407611, 39.956036637190529 ], [ -82.98742624145342, 39.956036899413455 ], [ -82.987420840253975, 39.956034677327558 ], [ -82.987418289529955, 39.956033507062102 ], [ -82.98740492666694, 39.956028736917318 ], [ -82.98739099595646, 39.956025052443842 ], [ -82.98737664587253, 39.956022492910897 ], [ -82.987362029358735, 39.956021085598067 ], [ -82.987347302198287, 39.956020845504518 ], [ -82.987332621353644, 39.956021775189178 ], [ -82.987259125222536, 39.956029385272146 ], [ -82.987255705967002, 39.956029610139971 ], [ -82.987251624719605, 39.956028954753911 ], [ -82.987237679970349, 39.956027264426197 ], [ -82.98722358642739, 39.956026642803813 ], [ -82.987209482042942, 39.956027095971386 ], [ -82.987195504875288, 39.956028619493154 ], [ -82.987181791737527, 39.956031198456422 ], [ -82.987168476858386, 39.956034807617421 ], [ -82.987155690568329, 39.956039411648518 ], [ -82.987143558023902, 39.956044965483898 ], [ -82.987132197982646, 39.956051414760822 ], [ -82.98712172164069, 39.956058696351569 ], [ -82.987112231544273, 39.956066738981463 ], [ -82.987107006184587, 39.956072159407761 ], [ -82.987105337914443, 39.956073724854456 ], [ -82.987101970173882, 39.956074242776296 ], [ -82.986926772973092, 39.956094370359516 ], [ -82.986773016109268, 39.956112034264208 ], [ -82.986591857194441, 39.956132846750116 ], [ -82.986545500010934, 39.956138155110011 ], [ -82.986420783459138, 39.956152477927745 ], [ -82.986304711524468, 39.95616580873854 ], [ -82.986253192728753, 39.956171725712522 ], [ -82.986192275218343, 39.956178724471727 ], [ -82.9860732195297, 39.956192392355916 ], [ -82.985955572524432, 39.956205897478107 ], [ -82.985720932147302, 39.956232839479881 ], [ -82.985717497870937, 39.956233102211257 ], [ -82.985716550111277, 39.956232801403218 ], [ -82.985705875063275, 39.956228930854678 ], [ -82.985692729953641, 39.956225324475504 ], [ -82.985679189926032, 39.956222723574832 ], [ -82.985665384504017, 39.956221153032821 ], [ -82.985651445749824, 39.956220627873257 ], [ -82.985637507001158, 39.956221153119742 ], [ -82.985623701595657, 39.9562227237478 ], [ -82.985610161595432, 39.95622532473287 ], [ -82.985597016523755, 39.956228931193984 ], [ -82.9855843921261, 39.95623350863184 ], [ -82.985572409167219, 39.956239013258781 ], [ -82.985561182275958, 39.956245392417706 ], [ -82.985550818848751, 39.956252585085643 ], [ -82.985542712832071, 39.956259429214953 ], [ -82.985542065446936, 39.9562599249833 ], [ -82.985540580904981, 39.956260271663147 ], [ -82.985527327884839, 39.956263925098689 ], [ -82.98551460718366, 39.956268565796165 ], [ -82.985502542627643, 39.956274148582011 ], [ -82.985491251655986, 39.956280619112135 ], [ -82.985480844177758, 39.956287914400981 ], [ -82.985471421501956, 39.956295963434556 ], [ -82.985463075351433, 39.956304687861739 ], [ -82.985455886969959, 39.956314002756919 ], [ -82.985449926331412, 39.956323817446702 ], [ -82.985445251458586, 39.956334036392548 ], [ -82.985441907858444, 39.956344560120762 ], [ -82.985439928078989, 39.956355286190735 ], [ -82.985439331392556, 39.956366110192235 ], [ -82.985440123608086, 39.956376926761642 ], [ -82.985442297014572, 39.956387630607608 ], [ -82.985445830456143, 39.956398117536096 ], [ -82.985450689537927, 39.956408285464498 ], [ -82.985456826960856, 39.956418035415403 ], [ -82.985464182982057, 39.956427272480106 ], [ -82.985472685996442, 39.956435906742378 ], [ -82.985482253233627, 39.956443854153854 ], [ -82.985492791563701, 39.956451037352146 ], [ -82.985504198403746, 39.956457386413874 ], [ -82.985516362716439, 39.956462839535448 ], [ -82.985529166090899, 39.956467343634522 ], [ -82.98554248389533, 39.956470854866851 ], [ -82.985549428245477, 39.956472113829982 ], [ -82.985552849250539, 39.956472864043327 ], [ -82.985554423525116, 39.956473631019847 ], [ -82.985562596158417, 39.956478043799073 ], [ -82.985574550254015, 39.956483256056131 ], [ -82.985587100357748, 39.956487559336928 ], [ -82.985600130102526, 39.95649091374051 ], [ -82.985613518673944, 39.956493288164154 ], [ -82.985627141930451, 39.956494660591744 ], [ -82.98564087355436, 39.956495018297844 ], [ -82.985654586223191, 39.956494357965738 ], [ -82.985668152790254, 39.956492685718111 ], [ -82.985681447463506, 39.956490017060446 ], [ -82.985694346972039, 39.956486376737089 ], [ -82.985706731709016, 39.956481798501798 ], [ -82.985718486840753, 39.956476324804989 ], [ -82.985729503371445, 39.956470006399812 ], [ -82.985739679153838, 39.956462901871795 ], [ -82.98574891983634, 39.956455077095534 ], [ -82.98575191557083, 39.956452280955915 ], [ -82.985755288020414, 39.95645177083891 ], [ -82.985860169646287, 39.956439985338484 ], [ -82.985966716724462, 39.956428011194483 ], [ -82.986087917634777, 39.956414391107181 ], [ -82.986625828624341, 39.95635394321522 ], [ -82.986732402931054, 39.956341966523262 ], [ -82.986842869843287, 39.956329552113473 ], [ -82.98695089110339, 39.956317411680203 ], [ -82.987010877140165, 39.956310670823598 ], [ -82.987061359658512, 39.956304996997844 ], [ -82.987169029753559, 39.956292897353052 ], [ -82.987278099277887, 39.956280638719768 ], [ -82.987387170795614, 39.956268381686044 ], [ -82.987498476404156, 39.95625587227331 ], [ -82.987501939893292, 39.956255615398831 ], [ -82.98750446655346, 39.956255618898169 ], [ -82.987513411906022, 39.956255967104667 ], [ -82.987527412808063, 39.956255452354632 ], [ -82.98754128052343, 39.956253882898274 ], [ -82.987554881222565, 39.956251273881477 ], [ -82.987566322666055, 39.956248133784285 ], [ -82.987567199739388, 39.956247930051916 ], [ -82.98757063730713, 39.956247408696775 ], [ -82.987680460671257, 39.956235041005435 ], [ -82.987795256234676, 39.956222122117623 ], [ -82.987911413338594, 39.956209031187051 ], [ -82.988028439517066, 39.956195853391584 ], [ -82.988095225772852, 39.956188332631001 ], [ -82.988189101481012, 39.956177760146758 ], [ -82.988383696439897, 39.956155845426174 ], [ -82.988814071509822, 39.956107374831781 ], [ -82.988817532517089, 39.956107117567925 ], [ -82.988821718859668, 39.956107440202985 ], [ -82.988835727502533, 39.956107986596294 ], [ -82.988849738168255, 39.956107471836035 ], [ -82.988863615458925, 39.956105900896794 ], [ -82.988877225265583, 39.95610328896003 ], [ -82.988881496130119, 39.956102116178414 ], [ -82.988886020981752, 39.95610106412186 ], [ -82.988889456486035, 39.956100542215289 ], [ -82.98911871395552, 39.956074662913181 ], [ -82.989335437036416, 39.956050174706341 ], [ -82.98954618512316, 39.956026362915139 ], [ -82.989549604919688, 39.956026107990866 ], [ -82.989549880199306, 39.95602628314947 ], [ -82.989559521978578, 39.956033064231626 ], [ -82.989570682070166, 39.956039494677384 ], [ -82.989582604360095, 39.956045056252343 ], [ -82.989595175024988, 39.956049695859491 ], [ -82.989608274051264, 39.956053369203921 ], [ -82.989621776380972, 39.956056041215746 ], [ -82.989635553105686, 39.956057686384973 ], [ -82.989649472697252, 39.956058289004943 ], [ -82.989663402263602, 39.956057843322341 ], [ -82.989677208817355, 39.956056353592224 ], [ -82.989690760545599, 39.956053834037171 ], [ -82.989703928068295, 39.956050308711689 ], [ -82.989716585673548, 39.956045811272539 ], [ -82.989728612517709, 39.9560403846573 ], [ -82.989739893779216, 39.95603408067452 ], [ -82.989750321754727, 39.956026959509082 ], [ -82.989759796887427, 39.956019089147574 ], [ -82.989768228717466, 39.95601054472921 ], [ -82.989775536745668, 39.956001407828516 ], [ -82.989781224359689, 39.955992438782644 ], [ -82.989781407125534, 39.955992184739173 ], [ -82.989784855910244, 39.955991754707107 ], [ -82.990231888602722, 39.955953625863032 ], [ -82.990237606360779, 39.955953047931018 ], [ -82.991306503126367, 39.955828043662301 ], [ -82.991315035736676, 39.955826840496385 ], [ -82.991472055715249, 39.955800879680709 ], [ -82.99147663923975, 39.955800241584441 ], [ -82.992820587101832, 39.955647827009429 ], [ -82.992824082131406, 39.95564756766133 ], [ -82.992826966980189, 39.955649108056228 ], [ -82.992838217317058, 39.955655782876654 ], [ -82.992849510402039, 39.955661837978738 ], [ -82.992861509044815, 39.955667027531206 ], [ -82.992874101595859, 39.955671303244344 ], [ -82.992887170879186, 39.955674625331774 ], [ -82.992900595282606, 39.955676962880851 ], [ -82.992914249889466, 39.955678294140206 ], [ -82.99292800764097, 39.955678606722252 ], [ -82.992941740518546, 39.955677897718289 ], [ -82.992955320735064, 39.955676173725813 ], [ -82.992968621923964, 39.95567345078684 ], [ -82.992981520315155, 39.955669754238897 ], [ -82.992993895886642, 39.955665118479047 ], [ -82.993005633481502, 39.955659586643925 ], [ -82.993016623879313, 39.955653210208332 ], [ -82.993026764812626, 39.955646048506139 ], [ -82.993035961918423, 39.955638168178346 ], [ -82.993044129616322, 39.955629642552815 ], [ -82.99304773814842, 39.95562546839966 ], [ -82.993051108366245, 39.95562495285656 ], [ -82.994690160250016, 39.955438179305126 ], [ -82.994693471702206, 39.955437928300491 ], [ -82.994694145605379, 39.955440435990965 ], [ -82.994796940472767, 39.955946376267768 ], [ -82.994797308004692, 39.955949040406658 ], [ -82.994796962793984, 39.955949934259877 ], [ -82.994793644526482, 39.955960371623362 ], [ -82.994791667733153, 39.95597100860487 ], [ -82.994791051344009, 39.95598174334652 ], [ -82.994791801262139, 39.955992473054224 ], [ -82.994793910307095, 39.956003094982094 ], [ -82.994797358283591, 39.956013507416223 ], [ -82.994802112174966, 39.956023610648806 ], [ -82.994808126459205, 39.956033307932785 ], [ -82.994810285290512, 39.956036059453304 ], [ -82.99481258965659, 39.956039351326979 ], [ -82.99481327881864, 39.956041966740166 ], [ -82.994913245664307, 39.956547367755448 ], [ -82.994913586005708, 39.956549927931121 ], [ -82.994910308148107, 39.956550437769202 ], [ -82.994698150121337, 39.95657516624528 ], [ -82.994492102959299, 39.956599181553301 ], [ -82.994424427127242, 39.95660706913494 ], [ -82.994210568200728, 39.956631995209918 ], [ -82.994140745589235, 39.956640109182921 ], [ -82.99399948721576, 39.956656592465514 ], [ -82.993966397662689, 39.956660454517525 ], [ -82.993926911796336, 39.956665056336959 ], [ -82.993820326452848, 39.956677477592599 ], [ -82.993769387984671, 39.956683392061706 ], [ -82.993769228176546, 39.95668341068825 ], [ -82.99371909346614, 39.956689276517409 ], [ -82.993571191181843, 39.956706484076435 ], [ -82.993494864826445, 39.956715409256432 ], [ -82.993270208103283, 39.956741591464493 ], [ -82.993266790635218, 39.956741858248265 ], [ -82.993266572732139, 39.956741720929756 ], [ -82.993255340206787, 39.956735323066034 ], [ -82.993243348307999, 39.956729801465961 ], [ -82.99323071206139, 39.956725209092276 ], [ -82.993217552672931, 39.956721589994693 ], [ -82.993203996366518, 39.956718978887309 ], [ -82.99319017317319, 39.956717400815648 ], [ -82.993176215683931, 39.956716870916466 ], [ -82.993162257777797, 39.956717394272495 ], [ -82.993148433337907, 39.956718965863779 ], [ -82.993134874967183, 39.956721570615699 ], [ -82.993121712716459, 39.956725183543696 ], [ -82.993109072837058, 39.956729769992855 ], [ -82.993097076569853, 39.956735285970318 ], [ -82.99308583898231, 39.956741678567212 ], [ -82.993075467864756, 39.956748886466215 ], [ -82.993066062696514, 39.956756840529678 ], [ -82.993057713691684, 39.956765464462734 ], [ -82.993057407079789, 39.956765815864259 ], [ -82.993054035774833, 39.956766321075186 ], [ -82.992090642541484, 39.956873159311321 ], [ -82.992089618657545, 39.956873275772089 ], [ -82.99152910206432, 39.956938629344137 ], [ -82.990758798548057, 39.957028421941871 ], [ -82.990001699764321, 39.95711436923493 ], [ -82.98999830120961, 39.957114624789646 ], [ -82.989994933377702, 39.95711203245596 ], [ -82.989992017404262, 39.957109556639693 ], [ -82.989981629462179, 39.957102312973028 ], [ -82.989970368023933, 39.957095888694489 ], [ -82.989958341783975, 39.957090345810556 ], [ -82.9899456668185, 39.957085737820591 ], [ -82.98993246546506, 39.957082109200435 ], [ -82.989918865141689, 39.957079494973115 ], [ -82.989904997117321, 39.957077920370864 ], [ -82.989890995244565, 39.957077400591587 ], [ -82.989876994667952, 39.957077940652113 ], [ -82.989863130519495, 39.957079535339879 ], [ -82.989849536614415, 39.957082169263103 ], [ -82.989836344159642, 39.957085816999452 ], [ -82.989823680487405, 39.957090443341357 ], [ -82.989811667826203, 39.957096003635861 ], [ -82.989800422121164, 39.957102444215607 ], [ -82.989790051914909, 39.957109702916725 ], [ -82.989780657299946, 39.957117709678968 ], [ -82.989772328952512, 39.957126387221869 ], [ -82.989765147257501, 39.957135651790516 ], [ -82.989762859839573, 39.957138962105979 ], [ -82.989759508364088, 39.957139480044674 ], [ -82.989649582341031, 39.957152185300231 ], [ -82.989541999472721, 39.957164620053092 ], [ -82.989395538277819, 39.957181547270338 ], [ -82.989243304246727, 39.957199142198327 ], [ -82.989241048990593, 39.95719941707258 ], [ -82.989240760303673, 39.957199454082748 ], [ -82.989093034725656, 39.957216532581278 ], [ -82.989063646342402, 39.957219929880864 ], [ -82.988886146246244, 39.957240449670529 ], [ -82.988779236046057, 39.957252809841691 ], [ -82.988533636453212, 39.9572812026178 ], [ -82.988476965399101, 39.957287753892203 ], [ -82.988360898950916, 39.957301172075034 ], [ -82.98833902577357, 39.957303700357365 ], [ -82.988245635752207, 39.957314496103514 ], [ -82.988025032697351, 39.957339998094525 ], [ -82.987281152820771, 39.957425988406882 ], [ -82.986853759821017, 39.957475390854022 ], [ -82.986738268163478, 39.957488740318489 ], [ -82.986628515204501, 39.95750142635395 ], [ -82.986525846325833, 39.957513293958257 ], [ -82.98641349409246, 39.957526279765183 ], [ -82.985967925190536, 39.957577780354001 ], [ -82.985964479759701, 39.957578046082631 ], [ -82.985962654231358, 39.95757746526899 ], [ -82.985953617394429, 39.957574181113628 ], [ -82.985940393158174, 39.957570549633715 ], [ -82.985926769153039, 39.957567935952092 ], [ -82.985912877302908, 39.957566365377581 ], [ -82.98589885212526, 39.957565853118297 ], [ -82.985884829428542, 39.957566404134617 ], [ -82.985870944997203, 39.957568013090885 ], [ -82.985857333276869, 39.957570664407292 ], [ -82.985844126072493, 39.95757433241063 ], [ -82.985831451272034, 39.957578981582927 ], [ -82.98581943160822, 39.957584566905268 ], [ -82.985808183469985, 39.957591034293962 ], [ -82.985797815775527, 39.957598321123918 ], [ -82.985797562916161, 39.957598517253281 ], [ -82.985794185010519, 39.957599044821848 ], [ -82.985271748287943, 39.957660275172472 ], [ -82.985268387188285, 39.95766054229486 ], [ -82.985265546509638, 39.957659134194543 ], [ -82.985235080046408, 39.957642379844074 ], [ -82.985232339715566, 39.957640707580921 ], [ -82.985231642954645, 39.957638070131146 ], [ -82.985197747456709, 39.95746615779904 ], [ -82.985194856747029, 39.957455254966668 ], [ -82.985190547010703, 39.957444633258071 ], [ -82.985184862506088, 39.957434401750085 ], [ -82.985177861609301, 39.957424665512576 ], [ -82.984982199960626, 39.95718240570293 ], [ -82.98498048750578, 39.957180029175902 ], [ -82.984979508145415, 39.957177652888682 ], [ -82.98497776304778, 39.957172511431537 ], [ -82.984973054473599, 39.95716262768358 ], [ -82.984967137669884, 39.957153136341461 ], [ -82.984960067017823, 39.957144124639086 ], [ -82.984951907503415, 39.957135675402043 ], [ -82.984942734120239, 39.957127866286278 ], [ -82.984932631180072, 39.957120769064488 ], [ -82.984927241583421, 39.957117332511515 ], [ -82.984926609401583, 39.957114768256766 ], [ -82.984918471987299, 39.957069809458758 ], [ -82.984915986383029, 39.957059622567861 ], [ -82.984912263741052, 39.957049661415404 ], [ -82.984907337230709, 39.957040014755357 ], [ -82.984901250747683, 39.957030768539511 ], [ -82.984894058523011, 39.9570220051517 ], [ -82.984748010356157, 39.956861378711736 ], [ -82.984741597734029, 39.956854857193647 ], [ -82.984734572179747, 39.956848721055366 ], [ -82.984510790993596, 39.956667357333139 ], [ -82.984508521392115, 39.956665325508958 ], [ -82.984507777377061, 39.95666270804589 ], [ -82.984496404754054, 39.956610434241959 ], [ -82.984496016138081, 39.956607890903385 ], [ -82.98449926159654, 39.956607325194909 ], [ -82.984976995352568, 39.956542735522561 ], [ -82.984990567384855, 39.95654037034484 ], [ -82.985003775490156, 39.956536998998679 ], [ -82.985016494039542, 39.956532653550653 ], [ -82.985028602060567, 39.956527375332506 ], [ -82.985039984387868, 39.956521214548026 ], [ -82.985050532758649, 39.956514229795545 ], [ -82.985060146842329, 39.956506487510495 ], [ -82.985068735194929, 39.956498061333598 ], [ -82.985076216128761, 39.956489031410371 ], [ -82.985082518489477, 39.956479483628826 ], [ -82.985087582332753, 39.956469508802549 ], [ -82.985091359494461, 39.956459201806908 ], [ -82.98509381404881, 39.956448660676649 ], [ -82.985094922649964, 39.956437985673446 ], [ -82.985094674754137, 39.956427278332285 ], [ -82.985093072719778, 39.956416640495618 ], [ -82.985090131785228, 39.956406173344824 ], [ -82.985085879923616, 39.956395976437754 ], [ -82.985080357576905, 39.956386146761815 ], [ -82.985073617271112, 39.9563767778114 ], [ -82.98506572311679, 39.956367958698799 ], [ -82.985056750199078, 39.956359773306488 ], [ -82.985046783863723, 39.956352299489268 ], [ -82.985035918905155, 39.956345608333883 ], [ -82.985024258664893, 39.956339763482767 ], [ -82.98501191404867, 39.956334820528852 ], [ -82.984999002471497, 39.956330826486642 ], [ -82.984985646740952, 39.956327819345184 ], [ -82.984971973889088, 39.956325827706678 ], [ -82.984958113964169, 39.956324870514415 ], [ -82.984944198793755, 39.956324956872677 ], [ -82.984935140219392, 39.956325353590231 ], [ -82.984805009904292, 39.956331052970164 ], [ -82.984665540652088, 39.956337160604349 ], [ -82.98466238427639, 39.956337299912441 ], [ -82.984660205585001, 39.956337394900814 ], [ -82.984389242540715, 39.956349261244299 ], [ -82.984385791849576, 39.956349277774102 ], [ -82.984385243118467, 39.956346655966939 ], [ -82.984378461870918, 39.956299002059495 ], [ -82.984378119823162, 39.956295655389461 ], [ -82.984375068118425, 39.956246672417727 ], [ -82.984374992549448, 39.956243315915309 ], [ -82.984375830904085, 39.956194661259275 ], [ -82.984376102337905, 39.956190550270037 ], [ -82.984384328768982, 39.956119021318138 ], [ -82.98438516997355, 39.956114176330473 ], [ -82.984401545992498, 39.956043875282205 ], [ -82.984402944087009, 39.956039107121782 ], [ -82.984427384054726, 39.955970206413518 ], [ -82.984429327944639, 39.955965552911948 ], [ -82.98444716680477, 39.955928586715316 ], [ -82.984451430584016, 39.95591819905038 ], [ -82.984454335931957, 39.95590753737541 ], [ -82.984455854254449, 39.955896706624074 ], [ -82.984455970608593, 39.955885813393998 ], [ -82.98445468384989, 39.955874964897717 ], [ -82.984452006643394, 39.955864267907444 ], [ -82.984447965339143, 39.955853827704161 ], [ -82.984442599712679, 39.955843747041534 ], [ -82.984435962573656, 39.955834125134515 ], [ -82.984428119245976, 39.955825056682905 ], [ -82.984419146924893, 39.955816630939275 ], [ -82.984409133917239, 39.955808930830635 ], [ -82.984398178772267, 39.955802032142138 ], [ -82.984386389311751, 39.955796002771301 ], [ -82.984373881568771, 39.955790902059675 ], [ -82.984360778645708, 39.955786780208939 ], [ -82.984347209502687, 39.95578367778667 ], [ -82.984333307688331, 39.955781625327162 ], [ -82.984319210025447, 39.955780643030863 ], [ -82.984305055264286, 39.955780740565643 ], [ -82.984290982717141, 39.955781916971524 ], [ -82.984224278958848, 39.955790086653295 ], [ -82.984220916223791, 39.955790367427859 ], [ -82.984220289633768, 39.955787809415341 ], [ -82.984213866861836, 39.955751842449914 ], [ -82.984213565232039, 39.955749189501859 ], [ -82.984215237211544, 39.955746857897431 ], [ -82.984303028465334, 39.955637537519522 ], [ -82.984304913928582, 39.955635189775172 ], [ -82.984395812096508, 39.955522000416458 ], [ -82.984397736017598, 39.955519840565422 ], [ -82.984401044103848, 39.955519331533971 ], [ -82.984504279460353, 39.955507400315973 ], [ -82.984505033651658, 39.955507315148658 ], [ -82.984508363208334, 39.955507068059774 ], [ -82.984508984151319, 39.955509607301209 ], [ -82.984509084247293, 39.955510167681787 ], [ -82.984511680913087, 39.955520795055193 ], [ -82.984515623270454, 39.955531174339626 ], [ -82.98452087308641, 39.955541204875196 ], [ -82.984527379447954, 39.955550789384191 ], [ -82.984535079255863, 39.955559834914524 ], [ -82.984543897836602, 39.955568253741184 ], [ -82.984553749666489, 39.955575964216948 ], [ -82.984564539201102, 39.955582891564319 ], [ -82.984576161801925, 39.955588968600708 ], [ -82.984588504751102, 39.955594136389905 ], [ -82.984601448344691, 39.955598344813801 ], [ -82.984614867053452, 39.955601553058337 ], [ -82.984628630740318, 39.955603730009386 ], [ -82.984642605922616, 39.955604854554437 ], [ -82.984656657066424, 39.955604915787497 ], [ -82.98467064790114, 39.955603913114665 ], [ -82.98468444274107, 39.955601856260088 ], [ -82.98469790780139, 39.955598765171509 ], [ -82.984710912495473, 39.955594669826851 ], [ -82.984723330701584, 39.95558960994353 ], [ -82.984735041985843, 39.955583634593175 ], [ -82.984745932770323, 39.95557680172579 ], [ -82.984790797954417, 39.955545701182416 ], [ -82.984793490652649, 39.955544011268465 ], [ -82.984797341325049, 39.955542795022104 ], [ -82.984809614382883, 39.95553838365938 ], [ -82.984821288560184, 39.955533096514685 ], [ -82.984832258640878, 39.955526981239565 ], [ -82.984842425754863, 39.955520092949349 ], [ -82.984851698269011, 39.955512493726225 ], [ -82.984853916118738, 39.955510493783294 ], [ -82.984856728972986, 39.95550880338353 ], [ -82.984876583847139, 39.955498063718274 ], [ -82.984887202168025, 39.955491724889633 ], [ -82.984896998483606, 39.95548464539241 ], [ -82.98490588589469, 39.955476888026141 ], [ -82.984913785564714, 39.955468521603478 ], [ -82.984920627419072, 39.955459620339809 ], [ -82.984926350766699, 39.955450263194827 ], [ -82.98493090483845, 39.955440533172151 ], [ -82.98493424923744, 39.955430516583 ], [ -82.984936354297332, 39.955420302280643 ], [ -82.984937201345545, 39.955409980872048 ], [ -82.984936782868786, 39.955399643914326 ], [ -82.984936778947386, 39.955399605428816 ], [ -82.984940015459344, 39.955399107344448 ], [ -82.985043076198451, 39.955387202932485 ], [ -82.985043774632828, 39.955387120895651 ], [ -82.985077794045523, 39.955383058677796 ], [ -82.985092047246383, 39.955380778332085 ], [ -82.985105924326433, 39.95537739214825 ], [ -82.985119280823625, 39.955372935376872 ], [ -82.985131977695275, 39.955367454413512 ], [ -82.985143882765612, 39.955361006315627 ], [ -82.98514628260871, 39.955359401641687 ], [ -82.985150828923551, 39.955356651675984 ], [ -82.985153836505603, 39.955355181481679 ], [ -82.985248218627291, 39.955314000445128 ], [ -82.985251037571047, 39.955312737490843 ], [ -82.985345432499713, 39.955269326937845 ], [ -82.98534831796826, 39.95526814393066 ], [ -82.985348945151969, 39.955270613265938 ], [ -82.985383335006219, 39.955453268649642 ], [ -82.985385951791642, 39.955463629604019 ], [ -82.985389849104195, 39.9554737493429 ], [ -82.985394990935021, 39.955483534364504 ], [ -82.985401329776437, 39.95549289425955 ], [ -82.985408807060821, 39.955501742546829 ], [ -82.985417353701763, 39.955509997472042 ], [ -82.985426890732427, 39.955517582763285 ], [ -82.985437330035069, 39.955524428335785 ], [ -82.985448575155303, 39.955530470939379 ], [ -82.985460522193222, 39.955535654743031 ], [ -82.985473060763454, 39.955539931850602 ], [ -82.98548607501499, 39.955543262743419 ], [ -82.98549944470173, 39.955545616645466 ], [ -82.985513046293434, 39.955546971807678 ], [ -82.985526754117103, 39.955547315708905 ], [ -82.985540441518253, 39.955546645171665 ], [ -82.985553982031036, 39.955544966391457 ], [ -82.985567250546808, 39.955542294879486 ], [ -82.985580124470161, 39.955538655319344 ], [ -82.985586390272161, 39.955536615856651 ], [ -82.985589669010579, 39.95553608094454 ], [ -82.985683839907892, 39.955524313127633 ], [ -82.98569740808658, 39.955522091876944 ], [ -82.985710631863896, 39.955518867166006 ], [ -82.985723386250243, 39.955514669474411 ], [ -82.985735550692723, 39.95550953847826 ], [ -82.985747010214538, 39.955503522675102 ], [ -82.985757656501875, 39.955496678925627 ], [ -82.985767388927528, 39.955489071916105 ], [ -82.985776115502134, 39.955480773547066 ], [ -82.98578375374359, 39.95547186225361 ], [ -82.985790231456676, 39.955462422264162 ], [ -82.985795487415373, 39.955452542804196 ], [ -82.985799471941633, 39.955442317253024 ], [ -82.985802147374841, 39.955431842261099 ], [ -82.985803488427777, 39.955421216836513 ], [ -82.985803482425638, 39.955410541409179 ], [ -82.985802129425778, 39.955399916881568 ], [ -82.985794170680364, 39.955358356752235 ], [ -82.985784300374206, 39.955306845501731 ], [ -82.98578394066304, 39.955304052226722 ], [ -82.985786735118538, 39.955302406377811 ], [ -82.985882801683516, 39.955251565228743 ], [ -82.985884742967045, 39.95525057338893 ], [ -82.98598541623511, 39.955200941098596 ], [ -82.985986141469269, 39.955200590757599 ], [ -82.985986930258889, 39.955200222795291 ], [ -82.986100808850424, 39.955148187266673 ], [ -82.986103098911542, 39.955147184399863 ], [ -82.986218811389591, 39.955098666181051 ], [ -82.986221148009975, 39.955097729081238 ], [ -82.98626366112461, 39.955081440344408 ], [ -82.986275769115196, 39.955076220987813 ], [ -82.986287160954433, 39.955070121064992 ], [ -82.986297728869815, 39.955063198284378 ], [ -82.986307372883715, 39.955055518139048 ], [ -82.98631600175915, 39.955047153287069 ], [ -82.986323533862915, 39.955038182864207 ], [ -82.986329897937964, 39.95502869173518 ], [ -82.986335033777465, 39.955018769690824 ], [ -82.986335142997376, 39.955018524641666 ], [ -82.986338568956, 39.95501815683695 ], [ -82.986368416507858, 39.955016118016417 ], [ -82.986390899173784, 39.955014582524782 ], [ -82.986398894542361, 39.955013861011096 ], [ -82.987395092029772, 39.954901951895195 ], [ -82.987448840784012, 39.954895913973516 ], [ -82.98810007061833, 39.954822753215488 ], [ -82.988132726256993, 39.954819085067349 ], [ -82.988305029501873, 39.954799726232736 ], [ -82.98928673083357, 39.954689431538526 ], [ -82.989290123072863, 39.954689180088849 ], [ -82.989293331269337, 39.954691647312451 ], [ -82.989303751942543, 39.954698907846378 ], [ -82.989315050378949, 39.954705344015409 ], [ -82.989327116915248, 39.954710893349578 ], [ -82.989339834432869, 39.954715501986655 ], [ -82.989353079494677, 39.954719125194785 ], [ -82.989366723543057, 39.954721727806842 ], [ -82.989380634147736, 39.954723284561652 ], [ -82.989394676291241, 39.954723780349219 ], [ -82.989408713679296, 39.9547232103574 ], [ -82.989422610063826, 39.954721580118559 ], [ -82.989436230565346, 39.954718905455969 ], [ -82.989449442982135, 39.954715212330058 ], [ -82.98946211907348, 39.954710536586695 ], [ -82.989474135804301, 39.954704923608958 ], [ -82.989485376539434, 39.954698427876899 ], [ -82.989495732175669, 39.954691112438553 ], [ -82.989505102200752, 39.954683048298087 ], [ -82.989513395668894, 39.95467431372667 ], [ -82.98952053208356, 39.954664993502568 ], [ -82.989523817492298, 39.954660174711996 ], [ -82.989527099181274, 39.954659676299649 ], [ -82.99028527147523, 39.954574063994947 ], [ -82.990470278955414, 39.9545531718232 ], [ -82.991051975861467, 39.954487581485843 ], [ -82.991440680600832, 39.954443749403396 ], [ -82.99144170892292, 39.954443630496094 ], [ -82.992583218027463, 39.954308353951305 ], [ -82.992586651269704, 39.954308079542336 ], [ -82.992591824616568, 39.954310726986812 ], [ -82.992603833941857, 39.954316239454421 ], [ -82.992616486734633, 39.954320820762035 ], [ -82.99262966146901, 39.95432442690759 ], [ -82.992643231605882, 39.954327023255296 ], [ -82.992657066808476, 39.954328584867987 ], [ -82.992671034194032, 39.954329096746889 ], [ -82.992684999610233, 39.954328553975579 ], [ -82.992698828923665, 39.954326961767208 ], [ -82.992712389308153, 39.954324335414398 ], [ -82.992725550520561, 39.954320700142482 ], [ -82.992738186151669, 39.954316090867046 ], [ -82.992750174840452, 39.954310551858704 ], [ -82.992761401439552, 39.954304136317873 ], [ -82.992771758121364, 39.954296905863693 ], [ -82.99278114541363, 39.954288929942329 ], [ -82.992788997173392, 39.954280779262255 ], [ -82.992789204314477, 39.954280585176591 ], [ -82.99279259514509, 39.954280077131401 ], [ -82.994434473744533, 39.954098219271657 ], [ -82.994437817901542, 39.954097977056932 ], [ -82.99443970187852, 39.954102845309315 ], [ -82.994439840808781, 39.95410328136753 ], [ -82.994444507864927, 39.954113471154123 ], [ -82.994450453534355, 39.954123258637097 ], [ -82.994457620255247, 39.954132549059999 ], [ -82.994459940673437, 39.954134976882614 ], [ -82.994457089304134, 39.954142108257372 ], [ -82.99445430660036, 39.954152640635854 ], [ -82.994452875176648, 39.954163331926132 ], [ -82.994452808747496, 39.954174079699435 ], [ -82.994454107949963, 39.954184780985607 ], [ -82.994533108791643, 39.954609683050244 ], [ -82.994533383427623, 39.954611339437065 ], [ -82.994546793780913, 39.954703343459997 ], [ -82.994547616531676, 39.954708062175385 ] ] ], [ [ [ -82.994935160920818, 39.955164014733441 ], [ -82.994934740943791, 39.955162125229627 ], [ -82.994837054869194, 39.954671198546791 ], [ -82.994836698761347, 39.954668540998455 ], [ -82.994837370205659, 39.95466681431887 ], [ -82.994840717081829, 39.95465636949276 ], [ -82.994842719845479, 39.954645722751692 ], [ -82.994843359274384, 39.954634976284595 ], [ -82.994842629231869, 39.954624233237539 ], [ -82.994840536725619, 39.954613596723753 ], [ -82.994837101840375, 39.954603168833842 ], [ -82.994832357545206, 39.954593049656012 ], [ -82.994826349376993, 39.954583336315324 ], [ -82.994819980947241, 39.95457520249019 ], [ -82.99481960835368, 39.954574669144485 ], [ -82.994818921987914, 39.954572053853262 ], [ -82.994736422577091, 39.954152786688354 ], [ -82.994733658288382, 39.954142251438213 ], [ -82.994729568927141, 39.954131974634457 ], [ -82.994724193672397, 39.95412205473491 ], [ -82.994717584022723, 39.954112586777903 ], [ -82.994711996951693, 39.954106177818652 ], [ -82.994713191508623, 39.954103594225927 ], [ -82.994716575309241, 39.954093108486262 ], [ -82.994718603733716, 39.954082417581787 ], [ -82.994719257144723, 39.954071625015153 ], [ -82.994718583051892, 39.954061633243334 ], [ -82.994718582057857, 39.954061349035115 ], [ -82.994721881937792, 39.954060845071673 ], [ -82.99537930168259, 39.953986083837343 ], [ -82.995382754060515, 39.953985823822855 ], [ -82.995383591945057, 39.953986020250667 ], [ -82.995397147615591, 39.953988647237978 ], [ -82.995410972254177, 39.953990240749349 ], [ -82.995424933161303, 39.953990785489012 ], [ -82.995438896329489, 39.953990276228161 ], [ -82.995452727729443, 39.953988717855047 ], [ -82.99546629459681, 39.95398612532815 ], [ -82.995479466706371, 39.95398252353251 ], [ -82.995492117622234, 39.953977947040947 ], [ -82.99550322471778, 39.953972853088857 ], [ -82.995503658706895, 39.953972675616683 ], [ -82.995507060367629, 39.953972160170061 ], [ -82.996155611088227, 39.953899068183972 ], [ -82.99615892140973, 39.953898821309323 ], [ -82.996159592402933, 39.953901328223992 ], [ -82.996192767743764, 39.954065438853853 ], [ -82.996211680789614, 39.954159001029716 ], [ -82.996262420443713, 39.954410011520636 ], [ -82.996262785477413, 39.954412678560757 ], [ -82.99626263744085, 39.954413060162381 ], [ -82.996259296832562, 39.95442351713551 ], [ -82.996257303188969, 39.95443417564293 ], [ -82.99625667568381, 39.954444933180433 ], [ -82.996257420352535, 39.954455686291332 ], [ -82.99625953003418, 39.954466331561456 ], [ -82.996262984440264, 39.95447676661373 ], [ -82.99626775034983, 39.954486891092699 ], [ -82.996273781928991, 39.954496607629729 ], [ -82.996275573282546, 39.954498887922568 ], [ -82.996278064182007, 39.954502440177123 ], [ -82.996278755968333, 39.95450505369881 ], [ -82.996379443184523, 39.955010997560024 ], [ -82.996379786854575, 39.955013562292613 ], [ -82.996376501444331, 39.955014067261629 ], [ -82.995499629203977, 39.955114612347678 ], [ -82.995082978139024, 39.955162406809123 ], [ -82.995082229090613, 39.955162494296914 ], [ -82.99494235944185, 39.955179123264422 ], [ -82.994939098349818, 39.955179388350537 ], [ -82.994938335085706, 39.955176934021551 ], [ -82.994935160920818, 39.955164014733441 ] ] ], [ [ [ -82.995976628985773, 39.956423800413987 ], [ -82.995971026208025, 39.956422511294051 ], [ -82.995957435118072, 39.956419935626066 ], [ -82.995943581495339, 39.956418397146429 ], [ -82.995929598655138, 39.956417910660093 ], [ -82.995915621156129, 39.956418480848612 ], [ -82.995901783505687, 39.956420102224996 ], [ -82.995888218865318, 39.956422759186474 ], [ -82.995875057769425, 39.956426426164811 ], [ -82.995862426869095, 39.95643106787211 ], [ -82.995853082763063, 39.9564354140213 ], [ -82.995851756003248, 39.956435964639631 ], [ -82.995848353522803, 39.956436495843704 ], [ -82.995762696219089, 39.956446531629055 ], [ -82.995673575725007, 39.956456972835028 ], [ -82.995588249843976, 39.956466968250588 ], [ -82.995584631642856, 39.95646725342818 ], [ -82.995570879448437, 39.956468861863428 ], [ -82.995567194209201, 39.956469435542296 ], [ -82.995497253470248, 39.956477618087796 ], [ -82.995421632191096, 39.956486495462201 ], [ -82.995202354598931, 39.956512189196879 ], [ -82.995199022299246, 39.956512451408749 ], [ -82.99519836796911, 39.956509923267689 ], [ -82.995151414735631, 39.956266564389331 ], [ -82.99510087449417, 39.956004805113714 ], [ -82.995100532719661, 39.956002137226548 ], [ -82.995101610021635, 39.955997986868226 ], [ -82.995103686319069, 39.955987247481481 ], [ -82.995104374288545, 39.955976402792174 ], [ -82.995103667204305, 39.955965558830997 ], [ -82.995101571980271, 39.955954821621447 ], [ -82.995098109102514, 39.955944296143244 ], [ -82.995093312428807, 39.955934085305884 ], [ -82.995087228857685, 39.955924288942612 ], [ -82.995083256599855, 39.955919243548649 ], [ -82.995081722188317, 39.955917062502714 ], [ -82.995081025771412, 39.955914449587873 ], [ -82.994979650680776, 39.955409601707167 ], [ -82.994979302680676, 39.955407039833482 ], [ -82.994982582927918, 39.955406527719425 ], [ -82.995683496724737, 39.955324456468169 ], [ -82.995686922782056, 39.955324186745408 ], [ -82.995688462322661, 39.955324813666145 ], [ -82.995702067979309, 39.95532966787561 ], [ -82.995716260528681, 39.955333396277936 ], [ -82.995730883185388, 39.955335957685342 ], [ -82.995745774412541, 39.955337323801892 ], [ -82.995760769706322, 39.955337479536098 ], [ -82.995770935769414, 39.955336760417474 ], [ -82.995770943354344, 39.955336821580765 ], [ -82.995784557659277, 39.955335821660697 ], [ -82.995785593847458, 39.955335784345763 ], [ -82.995799643252383, 39.95533419080806 ], [ -82.995810130980175, 39.955332587315866 ], [ -82.995864944842808, 39.955326452841959 ], [ -82.995915649901264, 39.955320780493011 ], [ -82.995924358096048, 39.955320140206865 ], [ -82.995927809123884, 39.955320017817947 ], [ -82.995941641738426, 39.955318473658295 ], [ -82.995945219402614, 39.955317793891332 ], [ -82.995953693262308, 39.955316519917666 ], [ -82.996006210709666, 39.955310665045857 ], [ -82.996057963664583, 39.955304880001819 ], [ -82.996066672371953, 39.955304240339103 ], [ -82.996070180511964, 39.955304115806811 ], [ -82.996084044831605, 39.955302565140983 ], [ -82.996087522171479, 39.95530190301313 ], [ -82.996096073128214, 39.95530061336715 ], [ -82.996151969791825, 39.955294355924352 ], [ -82.996155433306171, 39.95529410120708 ], [ -82.996158516613974, 39.955294581708678 ], [ -82.996172515452216, 39.955296211721858 ], [ -82.996186655284404, 39.955296766017149 ], [ -82.996200796886171, 39.955296239136793 ], [ -82.996214801015782, 39.95529463626864 ], [ -82.996228529785057, 39.955291973194875 ], [ -82.996241848017121, 39.955288276136805 ], [ -82.996254624577446, 39.955283581496587 ], [ -82.996256403022372, 39.955282842506143 ], [ -82.996259799506362, 39.955282309572439 ], [ -82.996411742730118, 39.955264381085975 ], [ -82.996415086229064, 39.955264115785077 ], [ -82.996415726449612, 39.955266655164877 ], [ -82.996422760911059, 39.955304455836369 ], [ -82.996423586166088, 39.955311257020355 ], [ -82.996423715412874, 39.955313546881634 ], [ -82.996425656397776, 39.955324104429693 ], [ -82.996426530058812, 39.955326879582181 ], [ -82.996428137966518, 39.955333332460199 ], [ -82.996436011287372, 39.955376001941751 ], [ -82.996436070589709, 39.955376319987089 ], [ -82.996443254674958, 39.955414452177266 ], [ -82.996444060878432, 39.955420973824616 ], [ -82.996444233805462, 39.955423905981569 ], [ -82.996446215460992, 39.955434504609421 ], [ -82.996447090044114, 39.95543724946738 ], [ -82.996448719499327, 39.955443734956539 ], [ -82.996456548693146, 39.955485917764648 ], [ -82.996463361797197, 39.955522452459348 ], [ -82.996464330255321, 39.955530405229304 ], [ -82.996464343834319, 39.955530640153768 ], [ -82.996466342233546, 39.955541331796525 ], [ -82.996468348090531, 39.955549269760468 ], [ -82.996476112375078, 39.955590816196967 ], [ -82.996483235865838, 39.9556291409979 ], [ -82.996484169069248, 39.955636842171621 ], [ -82.996486162846878, 39.955647553586886 ], [ -82.99648801368896, 39.955654897632314 ], [ -82.996494819131428, 39.955691405617266 ], [ -82.996495141548067, 39.955694056089783 ], [ -82.996494878036088, 39.955694538330661 ], [ -82.996489430527831, 39.9557032822403 ], [ -82.996484629923231, 39.955713450113322 ], [ -82.996481152727455, 39.955723932177619 ], [ -82.996479032692221, 39.955734626689733 ], [ -82.996478290396169, 39.95574542984415 ], [ -82.996478933044941, 39.955756236780722 ], [ -82.996480954401406, 39.955766942602587 ], [ -82.99648433484596, 39.955777443394261 ], [ -82.996489041567131, 39.955787637230323 ], [ -82.996495028879892, 39.955797425164796 ], [ -82.99650223866918, 39.955806712191531 ], [ -82.99651060095394, 39.955815408166373 ], [ -82.996520034566359, 39.955823428682073 ], [ -82.996530447939691, 39.955830695887812 ], [ -82.996541739997127, 39.95583713924465 ], [ -82.996544451180938, 39.955838532419399 ], [ -82.996545120960533, 39.955841119010465 ], [ -82.996560453950707, 39.955920474850998 ], [ -82.996576316555448, 39.956002561212493 ], [ -82.996576872582594, 39.956006886314178 ], [ -82.996577365781832, 39.956014456600428 ], [ -82.99657946452777, 39.95602520641016 ], [ -82.996580487645161, 39.95602831368727 ], [ -82.996582185945414, 39.956034749444122 ], [ -82.996643296741354, 39.956342407567838 ], [ -82.996643639043029, 39.956344965484604 ], [ -82.9966403652125, 39.956345480026897 ], [ -82.996510492713085, 39.956360830027336 ], [ -82.996403246218904, 39.956373507683779 ], [ -82.996296693578813, 39.95638609411651 ], [ -82.996192222848379, 39.956398449704174 ], [ -82.99608728219485, 39.95641085386044 ], [ -82.995980083574679, 39.956423525097833 ], [ -82.995976628985773, 39.956423800413987 ] ] ], [ [ [ -82.99716622126482, 39.957649705026874 ], [ -82.997165496898674, 39.957648654872848 ], [ -82.997160971175191, 39.957641230018105 ], [ -82.997153810817551, 39.957631969836008 ], [ -82.997145505508257, 39.957623294332663 ], [ -82.997136135228672, 39.957615287054068 ], [ -82.997125790215904, 39.957608025111121 ], [ -82.997114570093686, 39.957601578437007 ], [ -82.997102582913101, 39.95759600911385 ], [ -82.99708994411192, 39.957591370774708 ], [ -82.997076775403073, 39.957587708087232 ], [ -82.997063203602409, 39.957585056323396 ], [ -82.997049359407598, 39.957583441019935 ], [ -82.997035376139422, 39.957582877732357 ], [ -82.997021388457938, 39.957583371885185 ], [ -82.997007531065705, 39.957584918719633 ], [ -82.996993937410579, 39.957587503339639 ], [ -82.99698073840068, 39.957591100854998 ], [ -82.996968061143662, 39.957595676621374 ], [ -82.996956027722788, 39.957601186573712 ], [ -82.996944754021143, 39.957607577650677 ], [ -82.996934348605748, 39.957614788305577 ], [ -82.996924911682015, 39.957622749099095 ], [ -82.996916534128857, 39.957631383368025 ], [ -82.996909296623329, 39.957640607963469 ], [ -82.996903268863875, 39.957650334051571 ], [ -82.99689850889898, 39.957660467969021 ], [ -82.996895062568228, 39.957670912125039 ], [ -82.996893870565131, 39.957676960868888 ], [ -82.996893292303028, 39.957679166225731 ], [ -82.996889990727951, 39.9576796797027 ], [ -82.996235723339993, 39.957756065314328 ], [ -82.996232270552326, 39.957756335958848 ], [ -82.996227607812244, 39.957755635417854 ], [ -82.996223129965628, 39.957754786690508 ], [ -82.996209175096169, 39.957753244319719 ], [ -82.996195090557507, 39.957752769230744 ], [ -82.996181013843625, 39.957753366061425 ], [ -82.996167082372097, 39.957755028985446 ], [ -82.996153432142691, 39.957757741769299 ], [ -82.996140196409684, 39.957761477930589 ], [ -82.996127504381136, 39.957766200996751 ], [ -82.996122417306537, 39.957768338807014 ], [ -82.996119012442108, 39.957768883383366 ], [ -82.995879428409694, 39.957797836624358 ], [ -82.995458022422156, 39.957848828817319 ], [ -82.995454687099098, 39.957849103679003 ], [ -82.995454023761624, 39.957846573274978 ], [ -82.995433191528363, 39.957740343641646 ], [ -82.995418562736774, 39.957665758867002 ], [ -82.995355123802668, 39.957342281091414 ], [ -82.995354775433867, 39.957339627288384 ], [ -82.995354840509691, 39.95733946081306 ], [ -82.995358213806639, 39.957328992666959 ], [ -82.995360236368853, 39.957318320347476 ], [ -82.995360888684687, 39.957307546813553 ], [ -82.995360164461744, 39.957296776000454 ], [ -82.995358070687402, 39.957286111817218 ], [ -82.995354627561525, 39.957275657144102 ], [ -82.995349868301446, 39.957265512840166 ], [ -82.995343838821583, 39.957255776770161 ], [ -82.995340613873907, 39.957251664535868 ], [ -82.995338779771259, 39.957249044355258 ], [ -82.995338090649255, 39.95724642914648 ], [ -82.995321663411602, 39.957163381341644 ], [ -82.995304731414606, 39.957077771296831 ], [ -82.995287820236356, 39.956992269801695 ], [ -82.995270928520341, 39.956906869843309 ], [ -82.995254057493369, 39.95682157343942 ], [ -82.995237747018891, 39.95673910988824 ], [ -82.995237406602499, 39.956736548095755 ], [ -82.995240687245555, 39.956736040688746 ], [ -82.995353214725867, 39.956723024314897 ], [ -82.995464722194498, 39.956710126900127 ], [ -82.995468049415464, 39.956709869798743 ], [ -82.995469056623691, 39.956713740251402 ], [ -82.995472486533004, 39.956724214795038 ], [ -82.995477237185284, 39.956734379309772 ], [ -82.995483262607465, 39.956744135430291 ], [ -82.995490504490064, 39.956753388743387 ], [ -82.995498892751414, 39.956762049701574 ], [ -82.995508346215871, 39.956770034489857 ], [ -82.995518773399326, 39.956777265836685 ], [ -82.995530073394605, 39.956783673761798 ], [ -82.995542136847916, 39.956789196253467 ], [ -82.995554847017132, 39.956793779868597 ], [ -82.995568080901535, 39.956797380249931 ], [ -82.995581710432191, 39.95679996255528 ], [ -82.99559560371128, 39.956801501794764 ], [ -82.995609626288555, 39.956801983072609 ], [ -82.995623642462519, 39.956801401731326 ], [ -82.99563751659359, 39.956799763396745 ], [ -82.995651114416873, 39.956797083923618 ], [ -82.995664304341389, 39.956793389242186 ], [ -82.995676958723607, 39.956788715107173 ], [ -82.995688955102693, 39.956783106751843 ], [ -82.995700177385643, 39.956776618450228 ], [ -82.995710516970703, 39.956769312991888 ], [ -82.99571118690622, 39.956768790640318 ], [ -82.995714562521997, 39.956768256181867 ], [ -82.995772230983391, 39.956761375293574 ], [ -82.99577562947735, 39.956761100368738 ], [ -82.995778080430242, 39.95676296193048 ], [ -82.99578871554867, 39.956770269393459 ], [ -82.995800245200869, 39.956776723602303 ], [ -82.995812554272149, 39.956782260116555 ], [ -82.995825519865818, 39.956786823658284 ], [ -82.99583901253024, 39.956790368663938 ], [ -82.995852897551273, 39.956792859739281 ], [ -82.995867036297355, 39.956794272012779 ], [ -82.995881287603609, 39.956794591383961 ], [ -82.995895509181324, 39.956793814664067 ], [ -82.995909559038637, 39.95679194960816 ], [ -82.995923296898169, 39.956789014837369 ], [ -82.995936585597647, 39.956785039653248 ], [ -82.995949292459429, 39.956780063744979 ], [ -82.995961290615128, 39.956774136793321 ], [ -82.995972460272355, 39.956767317974411 ], [ -82.995982689910761, 39.956759675369064 ], [ -82.995991877395468, 39.956751285282856 ], [ -82.995999930996774, 39.956742231484434 ], [ -82.99600677030611, 39.956732604369094 ], [ -82.996012327038727, 39.956722500056159 ], [ -82.996016545715491, 39.956712019429411 ], [ -82.996019384216808, 39.956701267129752 ], [ -82.996020814203106, 39.956690350510549 ], [ -82.996020821397764, 39.95667937856561 ], [ -82.996019405729626, 39.956668460841215 ], [ -82.996015826966627, 39.956650168719648 ], [ -82.996015492118005, 39.956647609877372 ], [ -82.996018768041111, 39.956647101508061 ], [ -82.996167887810842, 39.956629768118603 ], [ -82.996347863704926, 39.956608846875049 ], [ -82.996426971063912, 39.956599649180937 ], [ -82.99651576253774, 39.956589330113253 ], [ -82.996683334045599, 39.956569849178607 ], [ -82.996686709857883, 39.956569586686705 ], [ -82.996688026018646, 39.956571486224973 ], [ -82.996691494336787, 39.956577149066788 ], [ -82.996698671315528, 39.95658639321708 ], [ -82.996706990373283, 39.95659505192166 ], [ -82.996716371503354, 39.956603041906867 ], [ -82.996726724484617, 39.956610286330466 ], [ -82.996737949749303, 39.95661671552029 ], [ -82.996749939340418, 39.956622267644725 ], [ -82.996762577950207, 39.956626889307088 ], [ -82.996775744028866, 39.956630536059251 ], [ -82.996789310953815, 39.956633172829157 ], [ -82.996803148247253, 39.956634774258077 ], [ -82.996817122831132, 39.956635324944521 ], [ -82.99683110030702, 39.956634819592338 ], [ -82.9968449462487, 39.956633263061704 ], [ -82.996858527494936, 39.956630670322262 ], [ -82.996871713430224, 39.956627066309302 ], [ -82.996884377240974, 39.956622485683866 ], [ -82.996896397135046, 39.956616972499418 ], [ -82.996907657513191, 39.956610579778079 ], [ -82.996918050080794, 39.956603369000845 ], [ -82.99692747488929, 39.956595409516162 ], [ -82.996935841297528, 39.956586777873028 ], [ -82.996943068843407, 39.956577557084813 ], [ -82.996949088017743, 39.956567835830839 ], [ -82.99695384093269, 39.956557707603494 ], [ -82.996957281878537, 39.956547269809185 ], [ -82.996958579634466, 39.956542327831897 ], [ -82.996961890238723, 39.956541820945354 ], [ -82.997099947741532, 39.956526042419895 ], [ -82.998514755736494, 39.95636432318981 ], [ -82.999020419519212, 39.956306519558503 ], [ -82.999023735802325, 39.956306267233643 ], [ -82.999024371559997, 39.956308658094912 ], [ -82.999029345278402, 39.956333868819243 ], [ -82.999030971039659, 39.956342109741279 ], [ -82.999033741528507, 39.956352646989501 ], [ -82.999037837712592, 39.956362925238366 ], [ -82.999043220327394, 39.956372845962917 ], [ -82.999049837776909, 39.956382314065273 ], [ -82.999057626628172, 39.956391238786274 ], [ -82.999066512219358, 39.956399534575432 ], [ -82.999076409375434, 39.95640712191107 ], [ -82.999087223224592, 39.95641392806256 ], [ -82.999098850107757, 39.956419887787497 ], [ -82.999111178572122, 39.956424943957202 ], [ -82.999124090439651, 39.956429048104219 ], [ -82.999137461939767, 39.95643216088699 ], [ -82.999151164895963, 39.956434252467005 ], [ -82.999165067954365, 39.956435302794794 ], [ -82.99917903784295, 39.956435301802088 ], [ -82.999192940649067, 39.956434249498436 ], [ -82.999324108564366, 39.956419301832057 ], [ -82.999327428933739, 39.956419050531814 ], [ -82.999328089723775, 39.956421567249606 ], [ -82.999516283217076, 39.957377284944144 ], [ -82.999516621572923, 39.957379849089378 ], [ -82.999513336729322, 39.957380351563792 ], [ -82.999248545469527, 39.957410528197691 ], [ -82.999248547832593, 39.957410540477625 ], [ -82.999241933253245, 39.957411298011806 ], [ -82.99924193142094, 39.957411288570235 ], [ -82.998739978989448, 39.957468977265584 ], [ -82.997308720713974, 39.957633460689735 ], [ -82.997169598122056, 39.957649446965199 ], [ -82.99716622126482, 39.957649705026874 ] ], [ [ -82.996795435932427, 39.957165476508926 ], [ -82.99680273298921, 39.957174894439362 ], [ -82.996811214210283, 39.957183705358268 ], [ -82.99682079502449, 39.957191821406475 ], [ -82.996831379895838, 39.957199161653769 ], [ -82.996842863276171, 39.957205652905841 ], [ -82.996855130657593, 39.957211230434325 ], [ -82.996868059714373, 39.957215838622105 ], [ -82.996881521522695, 39.957219431517991 ], [ -82.996895381846272, 39.957221973294914 ], [ -82.996909502474907, 39.957223438607137 ], [ -82.996923742602675, 39.957223812843111 ], [ -82.99693796023206, 39.957223092271072 ], [ -82.996952013589876, 39.957221284076354 ], [ -82.996965762541038, 39.957218406289599 ], [ -82.99697906998594, 39.957214487607082 ], [ -82.99699180322753, 39.957209567104471 ], [ -82.997003835294663, 39.957203693847319 ], [ -82.997015046208048, 39.957196926401579 ], [ -82.997025324176803, 39.957189332249754 ], [ -82.997034566713126, 39.957180987117944 ], [ -82.997042681654207, 39.957171974220735 ], [ -82.997049588081381, 39.957162383431353 ], [ -82.997055217126842, 39.957152310385517 ], [ -82.997059512660485, 39.957141855527794 ], [ -82.9970624318495, 39.957131123109988 ], [ -82.997063945585495, 39.957120220151616 ], [ -82.997064038774809, 39.957109255372622 ], [ -82.997062710488834, 39.957098338109425 ], [ -82.997062474353783, 39.957097078768619 ], [ -82.997059852367215, 39.95708667567046 ], [ -82.997055939518859, 39.957076515517777 ], [ -82.997050772251299, 39.957066692936458 ], [ -82.997044398690051, 39.957057299408426 ], [ -82.99703687819526, 39.957048422419547 ], [ -82.997028280808863, 39.957040144644985 ], [ -82.997018686602303, 39.95703254317911 ], [ -82.997008184930678, 39.957025688817531 ], [ -82.996996873600651, 39.957019645397736 ], [ -82.996984857959418, 39.957014469204552 ], [ -82.996972249913696, 39.957010208445993 ], [ -82.996959166887407, 39.957006902804203 ], [ -82.9969457307281, 39.957004583065959 ], [ -82.996932066572128, 39.957003270835962 ], [ -82.996918301679273, 39.957002978335488 ], [ -82.996904564247487, 39.957003708288731 ], [ -82.996890982219, 39.957005453897338 ], [ -82.99687768208868, 39.957008198903772 ], [ -82.996864787726054, 39.957011917742655 ], [ -82.996852419221554, 39.957016575778944 ], [ -82.996840691768227, 39.957022129630474 ], [ -82.996829714588756, 39.95702852757195 ], [ -82.996819589918331, 39.957035710016726 ], [ -82.996810412052483, 39.957043610071693 ], [ -82.996802266468791, 39.957052154160401 ], [ -82.996795229030894, 39.957061262708159 ], [ -82.996789365281842, 39.957070850883198 ], [ -82.996784729833763, 39.957080829386776 ], [ -82.996784499646722, 39.957081412216425 ], [ -82.996781099107025, 39.957091828464002 ], [ -82.996779037113086, 39.957102450538585 ], [ -82.996778333391518, 39.957113176824663 ], [ -82.996778994675012, 39.957123904709761 ], [ -82.996781014638088, 39.957134531566076 ], [ -82.996784373957468, 39.957144955732183 ], [ -82.996789040496935, 39.957155077485737 ], [ -82.996794969614754, 39.957164799997265 ], [ -82.996795435932427, 39.957165476508926 ] ] ], [ [ [ -82.995493106141808, 39.958077594480095 ], [ -82.995496385714659, 39.958077090626404 ], [ -82.996930883909059, 39.957912567321785 ], [ -82.996934205879754, 39.957912313554296 ], [ -82.996934867029339, 39.957914831659927 ], [ -82.997073658461005, 39.958619826624009 ], [ -82.99715370386393, 39.959026415599169 ], [ -82.997154041937662, 39.959028976928153 ], [ -82.99715076183098, 39.95902948354049 ], [ -82.996517282800028, 39.959102630345512 ], [ -82.996356538415327, 39.959121182567742 ], [ -82.995714116515103, 39.959195383046982 ], [ -82.995710789833069, 39.959195639595848 ], [ -82.995710132763932, 39.959193116943872 ], [ -82.995631608813511, 39.958789807778821 ], [ -82.995493438723727, 39.958080155320367 ], [ -82.995493106141808, 39.958077594480095 ] ] ], [ [ [ -82.996440634710083, 39.960486275233905 ], [ -82.99642727073406, 39.960483136279088 ], [ -82.996413571880709, 39.960481018166774 ], [ -82.996399669499894, 39.960479941206252 ], [ -82.996385696893029, 39.960479915723845 ], [ -82.996371788034821, 39.960480941963894 ], [ -82.996338435922212, 39.960484678427825 ], [ -82.995971548661814, 39.960525726744031 ], [ -82.995968217857339, 39.960525971598877 ], [ -82.995967579700419, 39.960523444066126 ], [ -82.995873992831747, 39.960022415491757 ], [ -82.995873668228484, 39.960019759173157 ], [ -82.995874378149878, 39.96001706746781 ], [ -82.99587607026082, 39.960011947498714 ], [ -82.995878176522936, 39.960001270349373 ], [ -82.995878909643253, 39.959990485622782 ], [ -82.995878262531065, 39.959979697637529 ], [ -82.995876241446439, 39.959969010743627 ], [ -82.995872865939504, 39.959958528313329 ], [ -82.995868168661474, 39.959948351740948 ], [ -82.995862195048687, 39.959938579462388 ], [ -82.995855002883147, 39.95992930600277 ], [ -82.995852298206145, 39.959926179067295 ], [ -82.995851627640889, 39.959923566241457 ], [ -82.995755555749653, 39.959420619030233 ], [ -82.995755232674952, 39.959418062611604 ], [ -82.99575850536165, 39.95941755811301 ], [ -82.997192666724899, 39.959252214031338 ], [ -82.997195994720911, 39.959251958098328 ], [ -82.997196649116162, 39.959254482123221 ], [ -82.997240096106921, 39.95947902228955 ], [ -82.997250326472297, 39.959531889477944 ], [ -82.99725076207622, 39.959534602737662 ], [ -82.997256958398523, 39.959583093251908 ], [ -82.997258091315999, 39.959589818968055 ], [ -82.997293763302565, 39.9597601442456 ], [ -82.997294148782601, 39.95976282307457 ], [ -82.997293705816404, 39.959764627018266 ], [ -82.99729180166041, 39.95977514957503 ], [ -82.997291227870804, 39.959785764487052 ], [ -82.997291989819544, 39.959796372386187 ], [ -82.997294080374488, 39.959806873969853 ], [ -82.99729747996615, 39.959817170930719 ], [ -82.997302156770829, 39.959827166876913 ], [ -82.997308067008589, 39.959836768234304 ], [ -82.99731515535295, 39.959845885122682 ], [ -82.997316886764864, 39.959847885561842 ], [ -82.997317553760823, 39.959850516671352 ], [ -82.997412985385523, 39.960359490758506 ], [ -82.997413299413964, 39.960362043118273 ], [ -82.997410033003362, 39.96036254794253 ], [ -82.996759657281473, 39.960437828948116 ], [ -82.996756218816628, 39.960438095322125 ], [ -82.996752601508447, 39.960437260535102 ], [ -82.996739106280472, 39.960434690250132 ], [ -82.996725350068957, 39.96043314274533 ], [ -82.996711463451547, 39.960432632709988 ], [ -82.996697578243726, 39.960433164985503 ], [ -82.996683826247548, 39.96043473451936 ], [ -82.996670338000641, 39.960437326413135 ], [ -82.996657241537108, 39.960440916063895 ], [ -82.996644661172112, 39.960445469397712 ], [ -82.996632716322054, 39.960450943193074 ], [ -82.996631010849114, 39.960451814037043 ], [ -82.996625986416959, 39.960452973785188 ], [ -82.996612754728773, 39.96045658272395 ], [ -82.996600047900642, 39.960461174699866 ], [ -82.996587988917355, 39.960466705268914 ], [ -82.996576694493598, 39.960473120902748 ], [ -82.996566273944183, 39.960480359506732 ], [ -82.996556828126117, 39.960488351021063 ], [ -82.996548448462491, 39.960497018098728 ], [ -82.996541216057466, 39.960506276854133 ], [ -82.996535200911438, 39.960516037675042 ], [ -82.996530461243438, 39.96052620608986 ], [ -82.996527042927667, 39.960536683681958 ], [ -82.99652497904944, 39.960547369042303 ], [ -82.996524862242836, 39.960549196996254 ], [ -82.996521332838043, 39.960542644041176 ], [ -82.996514746206202, 39.960533161375771 ], [ -82.996506985945885, 39.960524219892356 ], [ -82.996498126466008, 39.960515905325543 ], [ -82.996488252715238, 39.960508297398725 ], [ -82.996477459367327, 39.960501469059743 ], [ -82.996465849913406, 39.960495485781387 ], [ -82.996453535669673, 39.960490404933743 ], [ -82.996440634710083, 39.960486275233905 ] ] ], [ [ [ -82.997076640249531, 39.962456556619266 ], [ -82.997062990401204, 39.962459181152958 ], [ -82.997049742773044, 39.962462827284 ], [ -82.997037026148504, 39.962467459567463 ], [ -82.997024964149105, 39.962473032971815 ], [ -82.997022199899376, 39.962474457437409 ], [ -82.997018783600097, 39.962474977511974 ], [ -82.996691376673553, 39.962512014947087 ], [ -82.996365192853219, 39.962548914213215 ], [ -82.996361880256302, 39.962549162558496 ], [ -82.996361210390134, 39.96254665385748 ], [ -82.996259831446537, 39.962043454718454 ], [ -82.996259468452052, 39.96204079126943 ], [ -82.996260872289568, 39.962037171501116 ], [ -82.996264214934399, 39.962026701828385 ], [ -82.996266207235863, 39.962016030379871 ], [ -82.996266829989239, 39.962005260025961 ], [ -82.996266077191933, 39.961994494590492 ], [ -82.996263956101373, 39.961983837849779 ], [ -82.996260487165017, 39.961973392532308 ], [ -82.996255703823195, 39.961963259328492 ], [ -82.996249652186705, 39.96195353591996 ], [ -82.996246297272819, 39.961948762239288 ], [ -82.996245629866891, 39.961946211018592 ], [ -82.996227334266422, 39.961852861871783 ], [ -82.996201744508184, 39.961722303395412 ], [ -82.996184537426458, 39.961634509925283 ], [ -82.996167821083134, 39.961549212012095 ], [ -82.996150080545405, 39.961458702451189 ], [ -82.996130947052777, 39.961360934938511 ], [ -82.996130893443151, 39.961360663313876 ], [ -82.996129195760773, 39.961352133539144 ], [ -82.996110358402788, 39.961256024197127 ], [ -82.996077723999719, 39.96108951175308 ], [ -82.996010833749324, 39.960748214180974 ], [ -82.996010498148323, 39.960745657003521 ], [ -82.996013771358051, 39.960745145629602 ], [ -82.996176014807062, 39.960726115118199 ], [ -82.996335026660503, 39.960707412867308 ], [ -82.99633501942003, 39.960707376413716 ], [ -82.996340014111965, 39.960706789124117 ], [ -82.99634002127307, 39.960706825230879 ], [ -82.996413874228367, 39.960698151599473 ], [ -82.996427567193521, 39.960696010899561 ], [ -82.996440922435625, 39.960692849908789 ], [ -82.996453811898391, 39.960688698936195 ], [ -82.996466111991623, 39.960683597783245 ], [ -82.996477704776439, 39.960677595362206 ], [ -82.996488479095973, 39.96067074922712 ], [ -82.996498331641263, 39.96066312502186 ], [ -82.996507167941928, 39.960654795850843 ], [ -82.996514903271816, 39.960645841577964 ], [ -82.996521463461505, 39.960636348060895 ], [ -82.996526785609433, 39.960626406327691 ], [ -82.996530818684988, 39.960616111704205 ], [ -82.996533524017849, 39.960605562899794 ], [ -82.9965344083693, 39.960598560953891 ], [ -82.99653520935037, 39.960600278531899 ], [ -82.99654122646092, 39.960610038638428 ], [ -82.996548460735212, 39.960619296534119 ], [ -82.996556842155357, 39.960627962614616 ], [ -82.996566289600551, 39.960635953003539 ], [ -82.996576711632088, 39.960643190364259 ], [ -82.996588007378506, 39.960649604648545 ], [ -82.996600067511764, 39.960655133774388 ], [ -82.996612775305479, 39.960659724226964 ], [ -82.996626007764675, 39.960663331576598 ], [ -82.996639636816198, 39.960665920908809 ], [ -82.996653530548372, 39.96066746716216 ], [ -82.996667554487672, 39.96066795537093 ], [ -82.996672182163351, 39.960667941120569 ], [ -82.996676486427361, 39.960669697346873 ], [ -82.996689100625375, 39.960674251663697 ], [ -82.996702231908571, 39.960677837552645 ], [ -82.996715755071435, 39.960680420822641 ], [ -82.996729541171888, 39.960681976842459 ], [ -82.996743458760676, 39.960682490775532 ], [ -82.996757375134877, 39.960681957721611 ], [ -82.996771157603092, 39.960680382763279 ], [ -82.996784674750756, 39.960677780917649 ], [ -82.996793686595453, 39.960675306014878 ], [ -82.996795747977217, 39.960674826977851 ], [ -82.996799178401318, 39.96067430580019 ], [ -82.997456315917191, 39.960600075686401 ], [ -82.997459638874005, 39.96059982753826 ], [ -82.997460292640838, 39.960602346896749 ], [ -82.997491306256435, 39.96076233227047 ], [ -82.99750208773925, 39.960817986466481 ], [ -82.997513553297807, 39.960876957764221 ], [ -82.997524287035461, 39.960932389176641 ], [ -82.997558049035987, 39.961106558070654 ], [ -82.997600909949185, 39.961327377656303 ], [ -82.997659883985861, 39.9616315581709 ], [ -82.997688456718222, 39.961778737615433 ], [ -82.99768893709377, 39.961781033309272 ], [ -82.997689367288132, 39.961783747674332 ], [ -82.997689292266202, 39.961783951634473 ], [ -82.997686200710618, 39.961794210987286 ], [ -82.997684400617871, 39.961804651059481 ], [ -82.997683908547344, 39.961815175814451 ], [ -82.997684729026076, 39.961825688436477 ], [ -82.997686854507222, 39.961836092221546 ], [ -82.997690265439346, 39.961846291466607 ], [ -82.997694930446315, 39.961856192350268 ], [ -82.997700806615867, 39.961865703795596 ], [ -82.99770772705304, 39.961874593359113 ], [ -82.997707761636079, 39.961874643305556 ], [ -82.997708434817099, 39.961877264625912 ], [ -82.997734602488023, 39.962014174678544 ], [ -82.997766023083898, 39.962177704723942 ], [ -82.997804876714454, 39.962379924297217 ], [ -82.997805202936888, 39.962382486935574 ], [ -82.997801919659324, 39.962382983929999 ], [ -82.997141563276742, 39.962457232256959 ], [ -82.997138101170009, 39.962457488610148 ], [ -82.997132576578082, 39.962456631250127 ], [ -82.997118664395387, 39.962455016694314 ], [ -82.997104613212557, 39.962454464219569 ], [ -82.99709055962451, 39.962454979196629 ], [ -82.997076640249531, 39.962456556619266 ] ] ], [ [ [ -83.002721092460305, 39.973580073948057 ], [ -83.002714751762767, 39.973589502737127 ], [ -83.002709624145382, 39.973599358551326 ], [ -83.002705757537015, 39.973609549267437 ], [ -83.002703188079806, 39.973619979631778 ], [ -83.002701939791308, 39.973630552150667 ], [ -83.002702024340024, 39.973641168001606 ], [ -83.002703440936259, 39.973651727957069 ], [ -83.002720644212772, 39.973738594918899 ], [ -83.002720989135227, 39.973741183802588 ], [ -83.00271801352649, 39.973742421387861 ], [ -83.002697192475111, 39.973750091034724 ], [ -83.002685071730085, 39.973755122676991 ], [ -83.002673637786245, 39.973761029737915 ], [ -83.002662997118719, 39.973767757209856 ], [ -83.002653248815619, 39.973775242445399 ], [ -83.002644483655246, 39.973783415740591 ], [ -83.002636783260812, 39.973792200984171 ], [ -83.002630219340318, 39.973801516366201 ], [ -83.002624853018716, 39.973811275140037 ], [ -83.002620734268817, 39.973821386430018 ], [ -83.002617901445788, 39.973831756077701 ], [ -83.002616380930064, 39.973842287518814 ], [ -83.00261618688161, 39.973852882682273 ], [ -83.002617321108062, 39.973863442903657 ], [ -83.002619773047826, 39.9738738698438 ], [ -83.002623519868493, 39.973884066404722 ], [ -83.002628526679345, 39.973893937633683 ], [ -83.002634746856344, 39.973903391607514 ], [ -83.002642122476189, 39.973912340288535 ], [ -83.002650584855758, 39.973920700344507 ], [ -83.002660055191683, 39.973928393924496 ], [ -83.002670445294143, 39.97393534938405 ], [ -83.002681658408179, 39.973941501952133 ], [ -83.002693590114603, 39.973946794334474 ], [ -83.002706129302496, 39.973951177247095 ], [ -83.002719159203792, 39.973954609875157 ], [ -83.002732558480716, 39.973957060253142 ], [ -83.002746202355752, 39.973958505562514 ], [ -83.002759963773585, 39.973958932344161 ], [ -83.002766848226187, 39.973958890070001 ], [ -83.002767515675941, 39.973961430142062 ], [ -83.002793878957533, 39.974095436425465 ], [ -83.002794216072672, 39.974097988145004 ], [ -83.002790951728485, 39.974098508722832 ], [ -83.002329855239537, 39.974154106729848 ], [ -83.002315633716677, 39.974156397476989 ], [ -83.00230178861797, 39.974159788819563 ], [ -83.00228846343829, 39.974164245608641 ], [ -83.002275796284039, 39.9741697216527 ], [ -83.002263918441713, 39.974176160196315 ], [ -83.002252953017177, 39.974183494508395 ], [ -83.002243013659879, 39.974191648573793 ], [ -83.002234203384859, 39.97420053788121 ], [ -83.002230671236433, 39.974204974040731 ], [ -83.002228457878246, 39.974207473308006 ], [ -83.002225347788581, 39.974208705876599 ], [ -83.002089842475087, 39.974256010196243 ], [ -83.002018997963816, 39.97428071957556 ], [ -83.001943240313508, 39.97430718690967 ], [ -83.001870214179149, 39.974332665928507 ], [ -83.001797945589061, 39.974357914455581 ], [ -83.001655547993636, 39.974407616501452 ], [ -83.00158447554422, 39.974432420587547 ], [ -83.00135097280311, 39.97451393838957 ], [ -83.001348000983299, 39.974514854227728 ], [ -83.001344876544707, 39.974515343156483 ], [ -83.001107769697626, 39.974544040241433 ], [ -83.001093627499742, 39.974546321543428 ], [ -83.001079857600843, 39.974549691315488 ], [ -83.001066601144615, 39.9745541150169 ], [ -83.001053994011954, 39.974559547304011 ], [ -83.001042165428188, 39.97456593249499 ], [ -83.001031236638482, 39.974573205140587 ], [ -83.000905439576627, 39.974665886439588 ], [ -83.000902693797599, 39.974667710134781 ], [ -83.000899136017452, 39.974668254320228 ], [ -83.000547331417394, 39.974707683551465 ], [ -83.000543770391204, 39.974707942089964 ], [ -83.000540271616543, 39.974707370268682 ], [ -83.00047347213885, 39.974693704936101 ], [ -83.000470252309256, 39.974692916609399 ], [ -83.000468736390673, 39.974691166156354 ], [ -83.000460624909095, 39.974682707167602 ], [ -83.00045149924803, 39.974674883686895 ], [ -83.000441443040941, 39.974667767413344 ], [ -83.000430548449287, 39.974661423564839 ], [ -83.000418915317923, 39.974655910280241 ], [ -83.000406650260075, 39.974651278086647 ], [ -83.000393865680181, 39.974647569436279 ], [ -83.000380678743923, 39.974644818317408 ], [ -83.00036721030429, 39.974643049942962 ], [ -83.000353583794137, 39.974642280519348 ], [ -83.000339924094973, 39.974642517098047 ], [ -83.000326356392407, 39.974643757510933 ], [ -83.000319479778568, 39.974644644781016 ], [ -83.000316056552094, 39.974644954181421 ], [ -83.000313158672498, 39.974643518440253 ], [ -83.000151229530275, 39.974554325094822 ], [ -83.000148520146311, 39.974552671126666 ], [ -83.000147804186753, 39.974550067795761 ], [ -83.000091976769525, 39.974282410759074 ], [ -83.000091593603941, 39.974279737873829 ], [ -83.000091816361859, 39.974277778118335 ], [ -83.000092346047566, 39.974266732947513 ], [ -83.00009142983059, 39.974255702762555 ], [ -83.000089076994541, 39.974244799319216 ], [ -83.000085311378569, 39.974234133089134 ], [ -83.000080171135849, 39.974223812140501 ], [ -83.000073708346861, 39.974213941043132 ], [ -83.000065988491826, 39.974204619808951 ], [ -83.000057089787205, 39.974195942878772 ], [ -83.000047102393225, 39.974187998165469 ], [ -83.00003612750038, 39.974180866163188 ], [ -83.000024276304146, 39.974174619131759 ], [ -83.000011668878471, 39.974169320364787 ], [ -82.999998432959117, 39.974165023548181 ], [ -82.999984702649556, 39.974161772216327 ], [ -82.999970617062218, 39.974159599310966 ], [ -82.999956318909071, 39.974158526847532 ], [ -82.999941953055753, 39.974158565691916 ], [ -82.999927665053789, 39.97415971545059 ], [ -82.999878494316746, 39.974165609643045 ], [ -82.999875172732288, 39.974165883223876 ], [ -82.999872741740916, 39.974164120440818 ], [ -82.999811810460471, 39.974115491757708 ], [ -82.999809270607543, 39.974113227623711 ], [ -82.999807822458081, 39.974110452126631 ], [ -82.999708966583455, 39.973885981867916 ], [ -82.999703934707725, 39.973876142448404 ], [ -82.999697696092198, 39.973866721005628 ], [ -82.999690308585201, 39.973857804900412 ], [ -82.999681840688154, 39.973849476807779 ], [ -82.999672370920393, 39.973841813950322 ], [ -82.999661987091031, 39.973834887382196 ], [ -82.999650785484789, 39.973828761330253 ], [ -82.999638869969118, 39.973823492598569 ], [ -82.99962635103121, 39.973819130041612 ], [ -82.999613344753371, 39.973815714111332 ], [ -82.999599971736757, 39.973813276482062 ], [ -82.999586355983098, 39.97381183975677 ], [ -82.999572623744811, 39.973811417257522 ], [ -82.99955890235448, 39.973812012901973 ], [ -82.999545319044032, 39.973813621166961 ], [ -82.999531999765125, 39.973816227139864 ], [ -82.999519068021144, 39.973819806656671 ], [ -82.999506643722171, 39.973824326526206 ], [ -82.999499724976801, 39.9738275030248 ], [ -82.999497307445054, 39.973828489981642 ], [ -82.999493845616641, 39.973828479773715 ], [ -82.99937696118127, 39.973823709021737 ], [ -82.999363081211555, 39.973823662501239 ], [ -82.999349261007822, 39.973824653523678 ], [ -82.99933563128377, 39.973826672715852 ], [ -82.999322320951478, 39.973829700979884 ], [ -82.999309455902292, 39.973833709673961 ], [ -82.999297157816017, 39.97383866088321 ], [ -82.999285543010089, 39.973844507778274 ], [ -82.999274721339447, 39.973851195058245 ], [ -82.999264795157558, 39.973858659473677 ], [ -82.999255858348221, 39.973866830424889 ], [ -82.999247995437699, 39.97387563062955 ], [ -82.999241280795246, 39.973884976853775 ], [ -82.999235777929627, 39.97389478069924 ], [ -82.999231538888495, 39.973904949439415 ], [ -82.999228603766056, 39.973915386896337 ], [ -82.999227000323884, 39.973925994350594 ], [ -82.999202697412898, 39.974204093564651 ], [ -82.999202297918202, 39.974206734833572 ], [ -82.999200272351345, 39.974211588208199 ], [ -82.999196707700449, 39.974221792125746 ], [ -82.999194434283396, 39.974232212396771 ], [ -82.999193473150967, 39.974242752537286 ], [ -82.999193833203151, 39.974253314953224 ], [ -82.99919551110672, 39.974263801844351 ], [ -82.999198491326098, 39.974274116109605 ], [ -82.999202746267144, 39.974284162246299 ], [ -82.999208236532695, 39.97429384723435 ], [ -82.999214911287325, 39.974303081397714 ], [ -82.999222708727928, 39.974311779234526 ], [ -82.999231556656127, 39.974319860208922 ], [ -82.999241373146646, 39.974327249496774 ], [ -82.999252067305889, 39.974333878678415 ], [ -82.999263540113617, 39.97433968637224 ], [ -82.99927568533974, 39.974344618803002 ], [ -82.999288390527951, 39.974348630299779 ], [ -82.999301538037045, 39.974351683718929 ], [ -82.999315006130132, 39.974353750787841 ], [ -82.999328670101917, 39.974354812366883 ], [ -82.999348102976555, 39.974355598153956 ], [ -82.999351437966226, 39.974355860110137 ], [ -82.999351411395395, 39.974358439191263 ], [ -82.99933749438803, 39.974545559190616 ], [ -82.999337142021275, 39.974548106690818 ], [ -82.999333812145395, 39.974548104133753 ], [ -82.999298032944978, 39.974546730557392 ], [ -82.999284125436944, 39.974546718612707 ], [ -82.999270282446233, 39.974547748131904 ], [ -82.999256635417083, 39.974549809339315 ], [ -82.999243313932936, 39.974552882663069 ], [ -82.999230444486201, 39.974556938920792 ], [ -82.999218149277027, 39.97456193959686 ], [ -82.999206545053084, 39.974567837208006 ], [ -82.999195742000921, 39.974574575754275 ], [ -82.99918584269976, 39.974582091250618 ], [ -82.999176941147482, 39.974590312334634 ], [ -82.999169121868036, 39.974599160943974 ], [ -82.999162459108902, 39.974608553057763 ], [ -82.999157016135982, 39.974618399494268 ], [ -82.999152844632988, 39.974628606757733 ], [ -82.99914998421049, 39.974639077926199 ], [ -82.999148462029979, 39.974649713571743 ], [ -82.999142250718833, 39.974728048702829 ], [ -82.999139810904623, 39.974758818330912 ], [ -82.999139657462294, 39.974769842126193 ], [ -82.999140941557272, 39.974780822198504 ], [ -82.999143650246467, 39.974791647867825 ], [ -82.999147756226719, 39.974802210010473 ], [ -82.999153218109967, 39.97481240215906 ], [ -82.999159980840517, 39.974822121575741 ], [ -82.999167976249851, 39.974831270287815 ], [ -82.999177123743877, 39.974839756075284 ], [ -82.999187331115252, 39.974847493400524 ], [ -82.999198495472854, 39.974854404270367 ], [ -82.999210504278921, 39.974860419022498 ], [ -82.999223236483488, 39.974865477027478 ], [ -82.999236563744489, 39.974869527300015 ], [ -82.999239175755392, 39.974870206617737 ], [ -82.999239124602468, 39.974872770692109 ], [ -82.999232998076138, 39.9749465320319 ], [ -82.999232624695949, 39.974949073033308 ], [ -82.999229300937358, 39.974949061487067 ], [ -82.998345060444223, 39.974912782177967 ], [ -82.998341682557395, 39.97491251474213 ], [ -82.998339876524156, 39.974907788427068 ], [ -82.998335203987878, 39.974897483566963 ], [ -82.998329224899621, 39.974887586469407 ], [ -82.998321998327057, 39.974878194907298 ], [ -82.998313595661571, 39.974869401659419 ], [ -82.998304099913028, 39.97486129359369 ], [ -82.998293604889696, 39.974853950809234 ], [ -82.998282214271512, 39.974847445844915 ], [ -82.998270040585837, 39.974841842962832 ], [ -82.99825720409585, 39.974837197513487 ], [ -82.998243831612356, 39.974833555388905 ], [ -82.998230055241208, 39.974830952569384 ], [ -82.998216011078156, 39.974829414767946 ], [ -82.9982018378644, 39.974828957176484 ], [ -82.998187675616023, 39.974829584315422 ], [ -82.998173664240753, 39.974831289989346 ], [ -82.998159942155894, 39.974834057348069 ], [ -82.998146644920922, 39.974837859052997 ], [ -82.998133903898292, 39.974842657547399 ], [ -82.998121844955762, 39.974848405427309 ], [ -82.998110587222953, 39.974855045909813 ], [ -82.998100241914486, 39.974862513394029 ], [ -82.998090911231259, 39.974870734109167 ], [ -82.99808268735093, 39.974879626843304 ], [ -82.998075651517141, 39.974889103745625 ], [ -82.998069873237014, 39.974899071194315 ], [ -82.998065409594432, 39.974909430721468 ], [ -82.998062304686115, 39.974920079985772 ], [ -82.998060589185968, 39.974930913783602 ], [ -82.998052483672808, 39.975017968573439 ], [ -82.99805208235594, 39.975020518253103 ], [ -82.998048744752509, 39.975020467792241 ], [ -82.997834429531395, 39.975009130974421 ], [ -82.997820125162946, 39.975008927274189 ], [ -82.997805866154664, 39.975009826383939 ], [ -82.997791795785346, 39.975011819269135 ], [ -82.997778055438317, 39.975014885904706 ], [ -82.997764783180841, 39.975018995476098 ], [ -82.997752112376659, 39.975024106689133 ], [ -82.997740170346063, 39.975030168184766 ], [ -82.997729077086461, 39.975037119055202 ], [ -82.997718944066648, 39.975044889455901 ], [ -82.997709873106757, 39.975053401307456 ], [ -82.997701955355069, 39.975062569080059 ], [ -82.997695270372176, 39.975072300652933 ], [ -82.997689885331511, 39.975082498240106 ], [ -82.997685854344311, 39.975093059372817 ], [ -82.99768321791592, 39.975103877929278 ], [ -82.99768200253871, 39.975114845200942 ], [ -82.997682220425915, 39.975125850984874 ], [ -82.997683869388766, 39.975136784691138 ], [ -82.997684684971944, 39.975140537806524 ], [ -82.997684568516391, 39.975143247435909 ], [ -82.99768080921622, 39.9751781272305 ], [ -82.99768034960195, 39.975180762007845 ], [ -82.997676894826228, 39.97518081082395 ], [ -82.997622071429305, 39.975179447315938 ], [ -82.997606921002813, 39.975179689754704 ], [ -82.99752909895372, 39.975184122928269 ], [ -82.997516721418449, 39.975185247847151 ], [ -82.997504518641179, 39.975187199269953 ], [ -82.99749258367909, 39.975189962315241 ], [ -82.997103294290611, 39.975294550512466 ], [ -82.996963772445397, 39.975332036328766 ], [ -82.996960094943077, 39.975332855366972 ], [ -82.996956270055861, 39.975332727575562 ], [ -82.99689068052237, 39.975327786998726 ], [ -82.996887670645009, 39.975327459954542 ], [ -82.996884708004089, 39.97532693655549 ], [ -82.996109435203024, 39.975162870893321 ], [ -82.996106356484617, 39.975162093835678 ], [ -82.996108163920809, 39.975160024882804 ], [ -82.996209008719447, 39.975055890567894 ], [ -82.996209885381091, 39.975055004217801 ], [ -82.996289665365126, 39.974976018008881 ], [ -82.996294933697655, 39.974971367373179 ], [ -82.996717200485435, 39.974638416687704 ], [ -82.996723880340582, 39.974633775614521 ], [ -82.996859196552208, 39.974551068865139 ], [ -82.997469460975367, 39.974177999772941 ], [ -82.997472622167223, 39.974176174808576 ], [ -82.998040532836441, 39.973866852846236 ], [ -82.99805025416488, 39.97386105850709 ], [ -82.998059291089078, 39.973854641833029 ], [ -82.998067576517926, 39.973847650462339 ], [ -82.99812080389394, 39.973798653156472 ], [ -82.99812345596024, 39.973796499711632 ], [ -82.998123832210766, 39.973796185426458 ], [ -82.99812597772204, 39.973794653133879 ], [ -82.998353971773525, 39.973631906812926 ], [ -82.998535578205264, 39.973502270879138 ], [ -82.998775167191368, 39.973331245477318 ], [ -82.998783947103504, 39.973324403923108 ], [ -82.998791915501698, 39.973316997695299 ], [ -82.998799011295858, 39.973309083574406 ], [ -82.998805180085739, 39.97330072223464 ], [ -82.999090934012784, 39.972870557541768 ], [ -82.999092688111531, 39.972868213689694 ], [ -82.99909568709225, 39.972866802637348 ], [ -82.999302929065081, 39.972779920078949 ], [ -82.999305990149949, 39.972778780908449 ], [ -82.999311788626315, 39.972779365348387 ], [ -82.999313826835504, 39.972779648351938 ], [ -82.999327622633416, 39.972780515569504 ], [ -82.999341462737831, 39.972780350482353 ], [ -82.999355216963792, 39.972779154643376 ], [ -82.999368755934071, 39.972776939301006 ], [ -82.999381952296318, 39.972773725293578 ], [ -82.999394681920876, 39.972769542853179 ], [ -82.999406825068448, 39.972764431321352 ], [ -82.999418267516447, 39.972758438778925 ], [ -82.999428901633379, 39.972751621593879 ], [ -82.999438627391271, 39.972744043891076 ], [ -82.999447353306607, 39.972735776948909 ], [ -82.999454997300759, 39.972726898529153 ], [ -82.999461487472203, 39.9727174921452 ], [ -82.999466762772656, 39.972707646276646 ], [ -82.999470773581407, 39.972697453537009 ], [ -82.999473482172064, 39.972687009802534 ], [ -82.99947486306732, 39.972676413310346 ], [ -82.999474903278653, 39.972665763734483 ], [ -82.999473602428438, 39.972655161248142 ], [ -82.999439408395048, 39.972471963062567 ], [ -82.999439035627219, 39.972469604080572 ], [ -82.999431259625126, 39.972409576952359 ], [ -82.99943091567188, 39.972404940525315 ], [ -82.999429785548372, 39.972345757989572 ], [ -82.999429952320796, 39.97234111578932 ], [ -82.999435329767081, 39.972282071643846 ], [ -82.999436006069473, 39.972277456913588 ], [ -82.999447926894661, 39.97221860700504 ], [ -82.999448885751619, 39.97221477450411 ], [ -82.999465485286066, 39.972159160096879 ], [ -82.999466450530747, 39.972156285024134 ], [ -82.999487102314319, 39.972100993390207 ], [ -82.999488268215345, 39.972098162682947 ], [ -82.999513039499902, 39.972043226427928 ], [ -82.99951348082503, 39.972042295390928 ], [ -82.999514257817594, 39.972040794284801 ], [ -82.999554072848227, 39.971967904619653 ], [ -82.999556300421062, 39.971964215633754 ], [ -82.999602431850832, 39.971894685206763 ], [ -82.999605008409773, 39.971891133286647 ], [ -82.999657706172769, 39.971824422536969 ], [ -82.999660617564246, 39.971821027192547 ], [ -82.999719592184306, 39.971757502547256 ], [ -82.999722822415833, 39.971754282428378 ], [ -82.999787749942186, 39.971694292813034 ], [ -82.999791281270006, 39.971691265607014 ], [ -82.99986180505698, 39.971635140529187 ], [ -82.999865618083689, 39.971632322863641 ], [ -82.999941350749765, 39.971580370603192 ], [ -82.999945424530821, 39.97157777795482 ], [ -83.000025950086524, 39.971530283870777 ], [ -83.000030262245303, 39.971527930480192 ], [ -83.000116279386248, 39.971484580408699 ], [ -83.000118447462441, 39.971483530068909 ], [ -83.000861183750331, 39.971137871658783 ], [ -83.000867986519651, 39.971134499404386 ], [ -83.001035987809658, 39.97104593322711 ], [ -83.001038277045353, 39.971044775446103 ], [ -83.001210513717439, 39.970961265024748 ], [ -83.001217348890719, 39.970957734997413 ], [ -83.001316731634731, 39.970903145106547 ], [ -83.001954615551725, 39.970552768773224 ], [ -83.00195695874288, 39.970551535099588 ], [ -83.002019592161346, 39.970519948181135 ], [ -83.00202444787891, 39.970517706174654 ], [ -83.002088376700257, 39.970490784511853 ], [ -83.002091266255036, 39.970489703088823 ], [ -83.002091894841968, 39.970492127631111 ], [ -83.002178781512399, 39.970938002390582 ], [ -83.0024457316552, 39.972307859723699 ], [ -83.002448427931526, 39.972318248773782 ], [ -83.002452412924541, 39.972328389555152 ], [ -83.00245764954019, 39.972338187671554 ], [ -83.002464089033538, 39.972347551916428 ], [ -83.002471671462473, 39.972356395121949 ], [ -83.002480326245745, 39.972364634970319 ], [ -83.002489972819816, 39.972372194760169 ], [ -83.00250052138901, 39.972379004120491 ], [ -83.002511873761151, 39.972384999665707 ], [ -83.002523924261737, 39.972390125585669 ], [ -83.002536560717601, 39.97239433416523 ], [ -83.002549665501064, 39.972397586228425 ], [ -83.002563116624913, 39.972399851503013 ], [ -83.002576788877946, 39.97240110890251 ], [ -83.002590554990562, 39.972401346722229 ], [ -83.002604286819377, 39.972400562748469 ], [ -83.002617856540198, 39.972398764278879 ], [ -83.002612852023944, 39.972399427555082 ], [ -83.00261327535533, 39.972457942213424 ], [ -83.002637046011017, 39.972457840411295 ], [ -83.002638039047639, 39.972595095258626 ], [ -83.002661809750222, 39.97259499345148 ], [ -83.002662802837719, 39.972732248291983 ], [ -83.002686573587184, 39.972732146479828 ], [ -83.002686907161973, 39.972778247621619 ], [ -83.002685327879263, 39.972778337762655 ], [ -83.002671314430671, 39.972780230520264 ], [ -83.002657615559301, 39.972783187370332 ], [ -83.002644367407029, 39.972787178927149 ], [ -83.002631701636474, 39.972792165521923 ], [ -83.002619744122526, 39.972798097596929 ], [ -83.002608613701327, 39.972804916198136 ], [ -83.002598420989386, 39.972812553560992 ], [ -83.002589267284122, 39.972820933783908 ], [ -83.002581243557216, 39.97282997358262 ], [ -83.002574429550506, 39.97283958311781 ], [ -83.002568892983476, 39.972849666887967 ], [ -83.002564688880256, 39.972860124678533 ], [ -83.002561859022691, 39.972870852557733 ], [ -83.002560431535159, 39.97288174390966 ], [ -83.002560420605022, 39.972892690493623 ], [ -83.002561826341562, 39.972903583520051 ], [ -83.002565068149323, 39.972920218257293 ], [ -83.002567765065749, 39.972930609141365 ], [ -83.00257175116495, 39.972940751649531 ], [ -83.002576989329299, 39.972950551335813 ], [ -83.002583430782025, 39.972959916946365 ], [ -83.002591015541327, 39.972968761269513 ], [ -83.002599672979017, 39.972977001947577 ], [ -83.002609322478051, 39.972984562244079 ], [ -83.002619874183409, 39.972991371758162 ], [ -83.002631229838599, 39.97299736708009 ], [ -83.002643283700792, 39.973002492381859 ], [ -83.00265592352541, 39.973006699937088 ], [ -83.002669031611319, 39.973009950565235 ], [ -83.002682485896983, 39.973012213996704 ], [ -83.002696161097006, 39.973013469154573 ], [ -83.002709929868786, 39.973013704350869 ], [ -83.00272366399841, 39.973012917395501 ], [ -83.002737235594566, 39.973011115616529 ], [ -83.002739322559847, 39.973010675710341 ], [ -83.00274028514616, 39.97314369365472 ], [ -83.00276584209324, 39.97314358417573 ], [ -83.002766835394127, 39.973280838988828 ], [ -83.002792392391626, 39.973280729504054 ], [ -83.002793385746912, 39.973417984310267 ], [ -83.002818942794818, 39.973417874819731 ], [ -83.002819732998987, 39.97352705369908 ], [ -83.002819753057182, 39.973527050201582 ], [ -83.002806296043559, 39.973529396671289 ], [ -83.002793196436201, 39.973532731982488 ], [ -83.002780576678077, 39.973537024959811 ], [ -83.002768554727112, 39.973542235476444 ], [ -83.002757242953493, 39.973548314829323 ], [ -83.002746747089446, 39.973555206194263 ], [ -83.002737165240873, 39.973562845157119 ], [ -83.00272858697042, 39.973571160315899 ], [ -83.002721092460305, 39.973580073948057 ] ], [ [ -82.998308215493296, 39.974084042450393 ], [ -82.998294621088107, 39.974081885733604 ], [ -82.99828081866913, 39.974080755213059 ], [ -82.998266938786813, 39.974080661581816 ], [ -82.998253112724242, 39.974081605725502 ], [ -82.998239471255488, 39.974083578713888 ], [ -82.99822614340863, 39.974086561885422 ], [ -82.998213255245432, 39.974090527023748 ], [ -82.998200928668908, 39.974095436624516 ], [ -82.998189280270438, 39.974101244250114 ], [ -82.998178420226807, 39.97410789496903 ], [ -82.998168451258309, 39.974115325875189 ], [ -82.998159467657004, 39.974123466683182 ], [ -82.99815155439498, 39.97413224039289 ], [ -82.998144786320481, 39.974141564017849 ], [ -82.998139227450139, 39.974151349370189 ], [ -82.99813493036325, 39.974161503894706 ], [ -82.998131935704592, 39.974171931544312 ], [ -82.998130271799909, 39.974182533688591 ], [ -82.998123925107961, 39.974250694397888 ], [ -82.998123606276494, 39.974261328114508 ], [ -82.998124626208991, 39.974271935675155 ], [ -82.998126975335836, 39.974282417546483 ], [ -82.99813063161514, 39.974292675374492 ], [ -82.998135560739698, 39.974302612907387 ], [ -82.99814171645879, 39.974312136898718 ], [ -82.998149041012169, 39.974321157982402 ], [ -82.99815746567208, 39.974329591511214 ], [ -82.998166911388026, 39.9743373583511 ], [ -82.998177289528613, 39.974344385623674 ], [ -82.998188502713177, 39.974350607390114 ], [ -82.998200445725487, 39.974355965269865 ], [ -82.998213006501047, 39.974360408988446 ], [ -82.998226067178706, 39.974363896849198 ], [ -82.998239505206442, 39.97436639612453 ], [ -82.998253194491454, 39.974367883363016 ], [ -82.998267006583291, 39.974368344609509 ], [ -82.998280811879127, 39.974367775535981 ], [ -82.998294480839931, 39.974366181482218 ], [ -82.998307885205946, 39.974363577405654 ], [ -82.998320899200209, 39.974359987741117 ], [ -82.998333400708816, 39.974355446171437 ], [ -82.998345272426661, 39.974349995311421 ], [ -82.998356402958279, 39.974343686308011 ], [ -82.998366687863012, 39.974336578360358 ], [ -82.998376030635015, 39.97432873816426 ], [ -82.99838434360889, 39.974320239286399 ], [ -82.998387354951319, 39.974316828477349 ], [ -82.998389609432564, 39.974315423546123 ], [ -82.998396409023826, 39.974311587054643 ], [ -82.998406964397077, 39.974304286380629 ], [ -82.998416525036788, 39.974296215181084 ], [ -82.998424996385694, 39.974287453282727 ], [ -82.998432294659978, 39.97427808734335 ], [ -82.998438347678032, 39.974268209994875 ], [ -82.998443095574217, 39.97425791892725 ], [ -82.998446491391078, 39.974247315922106 ], [ -82.998448501543606, 39.974236505846207 ], [ -82.998449106151512, 39.974225595614264 ], [ -82.99844829923569, 39.974214693131501 ], [ -82.998446088777413, 39.97420390622645 ], [ -82.99844249663937, 39.974193341584517 ], [ -82.998437558349352, 39.974183103692816 ], [ -82.998431322748957, 39.974173293806714 ], [ -82.998423851510367, 39.97416400894857 ], [ -82.998415218526503, 39.974155340947938 ], [ -82.998403010755467, 39.974144270546113 ], [ -82.99840076571526, 39.974142005449082 ], [ -82.998399938034993, 39.974140960546642 ], [ -82.998395009789874, 39.974133882700087 ], [ -82.99838729770606, 39.974125003584547 ], [ -82.998378501023012, 39.974116742833893 ], [ -82.998368702944816, 39.974109178582715 ], [ -82.99835799614722, 39.974102382377687 ], [ -82.998346481901024, 39.97409641850097 ], [ -82.998334269114167, 39.974091343361984 ], [ -82.998321473301743, 39.9740872049641 ], [ -82.998308215493296, 39.974084042450393 ] ] ], [ [ [ -83.002686907161973, 39.972778247621619 ], [ -83.002699516636923, 39.972777527908079 ], [ -83.002686907161973, 39.972778247621683 ], [ -83.002686907161973, 39.972778247621619 ] ] ], [ [ [ -82.997191174166772, 39.954920059259216 ], [ -82.997186546878424, 39.954920062143593 ], [ -82.997181725818521, 39.954919883747507 ], [ -82.997167681613789, 39.95492043057137 ], [ -82.997153775558971, 39.954922038656051 ], [ -82.997140142726337, 39.954924692381923 ], [ -82.997126915534324, 39.954928365972798 ], [ -82.997126270977532, 39.954928573148059 ], [ -82.997122848243109, 39.954929103589279 ], [ -82.996675001760735, 39.954981012206908 ], [ -82.996671673848013, 39.954981270111531 ], [ -82.996671017548508, 39.95497874608656 ], [ -82.996604618801101, 39.954636887540552 ], [ -82.996572802097461, 39.954473071982378 ], [ -82.996572457675825, 39.954470409669923 ], [ -82.996572666440301, 39.954469598777145 ], [ -82.99657551381415, 39.954460831304736 ], [ -82.996577559333986, 39.954450200063285 ], [ -82.996578244632701, 39.954439465851948 ], [ -82.996577563146218, 39.954428731496826 ], [ -82.996575521403344, 39.954418099825354 ], [ -82.996572138963103, 39.954407672681278 ], [ -82.996567448227424, 39.954397549949064 ], [ -82.996561494130688, 39.954387828597099 ], [ -82.996557594888898, 39.954382804073035 ], [ -82.996556109907701, 39.954380659644137 ], [ -82.996555434935502, 39.954378050897695 ], [ -82.996537277367338, 39.954284129692752 ], [ -82.996521369279591, 39.954201841664741 ], [ -82.996488915309058, 39.954033998069754 ], [ -82.9964575685798, 39.953871811776658 ], [ -82.996457239552441, 39.953869250640338 ], [ -82.996460519657887, 39.953868749500479 ], [ -82.997080077273466, 39.953798215129865 ], [ -82.997628600100597, 39.953735765986792 ], [ -82.997754751675231, 39.953721402226499 ], [ -82.998057006959314, 39.953686988922733 ], [ -82.998120645551438, 39.953679743211495 ], [ -82.998782759852546, 39.953604355828986 ], [ -82.99878608331791, 39.953604104755918 ], [ -82.998786738910184, 39.95360662477772 ], [ -82.998849772374584, 39.953930741215117 ], [ -82.998901536659986, 39.95420211238747 ], [ -82.998901735571494, 39.954203122446096 ], [ -82.998936090584664, 39.954372259880522 ], [ -82.998967685759411, 39.95453686821579 ], [ -82.998967722506094, 39.954537058509324 ], [ -82.999001264357574, 39.95470971494786 ], [ -82.999001595799797, 39.954712274591756 ], [ -82.998998318370994, 39.95471277956257 ], [ -82.998344243688223, 39.954788086436118 ], [ -82.998341525924118, 39.9547882952929 ], [ -82.998334658750551, 39.954788952815967 ], [ -82.998277526302672, 39.954795509499618 ], [ -82.997995974119107, 39.954827826991647 ], [ -82.997663081418125, 39.95486603119398 ], [ -82.997194646322811, 39.954919793950985 ], [ -82.997191174166772, 39.954920059259216 ] ] ], [ [ [ -82.99679829582864, 39.964801454941053 ], [ -82.996800331123097, 39.964790715507249 ], [ -82.996800978689492, 39.964779873928194 ], [ -82.996800232202403, 39.964769036115328 ], [ -82.996798098954912, 39.964758307943278 ], [ -82.996794599787364, 39.964747794215548 ], [ -82.996789768883673, 39.964737597640671 ], [ -82.996783653437504, 39.964727817828866 ], [ -82.996780185906758, 39.964722909335514 ], [ -82.996779546963268, 39.964720420063003 ], [ -82.996683084335146, 39.964214740039345 ], [ -82.996682762011545, 39.964212185246382 ], [ -82.996686032194418, 39.964211678777986 ], [ -82.997342127852093, 39.964135555059272 ], [ -82.997345589423745, 39.964135286486517 ], [ -82.997349333641395, 39.964135854117657 ], [ -82.99735557404297, 39.964137046960879 ], [ -82.997369514988122, 39.96413861032481 ], [ -82.997383588331388, 39.964139108304728 ], [ -82.997397656903885, 39.964138536047024 ], [ -82.997411583583173, 39.964136899129308 ], [ -82.997425232629809, 39.964134213506135 ], [ -82.997438471010469, 39.964130505353552 ], [ -82.997451169694457, 39.96412581081384 ], [ -82.997459733479658, 39.964121801049238 ], [ -82.997461502915471, 39.964121060915645 ], [ -82.997464902341491, 39.964120520891534 ], [ -82.997810817455402, 39.964079056978804 ], [ -82.997814299931903, 39.964078774121809 ], [ -82.997817165022298, 39.964078978226603 ], [ -82.997825037135598, 39.964079847366833 ], [ -82.997838873054349, 39.964080331205665 ], [ -82.997852704761243, 39.96407978066128 ], [ -82.997866401959058, 39.964078200919879 ], [ -82.997879835617738, 39.964075606862941 ], [ -82.997892879189834, 39.964072022926914 ], [ -82.997902292990915, 39.964068612147145 ], [ -82.997903847866368, 39.964068119638995 ], [ -82.997907262084013, 39.96406760270321 ], [ -82.998123516068176, 39.964043264717517 ], [ -82.998126843837738, 39.964043017771417 ], [ -82.998127489222981, 39.964045541921507 ], [ -82.998191326899772, 39.964381525658261 ], [ -82.99819137851911, 39.964381795001252 ], [ -82.998223922462628, 39.964550158253282 ], [ -82.998224263431268, 39.964552804755066 ], [ -82.99822382699152, 39.964554512027192 ], [ -82.998221609860551, 39.96456138022166 ], [ -82.998219591351315, 39.964571899555402 ], [ -82.99821890460359, 39.964582519797879 ], [ -82.998219556057975, 39.964593141356801 ], [ -82.99822153960605, 39.964603664627454 ], [ -82.998224836647481, 39.964613990926814 ], [ -82.998229416264465, 39.96462402341885 ], [ -82.9982352355117, 39.964633668022813 ], [ -82.998242239819007, 39.964642834295283 ], [ -82.998243869849972, 39.964644748812908 ], [ -82.998244510033302, 39.964647387094594 ], [ -82.998250623734833, 39.964681979189507 ], [ -82.998250834255828, 39.964683125086253 ], [ -82.998338414796279, 39.965142361230477 ], [ -82.998338736498738, 39.965144906737613 ], [ -82.998335482217144, 39.96514542684573 ], [ -82.998316308593886, 39.965147747675218 ], [ -82.998312930159486, 39.965148026176472 ], [ -82.998311318351043, 39.965145724588602 ], [ -82.998225273092686, 39.965006874353982 ], [ -82.998172320204048, 39.964921425639623 ], [ -82.998165297797897, 39.964911454481857 ], [ -82.998156976237937, 39.964902093862037 ], [ -82.998147444295199, 39.964893443634892 ], [ -82.998136803652386, 39.964885596076996 ], [ -82.998125167819168, 39.964878634902334 ], [ -82.998112660921308, 39.964872634369428 ], [ -82.99809941637659, 39.964867658489027 ], [ -82.998085575471563, 39.96486376034148 ], [ -82.998083722656034, 39.964863320562564 ], [ -82.998081229791126, 39.964861369846687 ], [ -82.998071414687999, 39.964854377321181 ], [ -82.998060791845575, 39.96484812265178 ], [ -82.998049454595431, 39.964842660791426 ], [ -82.998037502545728, 39.964838039727546 ], [ -82.998025040706139, 39.964834300060339 ], [ -82.998012178565247, 39.964831474646189 ], [ -82.997999029128607, 39.964829588308881 ], [ -82.997985707925864, 39.964828657621609 ], [ -82.997972331995797, 39.964828690761287 ], [ -82.997959018857983, 39.964829687436783 ], [ -82.997905111473344, 39.964835696759231 ], [ -82.99789203596886, 39.964837637430833 ], [ -82.997879252489298, 39.964840507509734 ], [ -82.997866872352418, 39.96484428200344 ], [ -82.997855003363767, 39.964848928043885 ], [ -82.997843748877855, 39.964854405173654 ], [ -82.99783320689825, 39.964860665698211 ], [ -82.997823469224116, 39.96486765510128 ], [ -82.997814620650843, 39.964875312519474 ], [ -82.997806738231645, 39.964883571272416 ], [ -82.997799890606615, 39.964892359443283 ], [ -82.997797560794709, 39.964895692932338 ], [ -82.997794212229323, 39.964896201836019 ], [ -82.997638642077177, 39.964913801372049 ], [ -82.997624878016566, 39.964915894910092 ], [ -82.997611447658088, 39.964919018370644 ], [ -82.997598480827207, 39.964923141560583 ], [ -82.997586102868794, 39.964928224622753 ], [ -82.997574433435361, 39.96493421842144 ], [ -82.997563585330511, 39.964941065017143 ], [ -82.997553663418557, 39.964948698226713 ], [ -82.997544763610705, 39.964957044263123 ], [ -82.997536971938075, 39.964966022448749 ], [ -82.99753036371996, 39.964975545995195 ], [ -82.997525002835786, 39.964985522842248 ], [ -82.997520941107567, 39.964995856547809 ], [ -82.997518217798984, 39.965006447220105 ], [ -82.997516859235787, 39.965017192483323 ], [ -82.997516878551323, 39.965027988467249 ], [ -82.9975182755595, 39.965038730811351 ], [ -82.997524465787464, 39.965070480136824 ], [ -82.997557428194355, 39.965239543312364 ], [ -82.997557761432503, 39.965242103944028 ], [ -82.997554481908821, 39.965242608504504 ], [ -82.996899086430815, 39.965317914573824 ], [ -82.996895761658109, 39.965318169122909 ], [ -82.996895103326253, 39.965315648584969 ], [ -82.996862060332759, 39.965146592320956 ], [ -82.99682946148414, 39.964979824600185 ], [ -82.996816711042015, 39.964914588468829 ], [ -82.996813955388021, 39.964904036333529 ], [ -82.996809870406693, 39.964893742478942 ], [ -82.996804495345984, 39.964883805805599 ], [ -82.996797881848494, 39.964874321782261 ], [ -82.996790093455346, 39.964865381528739 ], [ -82.996784469986395, 39.964860123662447 ], [ -82.996786089516021, 39.964857420906583 ], [ -82.996790630670773, 39.96484739219536 ], [ -82.996793891533017, 39.964837072828132 ], [ -82.996795841600942, 39.964826559333112 ], [ -82.996796462634052, 39.964815950054394 ], [ -82.99679619074702, 39.964811910346093 ], [ -82.996796183180706, 39.964808690605153 ], [ -82.996797049525782, 39.964805312122685 ], [ -82.99679829582864, 39.964801454941053 ] ] ], [ [ [ -82.99745650863369, 39.956257844157655 ], [ -82.997237651658097, 39.956282859808276 ], [ -82.996930693270329, 39.956317944817833 ], [ -82.996927363919966, 39.95631819751906 ], [ -82.996926715345495, 39.956315671764749 ], [ -82.996874629144799, 39.956043012666733 ], [ -82.996869899655039, 39.956018254550116 ], [ -82.996857099298154, 39.955951241636733 ], [ -82.996842067980381, 39.955872555908819 ], [ -82.996830640839931, 39.955812731084947 ], [ -82.996830305966839, 39.955810080296516 ], [ -82.996831079018278, 39.955808125053807 ], [ -82.996834507256153, 39.955797618547372 ], [ -82.99683657360859, 39.955786903209763 ], [ -82.996837257965737, 39.955776083326761 ], [ -82.996836553667762, 39.955765264201624 ], [ -82.996834467569855, 39.95575455113012 ], [ -82.996831019975275, 39.95574404837587 ], [ -82.996826244437912, 39.955733858155511 ], [ -82.996820187435617, 39.955724079644021 ], [ -82.99681716372092, 39.955719760510526 ], [ -82.996816474814196, 39.955717141941307 ], [ -82.996716483428983, 39.955210370520511 ], [ -82.996716144310909, 39.955207810278601 ], [ -82.99671942229466, 39.955207301316065 ], [ -82.996933723515042, 39.955182380179835 ], [ -82.99715530566607, 39.955156639098483 ], [ -82.997155500862434, 39.955156616316117 ], [ -82.997181208270803, 39.955153601867188 ], [ -82.997376002437008, 39.955131258005025 ], [ -82.997595940119538, 39.955105971247271 ], [ -82.998257572233427, 39.955029975679324 ], [ -82.998261012061775, 39.955029712259631 ], [ -82.998264174224317, 39.955030445507347 ], [ -82.998277678448332, 39.955033031440955 ], [ -82.998291445776019, 39.955034592673883 ], [ -82.99830534524753, 39.955035114355148 ], [ -82.998319244645984, 39.955034591522328 ], [ -82.998333011755193, 39.955033029148787 ], [ -82.998346515617399, 39.955030442096387 ], [ -82.998359627778925, 39.955026854974115 ], [ -82.998372223512206, 39.955022301903959 ], [ -82.998384183002173, 39.955016826196442 ], [ -82.998387979621526, 39.955014888971839 ], [ -82.998391377247827, 39.955014377843661 ], [ -82.998531870524772, 39.954998700855576 ], [ -82.999043131543843, 39.954941524644269 ], [ -82.999046449976277, 39.954941280337152 ], [ -82.999047105980679, 39.954943795648681 ], [ -82.999057021646081, 39.954994580995141 ], [ -82.999068327479733, 39.955052220348229 ], [ -82.999079479028381, 39.955109209184322 ], [ -82.9990795086334, 39.955109359768358 ], [ -82.999090848654745, 39.955166770809534 ], [ -82.999090898456373, 39.955167020998623 ], [ -82.999101709443167, 39.955220917167622 ], [ -82.999113588522505, 39.955280156144937 ], [ -82.999125858973372, 39.955341317289161 ], [ -82.999147825854365, 39.95545083236351 ], [ -82.9991481875403, 39.955453503610052 ], [ -82.999147606518122, 39.95545580190548 ], [ -82.999145752443795, 39.955461584007864 ], [ -82.999143749160041, 39.955472202161033 ], [ -82.999143102008858, 39.955482920086851 ], [ -82.999143817169781, 39.95549363545247 ], [ -82.999145887815203, 39.955504245949498 ], [ -82.999149294175567, 39.955514650270736 ], [ -82.999154003728123, 39.955524749077497 ], [ -82.999159971507368, 39.955534445948039 ], [ -82.999165656496231, 39.955541743348263 ], [ -82.999166318150017, 39.955542696300419 ], [ -82.999166995076564, 39.955545318928465 ], [ -82.999263797321234, 39.956048528633787 ], [ -82.999264123973788, 39.956051088074588 ], [ -82.999260846511149, 39.956051590275642 ], [ -82.998600600660168, 39.956127064933874 ], [ -82.998502946459823, 39.956138228262475 ], [ -82.998364677529196, 39.956154034874807 ], [ -82.998254202502466, 39.956166664519344 ], [ -82.998121968267426, 39.956181778898284 ], [ -82.998032497649064, 39.956192005486891 ], [ -82.997666784887414, 39.956233809244566 ], [ -82.99745650863369, 39.956257844157655 ] ] ], [ [ [ -82.997909032440035, 39.966558057736236 ], [ -82.997895052426387, 39.966557520568863 ], [ -82.997881071269362, 39.966558039818871 ], [ -82.997867223478195, 39.966559610490613 ], [ -82.997853642279068, 39.966562217473061 ], [ -82.997840458333357, 39.96656583568511 ], [ -82.997827798480657, 39.966570430316793 ], [ -82.997815784518423, 39.966575957164295 ], [ -82.997815745199688, 39.966575977329825 ], [ -82.997812359630046, 39.966576496423322 ], [ -82.997157308318677, 39.96665153012205 ], [ -82.997153971172239, 39.966651783924334 ], [ -82.997153332551704, 39.966649250857941 ], [ -82.997087054292933, 39.966293421158873 ], [ -82.997071172404077, 39.966208104210089 ], [ -82.9970582317858, 39.966138630094214 ], [ -82.997057909321029, 39.966135979523543 ], [ -82.99705826205313, 39.966135098305941 ], [ -82.997061736990318, 39.966124602122768 ], [ -82.997063851091468, 39.966113893575837 ], [ -82.99706458378671, 39.966103076860634 ], [ -82.997063927947508, 39.966092257225121 ], [ -82.997061889955873, 39.966081539945677 ], [ -82.997058489642356, 39.966071029302611 ], [ -82.997053760092967, 39.966060827565649 ], [ -82.997047747327287, 39.966051033998767 ], [ -82.997042387743832, 39.966044154378892 ], [ -82.997041536028888, 39.966042929425363 ], [ -82.997040856793447, 39.96604031049602 ], [ -82.997008117297511, 39.965871258101963 ], [ -82.996976161311821, 39.965706259351236 ], [ -82.996944091940875, 39.965540664269142 ], [ -82.99694376206601, 39.965538104808111 ], [ -82.996947039814614, 39.965537600612215 ], [ -82.997160341509414, 39.965513091708011 ], [ -82.997421269908514, 39.965483110224092 ], [ -82.997599947396012, 39.965462578782301 ], [ -82.997603396733581, 39.965462314478209 ], [ -82.997605405326865, 39.965462619192827 ], [ -82.997614925501423, 39.965464440362439 ], [ -82.997628746286225, 39.965466001344616 ], [ -82.997642699198096, 39.965466515101738 ], [ -82.997656650541188, 39.965465976711002 ], [ -82.997670466634744, 39.96546439133126 ], [ -82.997684015093995, 39.965461774153489 ], [ -82.997697166098575, 39.965458150255294 ], [ -82.997709793636631, 39.9654535543606 ], [ -82.997713926482277, 39.965451649237679 ], [ -82.997717897711439, 39.965450020205012 ], [ -82.997721332232771, 39.965449503693385 ], [ -82.997969507409948, 39.96542190087299 ], [ -82.998378862969759, 39.965376355759041 ], [ -82.998382182329053, 39.965376113255452 ], [ -82.998382835812606, 39.965378629121822 ], [ -82.998415499566391, 39.965546832945698 ], [ -82.998446719184969, 39.965707595944487 ], [ -82.998462960388437, 39.965791224174552 ], [ -82.998479596300825, 39.965876890850893 ], [ -82.998479939653365, 39.965879552021235 ], [ -82.998479474506823, 39.965880411045141 ], [ -82.998474745497731, 39.965890508355955 ], [ -82.998471320210186, 39.965900912679523 ], [ -82.998469231370152, 39.965911524612324 ], [ -82.998468498935196, 39.965922242767292 ], [ -82.998469129903626, 39.9659329647425 ], [ -82.998471118247792, 39.965943588099407 ], [ -82.998474444971492, 39.965954011341708 ], [ -82.998479078291567, 39.965964134884892 ], [ -82.99848497394143, 39.965973862007807 ], [ -82.998487587116671, 39.965977674997724 ], [ -82.998488245690865, 39.965980299209683 ], [ -82.998496629388214, 39.966025529164284 ], [ -82.998498896393301, 39.96603485607487 ], [ -82.998502201399248, 39.966043997567503 ], [ -82.998506519727371, 39.966052885380996 ], [ -82.998511819132347, 39.966061453148413 ], [ -82.998512777516083, 39.966062844304155 ], [ -82.998513444556352, 39.966065458481822 ], [ -82.998592779951096, 39.966483664736053 ], [ -82.998593099714796, 39.966486221165056 ], [ -82.998589826435023, 39.96648672348153 ], [ -82.998240022216507, 39.966526813376674 ], [ -82.998076043114821, 39.966545615065911 ], [ -82.99793763397966, 39.966561474819031 ], [ -82.99793416769586, 39.966561738668304 ], [ -82.997931909118165, 39.966561392252956 ], [ -82.997922876812069, 39.966559646152952 ], [ -82.997909032440035, 39.966558057736236 ] ] ], [ [ [ -82.99815385564564, 39.967885856805701 ], [ -82.998139749085865, 39.967886416625554 ], [ -82.99812578355305, 39.967888046725179 ], [ -82.998112095867057, 39.96789073113456 ], [ -82.998098820125705, 39.967894443554584 ], [ -82.998086086391083, 39.967899147614787 ], [ -82.998076783940661, 39.967903502911923 ], [ -82.998075370695446, 39.967904094817385 ], [ -82.998071987599801, 39.967904637378119 ], [ -82.997932411231218, 39.967921600451646 ], [ -82.997793390989571, 39.967938496730703 ], [ -82.997789888604174, 39.967938786520932 ], [ -82.997788817663363, 39.967938793148939 ], [ -82.99777541604162, 39.967939361757956 ], [ -82.997762143118848, 39.967940896608596 ], [ -82.99775169805811, 39.967942494109046 ], [ -82.997405868175662, 39.967981350924852 ], [ -82.997402528504566, 39.967981597638875 ], [ -82.997401901380172, 39.96797906165326 ], [ -82.997392032586376, 39.967924683460332 ], [ -82.997387341828258, 39.967898845098908 ], [ -82.997379781992095, 39.967857202719166 ], [ -82.997372581165791, 39.967817530688585 ], [ -82.99735547713631, 39.967723302564259 ], [ -82.997341726465024, 39.967647543812554 ], [ -82.997341414876416, 39.967644880026683 ], [ -82.997342050726445, 39.967640292049509 ], [ -82.997342885414312, 39.967635977356615 ], [ -82.997343446323242, 39.96762359022982 ], [ -82.997342189350704, 39.967611233378847 ], [ -82.997333417242658, 39.967561383012182 ], [ -82.99731936733339, 39.967481548557721 ], [ -82.997319071023242, 39.967478892942012 ], [ -82.997320454285415, 39.967473851407142 ], [ -82.997322686487379, 39.967463104902606 ], [ -82.997323525191476, 39.967452241160593 ], [ -82.997322962159842, 39.967441366894242 ], [ -82.997321002923726, 39.967430588920024 ], [ -82.997317666729074, 39.967420013108487 ], [ -82.997312986347467, 39.967409743344312 ], [ -82.997307007754202, 39.967399880505909 ], [ -82.997299789676617, 39.967390521474435 ], [ -82.997293050481105, 39.967383479631501 ], [ -82.997292299434605, 39.967382608803867 ], [ -82.997291635933166, 39.967379985566026 ], [ -82.997264056765715, 39.967232608453102 ], [ -82.997228655144511, 39.967043362224871 ], [ -82.99719766825686, 39.966877862504063 ], [ -82.997197354890545, 39.966875309651464 ], [ -82.997200622512807, 39.966874806032443 ], [ -82.997481279156403, 39.966842437571117 ], [ -82.997748625769475, 39.96681162362654 ], [ -82.997858537025749, 39.966798940167749 ], [ -82.997861984995581, 39.966798674586194 ], [ -82.997862461282836, 39.96679878513438 ], [ -82.997876074030714, 39.966801390613711 ], [ -82.997889953459762, 39.966802955156808 ], [ -82.997903965463365, 39.966803463646691 ], [ -82.997917974653902, 39.966802911170163 ], [ -82.997931845671033, 39.966801303065424 ], [ -82.997945444489389, 39.96679865487036 ], [ -82.997958639713758, 39.966794992172538 ], [ -82.997971303848573, 39.966790350361862 ], [ -82.99797594424831, 39.966788196012352 ], [ -82.997979710568629, 39.966786636191827 ], [ -82.997983119473304, 39.966786107472068 ], [ -82.99863388015919, 39.966710549513323 ], [ -82.998637209594236, 39.9667102908411 ], [ -82.998637865361658, 39.966712815783232 ], [ -82.998735381853976, 39.967215744642566 ], [ -82.99873572522506, 39.967218404259107 ], [ -82.998735268449266, 39.967220178987169 ], [ -82.998733027589779, 39.967227088260167 ], [ -82.998730984331232, 39.967237757481108 ], [ -82.998730311125996, 39.967248529467717 ], [ -82.99873101446839, 39.967259300314225 ], [ -82.998733087574664, 39.967269966125642 ], [ -82.998736510448367, 39.967280424020252 ], [ -82.99874125007328, 39.967290573121744 ], [ -82.998747260731747, 39.967300315532469 ], [ -82.998751378325835, 39.967305583426118 ], [ -82.998752784889419, 39.96730760203527 ], [ -82.998753465941434, 39.96731023038064 ], [ -82.998774512628742, 39.967419170746226 ], [ -82.99878616356871, 39.967479353687942 ], [ -82.998796923883532, 39.967534938308908 ], [ -82.998818631476254, 39.967647360270341 ], [ -82.9988310210572, 39.967711241952365 ], [ -82.998841597779915, 39.967766112143103 ], [ -82.99885099223269, 39.967814522052677 ], [ -82.998851323402164, 39.967817086667885 ], [ -82.998848036791756, 39.967817583773304 ], [ -82.998478609707846, 39.967859064289264 ], [ -82.998337466932412, 39.96787491166868 ], [ -82.998199377339859, 39.967890417212402 ], [ -82.998195942442919, 39.967890671785682 ], [ -82.998195640687953, 39.967890601223452 ], [ -82.998181939012568, 39.967887959404187 ], [ -82.998167965030945, 39.967886372750137 ], [ -82.99815385564564, 39.967885856805701 ] ] ], [ [ [ -82.999361685308571, 39.960133334809122 ], [ -82.999358220002179, 39.960133590061417 ], [ -82.999353496949396, 39.96013285414179 ], [ -82.999349198176944, 39.960132013741415 ], [ -82.99933526495073, 39.960130393352607 ], [ -82.999321191973792, 39.960129838406047 ], [ -82.999307116488865, 39.960130354313669 ], [ -82.999293175763142, 39.960131936044256 ], [ -82.999279505749641, 39.960134568172428 ], [ -82.999266239761354, 39.960138225029056 ], [ -82.999253507171233, 39.960142870951692 ], [ -82.999241432150413, 39.960148460632269 ], [ -82.999240532030996, 39.960148925373254 ], [ -82.999237153911139, 39.960149453102517 ], [ -82.998718468826212, 39.960210369126649 ], [ -82.998637178140413, 39.960219948633224 ], [ -82.998163113408367, 39.960275648180414 ], [ -82.997709594225114, 39.960328931226258 ], [ -82.997706269616728, 39.960329194198692 ], [ -82.997705602354188, 39.960326674131558 ], [ -82.997604406574382, 39.959818060273506 ], [ -82.997485372726132, 39.959219781296589 ], [ -82.997485028637925, 39.959217207373413 ], [ -82.997488329971162, 39.959216716388987 ], [ -82.997857195740266, 39.959176281072082 ], [ -82.997871000712635, 39.959174229292891 ], [ -82.997884476265924, 39.959171141961043 ], [ -82.997897491562966, 39.959167049052134 ], [ -82.997909920235401, 39.959161990305134 ], [ -82.997921641610574, 39.959156014836552 ], [ -82.997932541883273, 39.959149180663552 ], [ -82.997942515220572, 39.959141554140608 ], [ -82.997951464789523, 39.959133209315247 ], [ -82.997959303697215, 39.959124227209216 ], [ -82.99796595583453, 39.959114695031616 ], [ -82.997971356614954, 39.959104705332329 ], [ -82.997975453601782, 39.95909435510336 ], [ -82.997978207017169, 39.959083744837123 ], [ -82.997979590128267, 39.959072977550747 ], [ -82.997979589506855, 39.959062157785809 ], [ -82.997978205159583, 39.959051390593473 ], [ -82.997976707007737, 39.959043652839419 ], [ -82.997973952732238, 39.959033043847789 ], [ -82.997969855193105, 39.959022694919987 ], [ -82.99796445416635, 39.95901270651477 ], [ -82.997957802081203, 39.959003175591107 ], [ -82.997949963510891, 39.958994194667213 ], [ -82.997941014546086, 39.958985850922161 ], [ -82.997931042056038, 39.958978225349945 ], [ -82.997920142845445, 39.958971391973073 ], [ -82.99790842271473, 39.958965417124098 ], [ -82.997895995432955, 39.958960358801683 ], [ -82.997882981633566, 39.958956266107634 ], [ -82.997869507643316, 39.958953178770308 ], [ -82.99785570425604, 39.958951126758855 ], [ -82.997841705463003, 39.958950129992438 ], [ -82.997827647152334, 39.958950198146809 ], [ -82.997813665789806, 39.95895133056036 ], [ -82.997445707007472, 39.958995327043937 ], [ -82.997442370382799, 39.958995597260326 ], [ -82.997441713921575, 39.958993065321195 ], [ -82.997348278484665, 39.958509606893578 ], [ -82.997347937390117, 39.958506957300273 ], [ -82.997349043181927, 39.95850264072071 ], [ -82.997349719216672, 39.958500540872869 ], [ -82.997351744574743, 39.958489770136673 ], [ -82.997352374517277, 39.958478898016139 ], [ -82.99735160285708, 39.958468031306616 ], [ -82.997349437174719, 39.958457276750252 ], [ -82.997345898744015, 39.958446739987465 ], [ -82.99734102232307, 39.95843652451935 ], [ -82.997334855812753, 39.95842673069081 ], [ -82.997331985474716, 39.95842269480746 ], [ -82.99733127320998, 39.958420088005816 ], [ -82.997329669355196, 39.958412357673446 ], [ -82.99732949492828, 39.95841147045352 ], [ -82.997325659726457, 39.958390823354051 ], [ -82.997325546660292, 39.958390226365665 ], [ -82.997227125835835, 39.957880379181056 ], [ -82.99722679764227, 39.957877822123947 ], [ -82.997230071000189, 39.957877315299875 ], [ -82.997445423176885, 39.95785234879007 ], [ -82.997647123066727, 39.957828964312746 ], [ -82.997665756262535, 39.957826802839527 ], [ -82.997681996204719, 39.957824921250285 ], [ -82.997885512130878, 39.957801324984132 ], [ -82.997886326256378, 39.957801234281938 ], [ -82.997966442676727, 39.957792671034305 ], [ -82.997968567834661, 39.957792431326091 ], [ -82.998233241028387, 39.95776100938064 ], [ -82.998888199100662, 39.957685069476881 ], [ -82.999111067897417, 39.957659227672607 ], [ -82.999411503110011, 39.957624390788339 ], [ -82.999550270867601, 39.957608265048613 ], [ -82.99955360106803, 39.957608006066735 ], [ -82.999554255238408, 39.957610532218681 ], [ -82.999651514890701, 39.958114117719781 ], [ -82.999670691347916, 39.95821340516293 ], [ -82.999737796431162, 39.958560838430451 ], [ -82.999769406649051, 39.95872450854722 ], [ -82.99980099976932, 39.958888111913858 ], [ -82.999812786917232, 39.958949150857826 ], [ -82.999900911175644, 39.959405298837702 ], [ -82.999911126668565, 39.959458252096745 ], [ -82.999923609847656, 39.959522959991517 ], [ -83.000026758840619, 39.960056825161864 ], [ -83.000027088001303, 39.960059391789244 ], [ -83.000023798206371, 39.960059884540293 ], [ -82.999778499952725, 39.960087064260733 ], [ -82.999704601478982, 39.960095253259965 ], [ -82.999633472881001, 39.960103133387385 ], [ -82.999561293681808, 39.960111131346089 ], [ -82.999492506857194, 39.960118751755807 ], [ -82.999429616718601, 39.960125721167984 ], [ -82.999429389843201, 39.960125746453144 ], [ -82.999361685308571, 39.960133334809122 ] ] ], [ [ [ -83.000069734977757, 39.960295249275525 ], [ -83.000073065999814, 39.960294985610126 ], [ -83.000073724176772, 39.960297512172744 ], [ -83.000420533938723, 39.962079458754694 ], [ -83.000420866290668, 39.962082018810513 ], [ -83.000417587852965, 39.962082523699898 ], [ -82.998102928120943, 39.962348830583188 ], [ -82.998099605504962, 39.962349085515676 ], [ -82.998098943711625, 39.96234656705137 ], [ -82.997749037748193, 39.960570927315906 ], [ -82.997748699444443, 39.960568369756217 ], [ -82.997751973126, 39.960567857237919 ], [ -83.000069734977757, 39.960295249275525 ] ] ], [ [ [ -82.998276861715368, 39.963282944962387 ], [ -82.998277896490279, 39.963279004684772 ], [ -82.998278783930999, 39.963276304769558 ], [ -82.998280871893357, 39.96326562816617 ], [ -82.998281587144319, 39.96325484538707 ], [ -82.99828092276941, 39.963244060680942 ], [ -82.998278885192519, 39.963233378315039 ], [ -82.998275494113656, 39.963222901567157 ], [ -82.998270782318613, 39.963212731727126 ], [ -82.99826479536182, 39.963202967117482 ], [ -82.998257591126034, 39.96319370214303 ], [ -82.99825478643497, 39.963190467512469 ], [ -82.99825411651436, 39.963187837291855 ], [ -82.998158704406251, 39.962682157459213 ], [ -82.998158387445983, 39.962679605558442 ], [ -82.998161652968932, 39.962679098152293 ], [ -82.998380972713335, 39.962653530357869 ], [ -82.998683946754483, 39.962618193265349 ], [ -82.998814037489652, 39.962603000117475 ], [ -82.998931716287004, 39.962589272758173 ], [ -82.999044684844563, 39.962576090274197 ], [ -82.999260667947809, 39.962550928966998 ], [ -82.999439643841541, 39.962530022746662 ], [ -82.999445325035722, 39.962529360528386 ], [ -82.999699245176103, 39.962499839271018 ], [ -82.999702693723549, 39.962499570751092 ], [ -82.999706334957423, 39.962500413084697 ], [ -82.999719908204341, 39.96250300242879 ], [ -82.999733745640654, 39.962504557014391 ], [ -82.999747714375943, 39.962505061911763 ], [ -82.999761680258743, 39.96250451227197 ], [ -82.999775509165033, 39.96250291337364 ], [ -82.999789068286233, 39.962500280572058 ], [ -82.999802227404814, 39.962496639151865 ], [ -82.999814860144724, 39.962492024084106 ], [ -82.999826845185197, 39.962486479690469 ], [ -82.999829676275098, 39.962485020078965 ], [ -82.999833076835245, 39.962484497154854 ], [ -83.000056698016451, 39.962458823171758 ], [ -83.000123373751279, 39.962451168911507 ], [ -83.000195268229916, 39.962442915115048 ], [ -83.000338342260363, 39.962426488830637 ], [ -83.000494145602445, 39.962408600047468 ], [ -83.000497468413826, 39.962408345842064 ], [ -83.00049812912701, 39.962410864551231 ], [ -83.000584270894919, 39.962848984787477 ], [ -83.000597067738184, 39.962914070128704 ], [ -83.000597417306551, 39.962916722474972 ], [ -83.000595642940354, 39.962921271049694 ], [ -83.000595051671382, 39.962922555766944 ], [ -83.000591679344609, 39.962933090648839 ], [ -83.000589674582073, 39.96294383019795 ], [ -83.00058905695721, 39.962954669562549 ], [ -83.000589832500623, 39.962965502916269 ], [ -83.000591993641223, 39.962976224491442 ], [ -83.000595519280068, 39.962986729611593 ], [ -83.000600374996395, 39.962996915713575 ], [ -83.000606513383616, 39.963006683348738 ], [ -83.000607361610221, 39.963007878539152 ], [ -83.000608070520272, 39.963010488450372 ], [ -83.000620001985141, 39.963068456855993 ], [ -83.000642745407944, 39.963178969270778 ], [ -83.000654377093852, 39.963235493036379 ], [ -83.000666002937734, 39.963291976803951 ], [ -83.000677634810685, 39.963348498682691 ], [ -83.000691013330098, 39.96341349595118 ], [ -83.000711969454287, 39.963515321893368 ], [ -83.000712330088675, 39.963517884921799 ], [ -83.000709048205081, 39.963518403215488 ], [ -83.000326493140548, 39.963563861378411 ], [ -83.000054757171441, 39.963596166972366 ], [ -83.000051319113737, 39.963596443941441 ], [ -83.000048155791845, 39.963595724243334 ], [ -83.000034634098796, 39.963593192367647 ], [ -83.000020856208607, 39.963591686007106 ], [ -83.000006953153317, 39.963591219487661 ], [ -82.999993057155351, 39.96359179724606 ], [ -82.999979300369958, 39.963593413787628 ], [ -82.999965813628549, 39.963596053738563 ], [ -82.999952725194277, 39.963599691992115 ], [ -82.999940159542376, 39.963604293947313 ], [ -82.999928236176274, 39.963609815838119 ], [ -82.99992319927118, 39.963612697577545 ], [ -82.999920076650753, 39.963614306189257 ], [ -82.99991667906275, 39.963614828625289 ], [ -82.999577247740319, 39.963653807051251 ], [ -82.99948528036316, 39.963664380898969 ], [ -82.999453539216773, 39.963668027382695 ], [ -82.999355532347735, 39.963679283935292 ], [ -82.999258191087918, 39.963690462533428 ], [ -82.99911280682015, 39.963707140460834 ], [ -82.999037809985182, 39.96371577359816 ], [ -82.999034340646077, 39.963716039350707 ], [ -82.999033884651581, 39.96371596952519 ], [ -82.999019449724017, 39.96371325403009 ], [ -82.999003831092807, 39.963711690816034 ], [ -82.998988083715091, 39.963711461591373 ], [ -82.998972399425853, 39.963712569148583 ], [ -82.998873641393459, 39.963723800096318 ], [ -82.998861265363516, 39.963725640552468 ], [ -82.998849148681771, 39.963728314209071 ], [ -82.99883738588909, 39.963731800204833 ], [ -82.998826068765084, 39.963736071340179 ], [ -82.998815285612096, 39.963741094289425 ], [ -82.998815055462998, 39.963741212488792 ], [ -82.998811669703429, 39.963741733076468 ], [ -82.99869996584907, 39.963754575065757 ], [ -82.998520319345701, 39.963775208464078 ], [ -82.998442828758243, 39.963784106615023 ], [ -82.998429114535028, 39.963786214561857 ], [ -82.998415734321782, 39.963789345361512 ], [ -82.998407286632386, 39.96379204203118 ], [ -82.998404778193049, 39.963791756414587 ], [ -82.998390772443457, 39.963791232200371 ], [ -82.99837676745031, 39.963791768247162 ], [ -82.998371457483671, 39.963792173472228 ], [ -82.998370819946786, 39.963789639090486 ], [ -82.998311118738727, 39.963468120097126 ], [ -82.998293400104316, 39.963372927122364 ], [ -82.998277182709543, 39.96328558860197 ], [ -82.998276861715368, 39.963282944962387 ] ] ], [ [ [ -83.000544509018752, 39.966251862670568 ], [ -83.000530682543911, 39.966250259466243 ], [ -83.000516718534215, 39.966249705123111 ], [ -83.000502751050163, 39.96625020496316 ], [ -83.000488914185638, 39.966251754187674 ], [ -83.000475340780511, 39.966254337923424 ], [ -83.000462161145407, 39.966257931365455 ], [ -83.000449501810593, 39.966262500015155 ], [ -83.000437484311291, 39.966268000011475 ], [ -83.000426224020941, 39.966274378552043 ], [ -83.000420829832024, 39.966277759845234 ], [ -83.000417508664555, 39.966278260842209 ], [ -83.000095485131155, 39.966314414110585 ], [ -82.999768922860127, 39.966351088492665 ], [ -82.999655193664594, 39.966363858694436 ], [ -82.999544356957216, 39.966376303798107 ], [ -82.99947311433715, 39.96638430295441 ], [ -82.999325099753435, 39.966401006819048 ], [ -82.99910729762405, 39.966425588085343 ], [ -82.998890114176604, 39.966450099875907 ], [ -82.998886788236135, 39.966450347809214 ], [ -82.998886138777408, 39.966447825697827 ], [ -82.998842188033919, 39.966218712475104 ], [ -82.99878857251467, 39.965939133519612 ], [ -82.998788234334882, 39.965936467950705 ], [ -82.998788291919325, 39.965936246906132 ], [ -82.998791568933584, 39.965926243891658 ], [ -82.998793647293311, 39.965915544881049 ], [ -82.998794347378094, 39.965904740431206 ], [ -82.998793662393666, 39.965893935408261 ], [ -82.998791598989015, 39.965883234683936 ], [ -82.998788177191798, 39.965872742117583 ], [ -82.99878343021399, 39.965862559548171 ], [ -82.998777404129441, 39.965852785805829 ], [ -82.998772656653856, 39.965846712788831 ], [ -82.998771511083703, 39.96584507314558 ], [ -82.99877082317721, 39.965842470785454 ], [ -82.998671208388402, 39.965341724555749 ], [ -82.998670865189126, 39.965339163867434 ], [ -82.998674144179446, 39.965338653034749 ], [ -82.99889093171933, 39.965313333067364 ], [ -82.999002529291445, 39.965300269356604 ], [ -82.999154977809283, 39.965282437362639 ], [ -82.99916866634949, 39.965280304262407 ], [ -82.999182018342012, 39.965277151755359 ], [ -82.999194905893262, 39.965273010038153 ], [ -82.999207205558449, 39.9652679187827 ], [ -82.999218799524002, 39.965261926756128 ], [ -82.999229576735999, 39.965255091353754 ], [ -82.999239433964064, 39.9652474780492 ], [ -82.999248276789984, 39.965239159767272 ], [ -82.999256020512234, 39.965230216185525 ], [ -82.999262590957272, 39.965220732970877 ], [ -82.99926792518994, 39.965210800959198 ], [ -82.999271972116361, 39.965200515285183 ], [ -82.999274692973273, 39.965189974470995 ], [ -82.999276061699348, 39.965179279482726 ], [ -82.999276065184731, 39.965168532763123 ], [ -82.999274703396708, 39.965157837250402 ], [ -82.999271989379878, 39.965147295392313 ], [ -82.999267949131195, 39.965137008164689 ], [ -82.999262621351036, 39.96512707410438 ], [ -82.999256057072387, 39.965117588365302 ], [ -82.999248319171983, 39.965108641807149 ], [ -82.999239481768143, 39.965100320124925 ], [ -82.999229629510694, 39.965092703028262 ], [ -82.999218856770227, 39.965085863477796 ], [ -82.999207266734075, 39.965079866986493 ], [ -82.999194970418003, 39.965074770991897 ], [ -82.999182085602854, 39.965070624306229 ], [ -82.999168735706306, 39.965067466648591 ], [ -82.999155048600784, 39.96506532826475 ], [ -82.999141155388656, 39.965064229637235 ], [ -82.999127189146449, 39.965064181289328 ], [ -82.999113283650203, 39.965065183684096 ], [ -82.999084333088419, 39.965068376686112 ], [ -82.99896491708806, 39.965081545820709 ], [ -82.998828367750633, 39.965096606130125 ], [ -82.998638297045332, 39.965117567041887 ], [ -82.998634977810951, 39.965117806330291 ], [ -82.998634327675987, 39.965115290346169 ], [ -82.998584895347662, 39.964859006606119 ], [ -82.998537161386835, 39.964611533632002 ], [ -82.998536820097414, 39.964608865044006 ], [ -82.998537580169852, 39.964605941022953 ], [ -82.998539646909393, 39.964595305302986 ], [ -82.998540351685193, 39.964584565027558 ], [ -82.998539687738088, 39.964573823211857 ], [ -82.998537661436899, 39.964563182885712 ], [ -82.998534292217457, 39.964552746105475 ], [ -82.998529612396155, 39.964542612975151 ], [ -82.998523666859811, 39.964532880686313 ], [ -82.998516512635334, 39.964523642585725 ], [ -82.998513335940828, 39.964519963145982 ], [ -82.998512668069111, 39.964517350934969 ], [ -82.99841654568516, 39.964011668095786 ], [ -82.998416224645908, 39.964009105601974 ], [ -82.998418226726116, 39.964008804464051 ], [ -82.998431839836456, 39.964006216716328 ], [ -82.998445057163295, 39.964002613384487 ], [ -82.998447645626555, 39.964001678619489 ], [ -82.998456448313618, 39.964002366428694 ], [ -82.998470433435955, 39.964002400371953 ], [ -82.998484355714581, 39.964001380771876 ], [ -82.999169645739968, 39.963924963909726 ], [ -82.99931434464844, 39.963908825764335 ], [ -82.99945514271549, 39.963893127248596 ], [ -82.99952371727673, 39.963885472059829 ], [ -82.999632287807685, 39.963873371345151 ], [ -82.99995790812271, 39.963836999709514 ], [ -82.999961325667613, 39.963836747735328 ], [ -82.999962805534182, 39.96383709192397 ], [ -82.999976361831457, 39.963839695006392 ], [ -82.999990183976195, 39.963841265485826 ], [ -83.000004139459932, 39.963841788306603 ], [ -83.000018094495942, 39.963841258456611 ], [ -83.000031915301733, 39.963839681015315 ], [ -83.000045469381689, 39.963837071105196 ], [ -83.000058626797255, 39.963833453746609 ], [ -83.000071261412586, 39.963828863617962 ], [ -83.000083252103877, 39.96382334472333 ], [ -83.000094483920421, 39.963816949970578 ], [ -83.000097544823504, 39.963815021899606 ], [ -83.000100946230404, 39.963814508761104 ], [ -83.000342706077774, 39.96378746496098 ], [ -83.000757040495358, 39.963741082018664 ], [ -83.000760363932088, 39.96374083715957 ], [ -83.000761013642801, 39.963743357076794 ], [ -83.000772998984033, 39.963805711715359 ], [ -83.000793354423905, 39.963911591743646 ], [ -83.00080416143858, 39.963967816698144 ], [ -83.000826503553796, 39.964084088721116 ], [ -83.000827017724603, 39.964086757877702 ], [ -83.000857957197795, 39.964247660337783 ], [ -83.00090755615382, 39.964505750314707 ], [ -83.000907916034308, 39.964508587266351 ], [ -83.000908276807138, 39.964516390561052 ], [ -83.000909445567217, 39.964524525099876 ], [ -83.000934006588608, 39.964651824617832 ], [ -83.00093403511147, 39.964651971764987 ], [ -83.000936699823839, 39.964665655256496 ], [ -83.000940419365776, 39.964678387173791 ], [ -83.00094162625976, 39.964683068329172 ], [ -83.000974226107118, 39.96485246582219 ], [ -83.000974557921964, 39.964855073860896 ], [ -83.000973154398309, 39.964855639056296 ], [ -83.000963518228559, 39.964859062259912 ], [ -83.000951408135478, 39.964864534222073 ], [ -83.000940055675272, 39.964870895617132 ], [ -83.000929570795805, 39.964878084835512 ], [ -83.000920055042613, 39.96488603225017 ], [ -83.000911600575407, 39.964894660890955 ], [ -83.000904289275496, 39.964903887190111 ], [ -83.000898191952786, 39.964913621791574 ], [ -83.000893367659998, 39.964923770416313 ], [ -83.000889863120676, 39.964934234775491 ], [ -83.000887712276693, 39.964944913522402 ], [ -83.0008869359595, 39.96495570323389 ], [ -83.000887541688314, 39.964966499412114 ], [ -83.000889523597351, 39.964977197496552 ], [ -83.000892862492492, 39.964987693876608 ], [ -83.000897526037249, 39.964997886895254 ], [ -83.000903469065932, 39.965007677833363 ], [ -83.000910634020954, 39.965016971865936 ], [ -83.000918951510357, 39.965025678980489 ], [ -83.000928340979812, 39.965033714848779 ], [ -83.000938711492779, 39.965041001643492 ], [ -83.00094996261123, 39.965047468792108 ], [ -83.00096198536842, 39.965053053660391 ], [ -83.000974663324158, 39.965057702158873 ], [ -83.000987873692594, 39.965061369266884 ], [ -83.001001488531401, 39.965064019468521 ], [ -83.00101537598087, 39.9650656270965 ], [ -83.001021593521145, 39.965065870683553 ], [ -83.001025349467227, 39.965066161057507 ], [ -83.001025988966077, 39.965068715950181 ], [ -83.00105649167017, 39.965234040988356 ], [ -83.001089903657643, 39.965414649855852 ], [ -83.001121269990151, 39.965584412756336 ], [ -83.001121291573639, 39.965584529124619 ], [ -83.001137962233059, 39.965674066881547 ], [ -83.001137999931402, 39.965674268032096 ], [ -83.001148641807106, 39.965730681236401 ], [ -83.001159351911838, 39.965787467502061 ], [ -83.001202034776455, 39.966013759784047 ], [ -83.001233556353228, 39.966180874679473 ], [ -83.001233873471506, 39.966183432547176 ], [ -83.001230597558887, 39.966183930962025 ], [ -83.000881154573662, 39.966223520498602 ], [ -83.000845872506318, 39.966227517685155 ], [ -83.000575552024259, 39.966258169547814 ], [ -83.000572106362156, 39.966258427892818 ], [ -83.000571220997969, 39.966258144175299 ], [ -83.000558065218584, 39.966254499344657 ], [ -83.000544509018752, 39.966251862670568 ] ], [ [ -83.000447369010544, 39.965102305464526 ], [ -83.000455725125974, 39.965093485423004 ], [ -83.000462901972654, 39.965084070612832 ], [ -83.000468828638361, 39.965074154059401 ], [ -83.000473446563802, 39.965063833745738 ], [ -83.000476710120964, 39.965053211644211 ], [ -83.000478587064137, 39.965042392709087 ], [ -83.000479058848384, 39.965031483839383 ], [ -83.000478120812787, 39.965020592822761 ], [ -83.000475782226459, 39.965009827270414 ], [ -83.000472066196991, 39.964999293553753 ], [ -83.000467009442062, 39.964989095753474 ], [ -83.000460661926567, 39.964979334631167 ], [ -83.000453086369021, 39.964970106633636 ], [ -83.000444357621731, 39.964961502940056 ], [ -83.0004345619313, 39.964953608560918 ], [ -83.000423796086324, 39.964946501498254 ], [ -83.000412166461103, 39.964940251974781 ], [ -83.000399787964653, 39.964934921740131 ], [ -83.000386782905196, 39.964930563460676 ], [ -83.000373279781797, 39.964927220199286 ], [ -83.000359412014632, 39.964924924989653 ], [ -83.000345316626806, 39.964923700510006 ], [ -83.000331132890395, 39.964923558859091 ], [ -83.000317000950432, 39.964924501436457 ], [ -83.000308007894517, 39.964925449699365 ], [ -83.000304540615133, 39.964925682723759 ], [ -83.000304385968562, 39.964925669684455 ], [ -83.000290764651609, 39.964924003228234 ], [ -83.000276638918763, 39.964923366888684 ], [ -83.00026250072824, 39.964923810117988 ], [ -83.000248489086317, 39.964925328558309 ], [ -83.000234741755037, 39.964927907280412 ], [ -83.000221393897831, 39.964931520930371 ], [ -83.000208576750509, 39.964936133978888 ], [ -83.000196416331065, 39.964941701070572 ], [ -83.000189574216222, 39.964945587520219 ], [ -83.000187247560632, 39.964946777665489 ], [ -83.000183824672931, 39.964947288190764 ], [ -83.000137705726274, 39.964952363562595 ], [ -83.000123972560232, 39.964954407760779 ], [ -83.000110565456765, 39.964957476699162 ], [ -83.000097613230153, 39.964961540891679 ], [ -83.000085240324324, 39.964966561289962 ], [ -83.000073565617171, 39.964972489658436 ], [ -83.000062701278466, 39.964979269037848 ], [ -83.000052751692095, 39.964986834292496 ], [ -83.000043812453214, 39.964995112736005 ], [ -83.000035969449698, 39.965004024829732 ], [ -83.000029298036978, 39.965013484946994 ], [ -83.000023862314009, 39.965023402195541 ], [ -83.000019714507388, 39.965033681291203 ], [ -83.000016894469567, 39.965044223472979 ], [ -83.000015429295914, 39.9650549274523 ], [ -83.000015333064368, 39.965065690385828 ], [ -83.000016606700129, 39.965076408863823 ], [ -83.000019237966811, 39.965086979903688 ], [ -83.000023201583929, 39.965097301939281 ], [ -83.000028459469775, 39.965107275796825 ], [ -83.000034961107261, 39.965116805647853 ], [ -83.000042644029378, 39.965125799929822 ], [ -83.00005143441922, 39.965134172225902 ], [ -83.000061247819275, 39.9651418420952 ], [ -83.000071989942882, 39.965148735845801 ], [ -83.000083557580155, 39.965154787242632 ], [ -83.000095839589534, 39.965159938143955 ], [ -83.000108717965773, 39.965164139059972 ], [ -83.000122068973582, 39.965167349628281 ], [ -83.000135764336648, 39.965169539001806 ], [ -83.000149672469973, 39.965170686145008 ], [ -83.000163659744302, 39.965170780036189 ], [ -83.00017759176994, 39.965169819773223 ], [ -83.00021646125461, 39.965165654783753 ], [ -83.000219906127413, 39.965165417263528 ], [ -83.000222491664275, 39.965166038416079 ], [ -83.000236116126786, 39.965168752161439 ], [ -83.000250021724256, 39.965170420063849 ], [ -83.000264073209237, 39.965171025901036 ], [ -83.000278133915344, 39.965170563780575 ], [ -83.000292067086548, 39.965169038197089 ], [ -83.000305737207213, 39.965166463988631 ], [ -83.000319011320215, 39.965162866192173 ], [ -83.00033176032008, 39.965158279800349 ], [ -83.000343860208744, 39.965152749420852 ], [ -83.000355193301544, 39.965146328842813 ], [ -83.000359908898488, 39.965143059909472 ], [ -83.000362887642353, 39.965141188483805 ], [ -83.000364033324828, 39.965141014318668 ], [ -83.000377795480546, 39.965138369246326 ], [ -83.00039114837061, 39.965134685918805 ], [ -83.000403960058151, 39.965130000730191 ], [ -83.000416103953924, 39.965124359973785 ], [ -83.000427460067073, 39.965117819384595 ], [ -83.000437916190677, 39.965110443588671 ], [ -83.000447369010544, 39.965102305464526 ] ] ], [ [ [ -83.000754829817524, 39.967589060300753 ], [ -83.000741280417827, 39.967591675405146 ], [ -83.000728128216878, 39.967595297265333 ], [ -83.000715499234431, 39.967599891177976 ], [ -83.000705377142054, 39.967604554907581 ], [ -83.000704452030803, 39.967604934767614 ], [ -83.000701040091599, 39.96760545408128 ], [ -83.000513078420028, 39.967626741132086 ], [ -83.000425722548172, 39.967636633613132 ], [ -83.000347328548713, 39.967645511215309 ], [ -83.000265380803256, 39.967654766669753 ], [ -83.000154143026919, 39.967667388989568 ], [ -83.000032186227315, 39.967681199551329 ], [ -82.999925610308054, 39.967693253178354 ], [ -82.99981224458142, 39.967706089521705 ], [ -82.999657899663688, 39.96772358364899 ], [ -82.999584463948636, 39.967731899517773 ], [ -82.999483071227701, 39.967743380528987 ], [ -82.999145483559943, 39.967780711879598 ], [ -82.999142163203558, 39.967780952185478 ], [ -82.999141513683412, 39.967778435100072 ], [ -82.999093552489484, 39.967529285101755 ], [ -82.999061394569438, 39.967362230668208 ], [ -82.999044698342914, 39.96727549529006 ], [ -82.999044359413929, 39.967272841110912 ], [ -82.999044424808019, 39.967272675460855 ], [ -82.999047819598871, 39.967262274280593 ], [ -82.999049879563898, 39.967251667899056 ], [ -82.999050585054874, 39.967240957484421 ], [ -82.999049929343201, 39.967230245197115 ], [ -82.999047918683914, 39.967219633215393 ], [ -82.999044572256167, 39.967209222760658 ], [ -82.999039921980085, 39.967199113132096 ], [ -82.999034012212462, 39.967189400759445 ], [ -82.999027561179972, 39.967181036437402 ], [ -82.999027274078756, 39.967180618769675 ], [ -82.999026610415072, 39.967178002078747 ], [ -82.998980817512248, 39.966934607035199 ], [ -82.998932654532808, 39.966678620285563 ], [ -82.99893233842306, 39.966676058646406 ], [ -82.998935620873397, 39.966675566657621 ], [ -82.999124654906694, 39.966654581935273 ], [ -82.999377752474714, 39.96662650561229 ], [ -82.999377742763187, 39.96662645378062 ], [ -82.999381672229077, 39.96662601888594 ], [ -82.999381682268066, 39.966626072789147 ], [ -82.999426330634492, 39.966621149606304 ], [ -82.999429759634722, 39.966620901111831 ], [ -82.999433127283069, 39.966620908771262 ], [ -82.99944020198518, 39.966621188403899 ], [ -82.999454022688411, 39.966620702470081 ], [ -82.99946771728716, 39.966619189046249 ], [ -82.999481157065944, 39.96661666235704 ], [ -82.999487726107887, 39.966614893558344 ], [ -82.999491006585657, 39.966614145767338 ], [ -82.99949439649582, 39.966613641651726 ], [ -82.999567388278919, 39.96660559147773 ], [ -82.999570844674921, 39.96660534227734 ], [ -82.999573295320857, 39.966605535892363 ], [ -82.999587260331509, 39.966606109173505 ], [ -82.999601231210832, 39.966605627940147 ], [ -82.999615073788547, 39.966604096813825 ], [ -82.999628655126543, 39.966601530498842 ], [ -82.999641844795562, 39.966597953640949 ], [ -82.999644005208566, 39.966597274473131 ], [ -82.999647424528021, 39.966596764476648 ], [ -82.999995719263993, 39.966558350334928 ], [ -82.999999729490725, 39.966558061613092 ], [ -83.000014199352933, 39.966556440888738 ], [ -83.000017538204332, 39.966555931315021 ], [ -83.000488587582055, 39.966502257974923 ], [ -83.000607077944821, 39.966488755969451 ], [ -83.000607468502693, 39.966488711040093 ], [ -83.001261515631086, 39.96641275619988 ], [ -83.001264828567429, 39.966412498028461 ], [ -83.001265508887045, 39.966415006179794 ], [ -83.001368429274549, 39.966915618545585 ], [ -83.001368552665966, 39.966916241899639 ], [ -83.001385775674734, 39.967006737732504 ], [ -83.00148220508143, 39.967513425663981 ], [ -83.001482526341192, 39.967515981474712 ], [ -83.001479254175337, 39.96751648569338 ], [ -83.000828113157965, 39.967591521400607 ], [ -83.000824667795584, 39.967591786331951 ], [ -83.000823927952496, 39.967591614705476 ], [ -83.000810372089305, 39.967589019508296 ], [ -83.00079655141333, 39.967587456514778 ], [ -83.000782598349303, 39.967586940700947 ], [ -83.000768646590473, 39.967587477009189 ], [ -83.000754829817524, 39.967589060300753 ] ] ], [ [ [ -82.999363720351113, 39.953527444135695 ], [ -82.999364774899249, 39.953527327512859 ], [ -82.999379655602809, 39.953525769038848 ], [ -82.999381626707631, 39.953525551810706 ], [ -82.999846803616364, 39.953471733485081 ], [ -83.000571490924472, 39.953387835255683 ], [ -83.000574822159265, 39.953387577669218 ], [ -83.000575472882289, 39.953390105168737 ], [ -83.000680985011996, 39.953940684238098 ], [ -83.000787569373557, 39.954496767553316 ], [ -83.000787894077575, 39.954499323463502 ], [ -83.000784622616521, 39.954499829807887 ], [ -82.999388949351768, 39.954661577737859 ], [ -82.999349851043959, 39.954666045808302 ], [ -82.999346528244416, 39.954666298183369 ], [ -82.999345870848714, 39.95466377847945 ], [ -82.999129895059667, 39.953557400101431 ], [ -82.999129561351026, 39.95355484204012 ], [ -82.999132835854667, 39.953554333192827 ], [ -82.999363720351113, 39.953527444135695 ] ] ], [ [ [ -83.000833736499885, 39.954732127514092 ], [ -83.000837059011587, 39.954731880450638 ], [ -83.00083771179311, 39.954734399721929 ], [ -83.000915735580548, 39.955137644738869 ], [ -83.00105013517063, 39.955836408158206 ], [ -83.001050461232168, 39.955838958280687 ], [ -83.001047199754566, 39.955839474271933 ], [ -82.999613508801744, 39.95601060162921 ], [ -82.999610173751037, 39.956010871079371 ], [ -82.999609515929109, 39.956008340549467 ], [ -82.99944185784031, 39.955143992624933 ], [ -82.999393850471336, 39.954897039423116 ], [ -82.999393518438836, 39.954894475055291 ], [ -82.999396803936634, 39.954893976956328 ], [ -83.000833736499885, 39.954732127514092 ] ] ], [ [ [ -83.000582414608459, 39.957244259264904 ], [ -83.000568690305073, 39.957246931337949 ], [ -83.000555377620898, 39.95725063684489 ], [ -83.00054260760075, 39.957255339310215 ], [ -83.000536372252583, 39.957257935467034 ], [ -83.00053300518006, 39.957258452437507 ], [ -82.999874151525901, 39.957333791306219 ], [ -82.999870820983205, 39.957334044207329 ], [ -82.999870173938788, 39.957331517307367 ], [ -82.999837379121175, 39.957159179938358 ], [ -82.999826991910439, 39.957104596035691 ], [ -82.999817030184644, 39.957052241125723 ], [ -82.999805911915104, 39.956993815018535 ], [ -82.999794681883202, 39.956934813140386 ], [ -82.999773685448318, 39.9568244671703 ], [ -82.999773351543624, 39.956821807952494 ], [ -82.999774612857095, 39.956816971548882 ], [ -82.999774898241981, 39.956816100754288 ], [ -82.999776976098701, 39.956805431584606 ], [ -82.999777683457367, 39.95679465699417 ], [ -82.999777013490601, 39.956783880988425 ], [ -82.999774972666117, 39.956773207586387 ], [ -82.999771580684282, 39.956762739816618 ], [ -82.9997668702879, 39.956752578722721 ], [ -82.999760886946191, 39.956742822387916 ], [ -82.999756541372903, 39.956737233927043 ], [ -82.999755240026644, 39.956735359104428 ], [ -82.999754562065064, 39.956732748355627 ], [ -82.999733558899337, 39.956624594037727 ], [ -82.999722815144949, 39.956569266311675 ], [ -82.999700051967508, 39.956452043438937 ], [ -82.999688869595872, 39.956394449452873 ], [ -82.999657430507739, 39.956232552243442 ], [ -82.999657099080409, 39.956229989309968 ], [ -82.999660382225869, 39.956229489399384 ], [ -82.999936106791012, 39.956198248335333 ], [ -82.999936598564204, 39.956198191940345 ], [ -83.000030480072141, 39.956187297160376 ], [ -83.000101413671288, 39.956179064535171 ], [ -83.000171947758488, 39.956170878686379 ], [ -83.000311046004839, 39.956154734283537 ], [ -83.000314504526912, 39.956154465733562 ], [ -83.000314795531992, 39.956154509786955 ], [ -83.000327708770584, 39.956156978874986 ], [ -83.000341529465103, 39.956158538405056 ], [ -83.00035548208227, 39.956159050470589 ], [ -83.000369432900996, 39.956158510163995 ], [ -83.000383248217432, 39.956156922663553 ], [ -83.000396795626443, 39.956154303183759 ], [ -83.000409945290471, 39.956150676829566 ], [ -83.000422571184018, 39.956146078355694 ], [ -83.000424019418134, 39.956145482453756 ], [ -83.000427435809655, 39.95614496145609 ], [ -83.001091660203656, 39.956069585966794 ], [ -83.001094973889153, 39.956069336441082 ], [ -83.001095642863689, 39.956071846488491 ], [ -83.001196321929569, 39.956572852356189 ], [ -83.001196684225746, 39.956575518446101 ], [ -83.001195817768277, 39.956578963048663 ], [ -83.001194656783099, 39.956582607185041 ], [ -83.001192669479337, 39.956593309777894 ], [ -83.00119205943389, 39.956604110890829 ], [ -83.001192832561173, 39.956614905817865 ], [ -83.001194981367135, 39.956625589912953 ], [ -83.001198485021845, 39.956636059604385 ], [ -83.001203309561461, 39.956646213398813 ], [ -83.00120940581877, 39.956655949034733 ], [ -83.001210108827507, 39.956658567301119 ], [ -83.00131333254842, 39.957168047180794 ], [ -83.001313685956063, 39.957170622603513 ], [ -83.001310382666489, 39.957171117174035 ], [ -83.000774925152484, 39.957230316557819 ], [ -83.000645793177682, 39.957244592944072 ], [ -83.00064235593662, 39.957244842041177 ], [ -83.000638693405804, 39.957244274060692 ], [ -83.000624694014604, 39.957242654363071 ], [ -83.000610554964439, 39.957242110200191 ], [ -83.00059641543443, 39.95724264692857 ], [ -83.000582414608459, 39.957244259264904 ] ] ], [ [ [ -83.001455191657357, 39.957837026471672 ], [ -83.001456162049777, 39.957848406442963 ], [ -83.001460725144341, 39.957878159179884 ], [ -83.001460960984659, 39.957880781802714 ], [ -83.001460481258462, 39.957881903267982 ], [ -83.001456561623414, 39.957889784704172 ], [ -83.001452853502272, 39.957900218293318 ], [ -83.001450497322722, 39.957910882019874 ], [ -83.001449515949318, 39.957921672404986 ], [ -83.001449918905777, 39.957932484740738 ], [ -83.001451702282537, 39.95794321410613 ], [ -83.0014548487746, 39.957953756385166 ], [ -83.001459327849602, 39.957964009277418 ], [ -83.001465096043859, 39.95797387329042 ], [ -83.00147209738428, 39.957983252705397 ], [ -83.001480263931441, 39.957992056505937 ], [ -83.001489516438781, 39.958000199261299 ], [ -83.001494528148996, 39.958003819254316 ], [ -83.001496994149178, 39.958005783517628 ], [ -83.001497608362442, 39.958008392936613 ], [ -83.001499440591644, 39.958019168202462 ], [ -83.001499812829522, 39.958020754100112 ], [ -83.00149998205211, 39.958022352508941 ], [ -83.001523425975776, 39.958160224962953 ], [ -83.00156429109748, 39.958400555241198 ], [ -83.00156448833107, 39.958401670703687 ], [ -83.001581625833907, 39.958495008515634 ], [ -83.001581931204413, 39.958497584818986 ], [ -83.00157862360652, 39.95849804718133 ], [ -83.001257241564943, 39.958530452993067 ], [ -83.001250913413728, 39.95853085396044 ], [ -83.001242640420855, 39.958531071785984 ], [ -83.001228778324844, 39.958532490788521 ], [ -83.001221563332464, 39.958533792500482 ], [ -83.00121489333057, 39.958534726021334 ], [ -83.001077303989021, 39.958548590362348 ], [ -83.000931587810598, 39.958563273806945 ], [ -83.000928150266134, 39.958563490407222 ], [ -83.000922765951145, 39.958563426955322 ], [ -83.000918976998733, 39.958563245005585 ], [ -83.000904723677522, 39.958563658513938 ], [ -83.000890595213377, 39.958565165015095 ], [ -83.000876732780711, 39.958567749455774 ], [ -83.000863274895764, 39.958571386011734 ], [ -83.000850356032487, 39.958576038345768 ], [ -83.00083810527893, 39.958581659970832 ], [ -83.000826645047283, 39.958588194714459 ], [ -83.000816089850787, 39.958595577280157 ], [ -83.000812488513787, 39.958598654879836 ], [ -83.000809349479098, 39.9586010893563 ], [ -83.000805962696916, 39.958601614325168 ], [ -83.000151690330668, 39.958677478613183 ], [ -83.000148386528025, 39.958677735834584 ], [ -83.000147694127094, 39.958675236606261 ], [ -83.000112575754727, 39.958509182660158 ], [ -83.000076727044259, 39.958339685903248 ], [ -83.000040987706214, 39.958170693257181 ], [ -83.000040598465404, 39.958168023365211 ], [ -83.000041514486568, 39.958166280556306 ], [ -83.000046090506629, 39.95815618631967 ], [ -83.000049369256445, 39.958145797477457 ], [ -83.000051319656635, 39.958135212507663 ], [ -83.000051923219573, 39.958124531747416 ], [ -83.000051174224566, 39.958113856441805 ], [ -83.00004907977214, 39.95810328778412 ], [ -83.000045659716577, 39.958092925956755 ], [ -83.000040946477867, 39.958082869181389 ], [ -83.000034984734171, 39.958073212788065 ], [ -83.000032738678854, 39.958069989671671 ], [ -83.000032053408106, 39.958067394893241 ], [ -83.000009176738445, 39.957952376620504 ], [ -82.999998481219123, 39.957898610340898 ], [ -82.999931624377169, 39.957562489680981 ], [ -82.999931520395478, 39.957561937318999 ], [ -82.999931236763032, 39.957559428732246 ], [ -82.999934519892335, 39.957558953330448 ], [ -83.000593787951061, 39.957489041092416 ], [ -83.00059722918995, 39.957488807796651 ], [ -83.000601581664682, 39.957490235266796 ], [ -83.000614903981926, 39.957494013625279 ], [ -83.000628648292832, 39.957496754379207 ], [ -83.000642678508839, 39.957498430391134 ], [ -83.000656855710474, 39.957499025066156 ], [ -83.000671039522828, 39.957498532516084 ], [ -83.000685089505566, 39.957496957617884 ], [ -83.000698866543502, 39.957494315965349 ], [ -83.000712234223982, 39.95749063371467 ], [ -83.000718808808614, 39.957488533192198 ], [ -83.000722130636646, 39.957488031713197 ], [ -83.001003372089727, 39.957456540218843 ], [ -83.001007368528022, 39.957456245389814 ], [ -83.001020371097454, 39.957455773842845 ], [ -83.001034301010975, 39.95745419968393 ], [ -83.001046186075897, 39.957451917625761 ], [ -83.001050550353511, 39.957451256767101 ], [ -83.001374714197439, 39.957414957559386 ], [ -83.001378050516308, 39.957414712226225 ], [ -83.001378680440126, 39.9574172454437 ], [ -83.00139081741321, 39.957483598965425 ], [ -83.001391664596341, 39.957487674157534 ], [ -83.001393797973535, 39.957496829791154 ], [ -83.001394241813074, 39.957498978942333 ], [ -83.00142638813675, 39.957677379939177 ], [ -83.001429400464218, 39.957689248942984 ], [ -83.001434090550447, 39.957700791048502 ], [ -83.001440401508944, 39.957711866258499 ], [ -83.001448256793182, 39.957722340238753 ], [ -83.001448269335455, 39.957722355017694 ], [ -83.001450792218947, 39.957727147911989 ], [ -83.001456782426203, 39.957737074988735 ], [ -83.001464027095167, 39.957746493829461 ], [ -83.001472454246269, 39.957755310852427 ], [ -83.00147787997868, 39.957759940145095 ], [ -83.001473080622958, 39.957767764479364 ], [ -83.001468420719277, 39.957777767887357 ], [ -83.001465039170441, 39.957788071091372 ], [ -83.001462967648166, 39.957798577593117 ], [ -83.001462775412108, 39.957800020441574 ], [ -83.001461473512734, 39.957803280650708 ], [ -83.001457861790755, 39.957814341224257 ], [ -83.001455760282496, 39.957825630422903 ], [ -83.001455191657357, 39.957837026471672 ] ] ], [ [ [ -83.002520914431074, 39.9618220987428 ], [ -83.002520247611471, 39.961819576625693 ], [ -83.002433488480619, 39.961382553290036 ], [ -83.002420006937271, 39.961314648387741 ], [ -83.002400895595216, 39.961218383227568 ], [ -83.002367569117325, 39.96105050467559 ], [ -83.002333654942817, 39.960879673410012 ], [ -83.002300211020071, 39.96071120550031 ], [ -83.002168911069148, 39.960049806090652 ], [ -83.002166122483032, 39.960039254770301 ], [ -83.002164047633059, 39.960034070040898 ], [ -83.002164000237798, 39.960028466987751 ], [ -83.002162578579657, 39.960017907010965 ], [ -83.002122974381791, 39.959818405413465 ], [ -83.002120133101585, 39.959807695523551 ], [ -83.002115922186633, 39.959797256081679 ], [ -83.002110383365491, 39.959787190537135 ], [ -83.002103571525438, 39.959777598634084 ], [ -83.002095554168662, 39.959768575423077 ], [ -83.002086410743232, 39.959760210319253 ], [ -83.002076231855852, 39.959752586216183 ], [ -83.00206511837402, 39.959745778664541 ], [ -83.002053180426429, 39.959739855123381 ], [ -83.002040536311668, 39.959734874291691 ], [ -83.002027311325961, 39.95973088552671 ], [ -83.002013636521582, 39.959727928354894 ], [ -83.001999647408169, 39.959726032080177 ], [ -83.001985482609967, 39.959725215493485 ], [ -83.001971282492093, 39.9597254866868 ], [ -83.001957187769719, 39.959726842972749 ], [ -83.001943338113591, 39.959729270911268 ], [ -83.001929870765991, 39.959732746442867 ], [ -83.001916919180815, 39.959737235127001 ], [ -83.001904611701164, 39.95974269248331 ], [ -83.001893070287394, 39.959749064432444 ], [ -83.00188240930872, 39.95975628783188 ], [ -83.001872734409858, 39.959764291101813 ], [ -83.001864141464068, 39.95977299493417 ], [ -83.001856715623148, 39.959782313078762 ], [ -83.001850530473661, 39.959792153197824 ], [ -83.001845647307618, 39.959802417781056 ], [ -83.001842114515171, 39.959813005111947 ], [ -83.001839967105056, 39.959823810275672 ], [ -83.001839226357617, 39.9598347261987 ], [ -83.001839899613941, 39.95984564470993 ], [ -83.001839918696433, 39.959845795295557 ], [ -83.001836388111897, 39.959847248079846 ], [ -83.001824382386374, 39.959852787439907 ], [ -83.001813139751576, 39.959859205389989 ], [ -83.001802768405597, 39.959866440164454 ], [ -83.001793368161401, 39.959874422136643 ], [ -83.001785029486285, 39.959883074488907 ], [ -83.00177783263122, 39.959892313951869 ], [ -83.001771846858489, 39.959902051605852 ], [ -83.001767129775104, 39.959912193736628 ], [ -83.001763726778421, 39.959922642737226 ], [ -83.001761670619175, 39.959933298047403 ], [ -83.001760981086292, 39.959944057121326 ], [ -83.001761664816414, 39.959954816414495 ], [ -83.001763715230027, 39.95996547238029 ], [ -83.001767112594678, 39.959975922466434 ], [ -83.001771824214984, 39.959986066101969 ], [ -83.001777804747135, 39.959995805665194 ], [ -83.001784996635379, 39.960005047423088 ], [ -83.001793330665819, 39.960013702433486 ], [ -83.001802726632548, 39.960021687400967 ], [ -83.001813094109593, 39.960028925478618 ], [ -83.001824333321068, 39.960035347007469 ], [ -83.001836336101462, 39.960040890187017 ], [ -83.001848986936665, 39.960045501669839 ], [ -83.001862164075561, 39.960049137075288 ], [ -83.001875740701919, 39.960051761416281 ], [ -83.001880686722899, 39.960052521184437 ], [ -83.001881619684113, 39.960056098046856 ], [ -83.001884985376009, 39.960066393769146 ], [ -83.001885334968463, 39.960067146684963 ], [ -83.001885347252141, 39.960071985996102 ], [ -83.001886744833911, 39.960082699472046 ], [ -83.001946950885653, 39.960391126950441 ], [ -83.002015218992938, 39.960741385486898 ], [ -83.002048748294655, 39.960912966591117 ], [ -83.002081060836275, 39.961078322255155 ], [ -83.002112955100955, 39.961241537888611 ], [ -83.002113299644989, 39.961244175019935 ], [ -83.002110481347174, 39.961248256308856 ], [ -83.002104528053707, 39.961258003007849 ], [ -83.002099844167688, 39.961268151599612 ], [ -83.002096474745954, 39.961278604460539 ], [ -83.002094452200993, 39.961289261040172 ], [ -83.002093795989154, 39.961300018828226 ], [ -83.002094512423469, 39.961310774340944 ], [ -83.002096594612865, 39.961321424116328 ], [ -83.002100022528467, 39.961331865709489 ], [ -83.002104763196215, 39.961341998678066 ], [ -83.00211077101406, 39.961351725548489 ], [ -83.002117988190591, 39.961360952753573 ], [ -83.002126345300951, 39.961369591532623 ], [ -83.002126709767325, 39.961369932053636 ], [ -83.002127389946168, 39.961372539115771 ], [ -83.002153307863225, 39.961505358867704 ], [ -83.00222563540342, 39.961876017681128 ], [ -83.002225968961426, 39.961878576653902 ], [ -83.002222692473126, 39.961879083973571 ], [ -83.001982261849662, 39.961906949240209 ], [ -83.001786610525684, 39.961929625967613 ], [ -83.001568051424982, 39.961954955991544 ], [ -83.001564594481479, 39.961955223921429 ], [ -83.001561981870353, 39.9619548284291 ], [ -83.00155373372283, 39.961953250609291 ], [ -83.00153996183252, 39.961951691573553 ], [ -83.001526058065721, 39.961951172518432 ], [ -83.001512154731088, 39.961951698383224 ], [ -83.001498384133086, 39.961953264163824 ], [ -83.001484877313146, 39.961955854960216 ], [ -83.001471762802566, 39.9619594461183 ], [ -83.001459165399496, 39.961964003464509 ], [ -83.001447259737617, 39.961969458542093 ], [ -83.001443848954082, 39.961969971104843 ], [ -83.001375008758572, 39.961977638261452 ], [ -83.001304482614657, 39.961985492324814 ], [ -83.001234659309858, 39.961993269742756 ], [ -83.001178215279424, 39.96199955630091 ], [ -83.00116436598725, 39.962001095193074 ], [ -83.001095153216738, 39.962008791142303 ], [ -83.00102331709229, 39.962016779549359 ], [ -83.000945989769633, 39.962025377722611 ], [ -83.000883401681037, 39.962032336651006 ], [ -83.000788825181928, 39.962042853541135 ], [ -83.000785506151075, 39.96204309581659 ], [ -83.000784852691453, 39.96204058010261 ], [ -83.000777256531279, 39.962001465839549 ], [ -83.00077346374546, 39.96198144417405 ], [ -83.000763193715429, 39.961927205519402 ], [ -83.000752912131688, 39.96187292071653 ], [ -83.000673741154188, 39.961454869901893 ], [ -83.000554785250415, 39.960826720539245 ], [ -83.00043950811957, 39.960217983222385 ], [ -83.000439185143534, 39.96021539279063 ], [ -83.000440510689842, 39.96021484981965 ], [ -83.000452567833392, 39.960209308500794 ], [ -83.000463858723208, 39.960202881960356 ], [ -83.000474273990847, 39.960195632448716 ], [ -83.000483712749656, 39.960187630187875 ], [ -83.000492083571928, 39.960178952691336 ], [ -83.000499305374589, 39.960169684013145 ], [ -83.000505308204538, 39.960159913933801 ], [ -83.000510033916314, 39.960149737090546 ], [ -83.000513436735162, 39.960139252060664 ], [ -83.000515483700553, 39.960128560406638 ], [ -83.000516154985334, 39.960117765692331 ], [ -83.000515444087796, 39.960106972479871 ], [ -83.000513357894647, 39.960096285316787 ], [ -83.000509916614206, 39.960085807723317 ], [ -83.000505153580747, 39.960075641189682 ], [ -83.000499114931458, 39.960065884192986 ], [ -83.000491859159638, 39.960056631243368 ], [ -83.000483456547997, 39.960047971968542 ], [ -83.000473988487897, 39.960039990245647 ], [ -83.000463546690995, 39.960032763388682 ], [ -83.000452232300788, 39.96002636139977 ], [ -83.00044015491298, 39.960020846291037 ], [ -83.000427431513899, 39.960016271483873 ], [ -83.000414185347239, 39.960012681291587 ], [ -83.000405650162691, 39.960011072695302 ], [ -83.000403226037491, 39.96001051789986 ], [ -83.000402543890161, 39.960007959410881 ], [ -83.000370394826561, 39.959847847540573 ], [ -83.000370003690477, 39.959845590243752 ], [ -83.000369679830172, 39.959843370709798 ], [ -83.000368851660028, 39.95983862903109 ], [ -83.000336267837653, 39.959678566940283 ], [ -83.000335149416827, 39.959670473907003 ], [ -83.000334897342924, 39.959670494535843 ], [ -83.000334421722499, 39.959665731237195 ], [ -83.000324576507097, 39.959614320527216 ], [ -83.000302948654991, 39.959501378787287 ], [ -83.00028589196009, 39.959411679081889 ], [ -83.000188906485135, 39.958904927122752 ], [ -83.000188582359129, 39.958902368424731 ], [ -83.00019185885769, 39.958901866725874 ], [ -83.00084791057003, 39.958826926085578 ], [ -83.000851969407194, 39.958826416327341 ], [ -83.000964772611141, 39.958810961639223 ], [ -83.000966769984274, 39.958810710425517 ], [ -83.00162420123462, 39.958735373585284 ], [ -83.00162757095012, 39.958735116875253 ], [ -83.001633466811512, 39.958744737292918 ], [ -83.001640671316409, 39.958754005754898 ], [ -83.001649024155469, 39.95876268474187 ], [ -83.001658444524125, 39.958770690293711 ], [ -83.00166884129051, 39.958777944965071 ], [ -83.001680113877001, 39.958784378574556 ], [ -83.001692153233265, 39.958789928883682 ], [ -83.001704842891144, 39.958794542198966 ], [ -83.001718060091449, 39.958798173891346 ], [ -83.001731676971445, 39.958800788827965 ], [ -83.001745561801926, 39.958802361711953 ], [ -83.001759580261421, 39.958802877327344 ], [ -83.001773596735788, 39.958802330686048 ], [ -83.001787475630053, 39.958800727076287 ], [ -83.001801082680203, 39.958798082011306 ], [ -83.001814286252099, 39.958794421079389 ], [ -83.001826958614856, 39.958789779696303 ], [ -83.001838977176604, 39.958784202762573 ], [ -83.001850225670353, 39.958777744229266 ], [ -83.001860595278842, 39.958770466576034 ], [ -83.001869985687179, 39.958762440206534 ], [ -83.001878306053342, 39.958753742767541 ], [ -83.001885475886894, 39.958744458397653 ], [ -83.001891425827722, 39.958734676913359 ], [ -83.001896098316948, 39.958724492940227 ], [ -83.00189944815375, 39.958714004997404 ], [ -83.001901442932635, 39.958703314544536 ], [ -83.001901561061189, 39.958702344294373 ], [ -83.001904857491951, 39.958701821238215 ], [ -83.002562146170277, 39.958623126041431 ], [ -83.002834831728961, 39.958590478264341 ], [ -83.002838007744685, 39.958590217723412 ], [ -83.002837221098488, 39.958592599942413 ], [ -83.00278551231969, 39.958722619873846 ], [ -83.002783928209894, 39.958726912947775 ], [ -83.002738991631304, 39.95885884094438 ], [ -83.002737635511266, 39.958863180006482 ], [ -83.00269970208393, 39.958996404173391 ], [ -83.002698576194987, 39.959000782056584 ], [ -83.002667708617579, 39.959135082339237 ], [ -83.002666814820799, 39.959139491812302 ], [ -83.002643064121941, 39.959274646377366 ], [ -83.002642403895038, 39.959279080156826 ], [ -83.002625809348629, 39.959414865758589 ], [ -83.002625383783609, 39.959419316520808 ], [ -83.002615977361046, 39.959555443496711 ], [ -83.002615785141231, 39.95956003475608 ], [ -83.002613664975314, 39.959704566951167 ], [ -83.002613727883528, 39.959709294188613 ], [ -83.002619691209347, 39.959853695719083 ], [ -83.002620018474289, 39.959858416491443 ], [ -83.002634053308086, 39.960002486661537 ], [ -83.002634644324871, 39.960007192218477 ], [ -83.002656724703584, 39.960150663981871 ], [ -83.002657578378376, 39.960155345601258 ], [ -83.002687663425206, 39.960297953019307 ], [ -83.002688778177301, 39.960302602023219 ], [ -83.002726812177031, 39.960444080757718 ], [ -83.002728185941777, 39.96044868852875 ], [ -83.00277409844368, 39.960588776331967 ], [ -83.002775728676227, 39.960593334329005 ], [ -83.002829617840916, 39.960732243804244 ], [ -83.002831088185744, 39.96073581095709 ], [ -83.002865820469864, 39.960815344682061 ], [ -83.002866920111103, 39.960817768537588 ], [ -83.002899896587394, 39.960887813649371 ], [ -83.002900609244762, 39.960889294078939 ], [ -83.002904940220802, 39.960898096194931 ], [ -83.002905593020941, 39.960899397887736 ], [ -83.0029464201655, 39.960979292752384 ], [ -83.002947792449362, 39.960981880952247 ], [ -83.002991182419024, 39.96106082846147 ], [ -83.002992649355278, 39.961063405029194 ], [ -83.003038967371438, 39.961142004434997 ], [ -83.003040627342543, 39.961144721910053 ], [ -83.003096774123279, 39.961233465149441 ], [ -83.003097983214715, 39.961235330967568 ], [ -83.003112149238589, 39.961256681370486 ], [ -83.003113496183403, 39.961258661408714 ], [ -83.003185121028821, 39.961361393095686 ], [ -83.003187537185781, 39.961364718767577 ], [ -83.00326323575382, 39.961464795507169 ], [ -83.003265800401152, 39.961468054671116 ], [ -83.003346174042065, 39.961566305015879 ], [ -83.003348446326783, 39.961568994727742 ], [ -83.00340862587079, 39.961638002008577 ], [ -83.003410689647197, 39.96164030458317 ], [ -83.00347181830584, 39.961706681276887 ], [ -83.003474139002293, 39.961709411989247 ], [ -83.003470980798625, 39.961709907589395 ], [ -83.003248793578308, 39.961736176395 ], [ -83.003180456260537, 39.961744249273565 ], [ -83.002999205006688, 39.961765662056223 ], [ -83.002962784867705, 39.961769964285608 ], [ -83.002743486514916, 39.961795901252103 ], [ -83.002524241286807, 39.96182183310016 ], [ -83.002520914431074, 39.9618220987428 ] ], [ [ -83.001293622767164, 39.960050712043582 ], [ -83.001295692531116, 39.96004004253561 ], [ -83.001296391802853, 39.960029268229988 ], [ -83.001295713833798, 39.960018493118113 ], [ -83.001293665168234, 39.960007821199099 ], [ -83.00129026558001, 39.959997355475977 ], [ -83.001285547881835, 39.959987196961606 ], [ -83.001279557608427, 39.959977443703714 ], [ -83.001272352577089, 39.95996818983852 ], [ -83.001264002329535, 39.959959524682169 ], [ -83.001254587460821, 39.959951531868718 ], [ -83.001244198841349, 39.959944288542914 ], [ -83.001232936739854, 39.95993786461554 ], [ -83.001220909855576, 39.959932322088811 ], [ -83.001208234269214, 39.95992771445782 ], [ -83.001195032322443, 39.959924086194256 ], [ -83.001181431437217, 39.959921472317205 ], [ -83.0011794018194, 39.959921162870671 ], [ -83.00116774873797, 39.959918923775334 ], [ -83.001153919235108, 39.95991735147733 ], [ -83.001139956169496, 39.959916828090286 ], [ -83.001125993560223, 39.959917358637725 ], [ -83.001112165422015, 39.959918938027329 ], [ -83.001098604478983, 39.959921551099988 ], [ -83.001085440890648, 39.959925172775101 ], [ -83.001072801002721, 39.959929768291424 ], [ -83.001063053170753, 39.959934258478526 ], [ -83.00105922201513, 39.959935832113338 ], [ -83.001047212100346, 39.959941363963743 ], [ -83.001035964257341, 39.95994777466791 ], [ -83.001025586712103, 39.959955002542529 ], [ -83.001016179316863, 39.959962978041645 ], [ -83.001007832589124, 39.959971624425599 ], [ -83.001000626840934, 39.959980858499513 ], [ -83.000994631405902, 39.959990591413806 ], [ -83.00098990397224, 39.960000729519031 ], [ -83.0009864900276, 39.960011175267006 ], [ -83.000984422421297, 39.960021828149316 ], [ -83.000983721048399, 39.960032585664521 ], [ -83.000984392658069, 39.960043344304395 ], [ -83.000986430788799, 39.960054000549775 ], [ -83.000989815830351, 39.9600644518667 ], [ -83.000994515212597, 39.96007459769303 ], [ -83.001000483718812, 39.960084340405935 ], [ -83.001007663920717, 39.960093586261323 ], [ -83.001015986731062, 39.96010224629584 ], [ -83.001025372068327, 39.960110237182775 ], [ -83.001035729627347, 39.960117482034015 ], [ -83.001046959748123, 39.960123911139668 ], [ -83.001058954374813, 39.960129462639003 ], [ -83.001071598095351, 39.960134083115527 ], [ -83.001084769252117, 39.960137728111043 ], [ -83.001098341112353, 39.960140362553474 ], [ -83.001102711128453, 39.960141037329613 ], [ -83.001111967406743, 39.960142834834279 ], [ -83.001125809408535, 39.960144434456808 ], [ -83.001139788476834, 39.960144982771602 ], [ -83.001153770100586, 39.960144474502648 ], [ -83.001167619744137, 39.960142914540675 ], [ -83.00118120414183, 39.960140317896133 ], [ -83.001194392580302, 39.96013670955471 ], [ -83.001207058156311, 39.960132124237049 ], [ -83.001215237153502, 39.960128369665028 ], [ -83.00122071806183, 39.960126125834641 ], [ -83.00123275593387, 39.960120597409755 ], [ -83.001244030762251, 39.960114186686738 ], [ -83.001254433724469, 39.960106955540788 ], [ -83.001263864413247, 39.960098973765675 ], [ -83.001272231805629, 39.960090318400042 ], [ -83.001279455141457, 39.96008107298389 ], [ -83.001285464702903, 39.960071326752285 ], [ -83.00129020248734, 39.960061173773994 ], [ -83.001293622767164, 39.960050712043582 ] ], [ [ -83.001806197102198, 39.959391866534261 ], [ -83.00181859654856, 39.959396517510925 ], [ -83.001831521639261, 39.959400225424382 ], [ -83.001844851587308, 39.959402955623553 ], [ -83.001858461822181, 39.959404682594311 ], [ -83.001872225154017, 39.959405390197816 ], [ -83.001886012962203, 39.959405071821415 ], [ -83.001899696397388, 39.959403730440371 ], [ -83.001913147585611, 39.959401378590108 ], [ -83.001926240823352, 39.959398038249063 ], [ -83.001938853752222, 39.959393740633267 ], [ -83.001950868502462, 39.959388525904608 ], [ -83.001962172794478, 39.959382442795572 ], [ -83.001972660988031, 39.95937554815378 ], [ -83.001982235069619, 39.959367906410691 ], [ -83.001990805568298, 39.959359588979559 ], [ -83.00199829239186, 39.959350673588006 ], [ -83.002004625575296, 39.959341243551698 ], [ -83.002009745934572, 39.959331386995608 ], [ -83.002013605619752, 39.959321196030622 ], [ -83.002016168562108, 39.959310765892653 ], [ -83.002017410811234, 39.959300194052702 ], [ -83.002017320758725, 39.959289579305945 ], [ -83.002015899246771, 39.959279020848477 ], [ -83.002007762268775, 39.959238030959774 ], [ -83.00200491693947, 39.959227308800138 ], [ -83.002000698856008, 39.959216857835216 ], [ -83.001995149914734, 39.959206781868311 ], [ -83.001988325230528, 39.959197180977988 ], [ -83.001980292589451, 39.95918815052417 ], [ -83.001971131775306, 39.959179780200898 ], [ -83.001960933777312, 39.959172153145559 ], [ -83.00194979988629, 39.959165345113014 ], [ -83.001937840688626, 39.959159423723335 ], [ -83.001925174967894, 39.959154447790034 ], [ -83.001911928524962, 39.95915046673597 ], [ -83.001898232928681, 39.959147520102498 ], [ -83.001884224208951, 39.95914563715673 ], [ -83.001870041505668, 39.959144836600792 ], [ -83.001855825686832, 39.959145126386062 ], [ -83.00184171794929, 39.959146503634337 ], [ -83.001827858416448, 39.959148954666233 ], [ -83.001814384746481, 39.959152455137172 ], [ -83.00180143076507, 39.959156970279174 ], [ -83.001789125136185, 39.95916245524608 ], [ -83.001777590084259, 39.959168855559135 ], [ -83.001766940180076, 39.959176107647906 ], [ -83.00175728120297, 39.95918413948182 ], [ -83.001748709090023, 39.959192871285573 ], [ -83.00174130898327, 39.959202216331406 ], [ -83.001735154384022, 39.959212081800587 ], [ -83.001730306422814, 39.959222369705266 ], [ -83.001726813252148, 39.959232977861816 ], [ -83.001724709568279, 39.959243800905575 ], [ -83.00172464226705, 39.959244324338869 ], [ -83.001724564538364, 39.95924462503357 ], [ -83.001721371391781, 39.959254450487748 ], [ -83.001719322659213, 39.959265098371837 ], [ -83.001718638515825, 39.959275849457683 ], [ -83.001719325536371, 39.959286600434837 ], [ -83.001721377119679, 39.959297247993881 ], [ -83.001724773552098, 39.959307689819063 ], [ -83.001729482196808, 39.959317825571588 ], [ -83.001735457807499, 39.959327557853776 ], [ -83.001742291364792, 39.959336341225416 ], [ -83.001742444367125, 39.95933656184814 ], [ -83.001742973549597, 39.959337547078064 ], [ -83.001748852681899, 39.959347149643172 ], [ -83.00175590922376, 39.95935627049527 ], [ -83.001764077231257, 39.959364824398662 ], [ -83.001773280373513, 39.959372731415876 ], [ -83.00178343264615, 39.959379917654658 ], [ -83.001794439174887, 39.959386315958497 ], [ -83.001806197102198, 39.959391866534261 ] ] ], [ [ [ -83.001773652614176, 39.963386185752547 ], [ -83.001760478012187, 39.9633897948151 ], [ -83.001747825760731, 39.963394378848307 ], [ -83.001735817371582, 39.963399893827315 ], [ -83.001730512076762, 39.963402610150133 ], [ -83.001727094426883, 39.963403122507373 ], [ -83.00107203896124, 39.963475735756909 ], [ -83.001068747183524, 39.963475976063357 ], [ -83.001068054877649, 39.963473488098508 ], [ -83.001032567218303, 39.963306874780194 ], [ -83.001014515255903, 39.963222121606115 ], [ -83.000984490418148, 39.963081159867748 ], [ -83.000960997002608, 39.962970859686344 ], [ -83.000960602526291, 39.962968179575718 ], [ -83.000962264682755, 39.962963807867006 ], [ -83.000962841559996, 39.962962533769108 ], [ -83.000966115908568, 39.962952139427003 ], [ -83.000968060572887, 39.962941549268443 ], [ -83.000968657104082, 39.962930863764655 ], [ -83.000967899843374, 39.962920184291342 ], [ -83.000965795975674, 39.962909612167053 ], [ -83.000962365461433, 39.962899247691745 ], [ -83.000957640847218, 39.962889189195373 ], [ -83.000951666956993, 39.962879532104978 ], [ -83.000950300957626, 39.96287757556437 ], [ -83.000949614456431, 39.962874969365153 ], [ -83.000917245689848, 39.962711437532398 ], [ -83.000906223500024, 39.962655746215823 ], [ -83.000849964952451, 39.96237149618765 ], [ -83.00084962368453, 39.962368925355079 ], [ -83.000852920052097, 39.962368431377996 ], [ -83.001508295882118, 39.962295820325721 ], [ -83.001511702023024, 39.962295572819343 ], [ -83.001516175520436, 39.962297876380923 ], [ -83.001528020650824, 39.96230335613852 ], [ -83.001540499134933, 39.962307928411292 ], [ -83.00155349391359, 39.962311550307213 ], [ -83.001566883084237, 39.962314187849685 ], [ -83.00158054104449, 39.962315816296183 ], [ -83.001594339670461, 39.962316420370421 ], [ -83.001608149518688, 39.962315994405671 ], [ -83.001621841040404, 39.962314542397827 ], [ -83.001635285796894, 39.962312077968051 ], [ -83.001638750007331, 39.962311162685175 ], [ -83.001643531058662, 39.962310102789615 ], [ -83.00164698185732, 39.962309614638144 ], [ -83.001836790520784, 39.962290153976362 ], [ -83.002055169925256, 39.962267763626159 ], [ -83.002293858906398, 39.962243290704883 ], [ -83.002297150332623, 39.962243077352575 ], [ -83.002297813284017, 39.962245567362736 ], [ -83.002301067327267, 39.962261735204038 ], [ -83.002391475650256, 39.962710932865974 ], [ -83.00239183806103, 39.962713595466695 ], [ -83.002391792052649, 39.962713714096964 ], [ -83.002388464486415, 39.962724123929021 ], [ -83.002386471922392, 39.962734733835219 ], [ -83.00238583335269, 39.962745442690412 ], [ -83.002386554864259, 39.962756148426372 ], [ -83.002388629580864, 39.962766749004558 ], [ -83.002392037728555, 39.9627771433886 ], [ -83.002396746824132, 39.962787232507409 ], [ -83.002402711984743, 39.962796920199402 ], [ -83.002406785872608, 39.962802148158943 ], [ -83.00240818357419, 39.962804159805465 ], [ -83.002408862153999, 39.962806776228447 ], [ -83.002505715917536, 39.963306715849164 ], [ -83.002506046165962, 39.963309278662855 ], [ -83.002502762802763, 39.963309777968959 ], [ -83.001848758241309, 39.963383757341099 ], [ -83.001845305688988, 39.963384015669945 ], [ -83.001842825785417, 39.963383634402284 ], [ -83.001828994474209, 39.963382045644188 ], [ -83.001815027484653, 39.963381506279418 ], [ -83.00180105895501, 39.963382021488009 ], [ -83.001787223038363, 39.96338358632191 ], [ -83.001773652614176, 39.963386185752547 ] ] ], [ [ [ -83.004107936468358, 39.955306200303923 ], [ -83.004107188686845, 39.955307876666183 ], [ -83.004105784888381, 39.955310256175586 ], [ -83.004096946708259, 39.955323516541561 ], [ -83.004095289854462, 39.955325735102122 ], [ -83.004092025095346, 39.955326220086057 ], [ -83.003863750396491, 39.95535151240329 ], [ -83.003850478038075, 39.955353480716454 ], [ -83.003837507248321, 39.955356406708752 ], [ -83.00382495442652, 39.955360264122461 ], [ -83.003812932221237, 39.95536501834129 ], [ -83.00380154851932, 39.955370626701118 ], [ -83.003790905477828, 39.955377038872747 ], [ -83.003781098607192, 39.955384197313613 ], [ -83.003772215914168, 39.955392037784065 ], [ -83.003765906921544, 39.955398805880314 ], [ -83.00376508156431, 39.955399607738329 ], [ -83.003762742005776, 39.95540148342841 ], [ -83.003745275150678, 39.955414217300984 ], [ -83.003734673466795, 39.955422828919794 ], [ -83.003725340788947, 39.955432270430201 ], [ -83.003717386042624, 39.955442431636932 ], [ -83.00371540764317, 39.955445298585971 ], [ -83.003712042173007, 39.955445811038679 ], [ -83.003703041757817, 39.955446829861401 ], [ -83.003689756876057, 39.955448833220352 ], [ -83.003676778494778, 39.955451796480865 ], [ -83.003664223442954, 39.955455692968215 ], [ -83.00365220473887, 39.955460487606956 ], [ -83.003640830572792, 39.95546613723662 ], [ -83.003630203333003, 39.955472591000351 ], [ -83.003620418684221, 39.955479790802471 ], [ -83.003611564706375, 39.955487671831648 ], [ -83.003603721101697, 39.955496163144296 ], [ -83.00359695847736, 39.955505188303071 ], [ -83.003591337709807, 39.955514666065014 ], [ -83.003586909396702, 39.95552451111287 ], [ -83.003583713401511, 39.955534634823181 ], [ -83.00358177849462, 39.955544946063853 ], [ -83.003581122094346, 39.955555352014734 ], [ -83.003581119241488, 39.95555744384761 ], [ -83.003577832277259, 39.955557950466584 ], [ -83.003038008354679, 39.95562016702187 ], [ -83.003034683068023, 39.955620422701628 ], [ -83.003034025099907, 39.955617901234966 ], [ -83.003017870715198, 39.955535144608533 ], [ -83.003015184248241, 39.955524795862104 ], [ -83.003011219292432, 39.955514693378142 ], [ -83.003006012471488, 39.955504930470369 ], [ -83.002999611879773, 39.955495597315817 ], [ -83.002992076638066, 39.955486780122037 ], [ -83.002983476347524, 39.955478560330803 ], [ -83.002973890446725, 39.95547101386574 ], [ -83.002963407477992, 39.955464210431231 ], [ -83.002952124269427, 39.955458212868464 ], [ -83.002940145040668, 39.955453076575004 ], [ -83.002927580440144, 39.955448848993193 ], [ -83.002914546523144, 39.955445569171836 ], [ -83.002901163679809, 39.955443267405599 ], [ -83.002887555523159, 39.955441964955135 ], [ -83.002873847747338, 39.955441673850785 ], [ -83.002860166966613, 39.955442396781343 ], [ -83.002846639545922, 39.955444127069391 ], [ -83.002833390433679, 39.955446848732741 ], [ -83.002820542007697, 39.955450536632362 ], [ -83.002808212944799, 39.955455156704225 ], [ -83.00279651712475, 39.955460666274242 ], [ -83.002785562578225, 39.955467014452239 ], [ -83.002775450489167, 39.955474142602128 ], [ -83.002773657279931, 39.955475534383126 ], [ -83.002770725629915, 39.955476478809388 ], [ -83.002764239169579, 39.955478276370776 ], [ -83.002751982595001, 39.955482724481257 ], [ -83.002740329611697, 39.955488047341809 ], [ -83.002729385327441, 39.955494196941252 ], [ -83.002719248457822, 39.955501117811366 ], [ -83.002710010435763, 39.955508747527233 ], [ -83.002701754586838, 39.955517017270175 ], [ -83.002694555377644, 39.955525852448616 ], [ -83.002688477744186, 39.955535173370798 ], [ -83.002683576506115, 39.955544895963676 ], [ -83.002679895872291, 39.955554932531058 ], [ -83.002677469041913, 39.955565192544839 ], [ -83.00267631790517, 39.955575583461325 ], [ -83.002676452845705, 39.955586011556129 ], [ -83.002677872646942, 39.955596382769414 ], [ -83.00268971638512, 39.955655698517837 ], [ -83.002690061183273, 39.955658254560966 ], [ -83.002686790782207, 39.955658773553118 ], [ -83.002382685543154, 39.955695180689098 ], [ -83.002266140679382, 39.955709133554898 ], [ -83.00214982314408, 39.955723057943565 ], [ -83.002146361720307, 39.955723338997203 ], [ -83.002143649326044, 39.955722937406378 ], [ -83.00213553083934, 39.955721411833331 ], [ -83.002121701751946, 39.955719895215609 ], [ -83.002107746234529, 39.955719426522975 ], [ -83.002093798042679, 39.955720010247539 ], [ -83.002079990861702, 39.955721640794636 ], [ -83.002066457025464, 39.95572430253646 ], [ -83.002053326247989, 39.955727969961721 ], [ -83.002040724380265, 39.955732607920247 ], [ -83.002028772204071, 39.955738171959894 ], [ -83.002026191450682, 39.95573951038017 ], [ -83.002022804716802, 39.955740041972376 ], [ -83.001371079837568, 39.955816984978277 ], [ -83.001367747639691, 39.955817250076784 ], [ -83.001367090104111, 39.955814722182431 ], [ -83.001320841367388, 39.955576576102821 ], [ -83.001302622734116, 39.955482775149868 ], [ -83.001269948750874, 39.955314528552833 ], [ -83.00126960606579, 39.955311885700866 ], [ -83.001270491673964, 39.955309616096635 ], [ -83.001273874141702, 39.955299084217934 ], [ -83.001275889659013, 39.955288346872415 ], [ -83.001276518552373, 39.955277508871042 ], [ -83.001275754683604, 39.955266676007277 ], [ -83.001273605509738, 39.955255954024388 ], [ -83.001270092010202, 39.955245447583287 ], [ -83.001265248482042, 39.955235259240759 ], [ -83.001259122205099, 39.95522548844859 ], [ -83.001255730623583, 39.955220699220611 ], [ -83.001255048071613, 39.955218108518991 ], [ -83.001238924842369, 39.95513635772469 ], [ -83.0012223212332, 39.955052648327786 ], [ -83.001199850937411, 39.954939356169994 ], [ -83.001152461274742, 39.954700421368337 ], [ -83.001152113745491, 39.954697803755245 ], [ -83.001156377711453, 39.954696090800141 ], [ -83.001168528513233, 39.954690605790539 ], [ -83.001179917289903, 39.95468422541159 ], [ -83.001190433030118, 39.954677011855779 ], [ -83.001199973232517, 39.954669035436858 ], [ -83.001208444904833, 39.954660373904545 ], [ -83.00121576547032, 39.954651111686623 ], [ -83.001221863572681, 39.954641339066015 ], [ -83.001226679771577, 39.954631151300703 ], [ -83.001230167122031, 39.954620647695265 ], [ -83.001232291631936, 39.954609930632756 ], [ -83.001233032593433, 39.954599104576971 ], [ -83.001232382784721, 39.954588275054007 ], [ -83.001230348540375, 39.954577547623686 ], [ -83.001226949689666, 39.954567026850661 ], [ -83.001222219363157, 39.954556815285201 ], [ -83.001216203669827, 39.954547012463507 ], [ -83.001208961247542, 39.954537713937562 ], [ -83.001200562691508, 39.954529010343762 ], [ -83.001191089866154, 39.954520986519455 ], [ -83.00118063510709, 39.954513720675891 ], [ -83.001169300321152, 39.954507283636097 ], [ -83.001157195993017, 39.954501738144302 ], [ -83.001144440108277, 39.954497138254517 ], [ -83.001131157003471, 39.954493528803575 ], [ -83.001117476154022, 39.954490944974189 ], [ -83.001112766015609, 39.954490243067305 ], [ -83.001112094125716, 39.954487687188589 ], [ -83.001011693780356, 39.953978000298136 ], [ -83.000995426948322, 39.953895418234559 ], [ -83.000926903409862, 39.95354754085168 ], [ -83.00092656546434, 39.953544986251813 ], [ -83.000929833722438, 39.953544469420478 ], [ -83.001355220628511, 39.953493760169643 ], [ -83.001358647324068, 39.953493483680468 ], [ -83.001358728192898, 39.953493524862388 ], [ -83.001369123905732, 39.953499437354999 ], [ -83.001380491586403, 39.953504721082119 ], [ -83.001392448353812, 39.953509168518643 ], [ -83.001404890624087, 39.95351274113559 ], [ -83.001417710607313, 39.953515407982572 ], [ -83.001430797241341, 39.953517145956184 ], [ -83.001444037153917, 39.953517939999969 ], [ -83.001457315644885, 39.953517783234965 ], [ -83.001470517679877, 39.953516677019259 ], [ -83.001487718333621, 39.953514608536707 ], [ -83.001491105389633, 39.953514331393571 ], [ -83.00149299068309, 39.953516071293642 ], [ -83.001502951856196, 39.953524358170519 ], [ -83.001513965941399, 39.953531814150523 ], [ -83.001525916524301, 39.953538360426862 ], [ -83.001538677292018, 39.953543927807871 ], [ -83.001552113368248, 39.95354845744842 ], [ -83.001566082738776, 39.953551901471911 ], [ -83.001580437752608, 39.953554223476296 ], [ -83.001595026682622, 39.95355539891888 ], [ -83.001609695329236, 39.953555415375625 ], [ -83.001624288650262, 39.953554272672605 ], [ -83.001722353615747, 39.953542648290785 ], [ -83.002060208268389, 39.953502539927371 ], [ -83.002063610919436, 39.953502264129312 ], [ -83.002067032260413, 39.953502241231149 ], [ -83.002254477230096, 39.953507930961266 ], [ -83.002454214330299, 39.953513993853662 ], [ -83.002467799560151, 39.95351390804484 ], [ -83.002481312599727, 39.953512828225122 ], [ -83.00262172745731, 39.953496375580322 ], [ -83.002625046830218, 39.953496113845659 ], [ -83.002625720176013, 39.953498628984178 ], [ -83.00266189362425, 39.953677732054793 ], [ -83.002662276496167, 39.953679529392005 ], [ -83.002683105314532, 39.953772472297899 ], [ -83.00268340867531, 39.95377394511825 ], [ -83.002688008113765, 39.953798420669578 ], [ -83.002688327925341, 39.953800956151348 ], [ -83.002687419260113, 39.953803405685079 ], [ -83.002670384467024, 39.953842320595477 ], [ -83.00266652853864, 39.953852830133712 ], [ -83.002664048104307, 39.953863582458737 ], [ -83.002662967697916, 39.953874471222441 ], [ -83.002663298006112, 39.95388538872718 ], [ -83.002664799464895, 39.953894753219352 ], [ -83.002655863282087, 39.953901868505355 ], [ -83.002647137370658, 39.953910347550071 ], [ -83.002639537731298, 39.953919446146685 ], [ -83.002633138102382, 39.953929076013168 ], [ -83.002628000578866, 39.953939143712653 ], [ -83.002606337519381, 39.953988631391084 ], [ -83.002605005703629, 39.953991421715486 ], [ -83.002579295565695, 39.954041089310074 ], [ -83.002574976079799, 39.954050708133018 ], [ -83.002556675400029, 39.954098534048541 ], [ -83.002553531604647, 39.954108419325578 ], [ -83.002541062961299, 39.954157343767456 ], [ -83.002539121864217, 39.954167410585306 ], [ -83.002533769140129, 39.954208073755048 ], [ -83.002533060706455, 39.954217390268106 ], [ -83.0025333827721, 39.954226719428341 ], [ -83.002534733011117, 39.954235993848144 ], [ -83.002551091972805, 39.954317052253899 ], [ -83.002551442410876, 39.954319612283321 ], [ -83.002548165547893, 39.954320128775741 ], [ -83.001884688947186, 39.954398806737899 ], [ -83.001773201957803, 39.95441202672324 ], [ -83.001759349640309, 39.954414214970996 ], [ -83.001745846817599, 39.954417447745264 ], [ -83.001732826124382, 39.954421693291366 ], [ -83.001720415459516, 39.954426909906459 ], [ -83.001708736729881, 39.954433046349052 ], [ -83.001697904652744, 39.954440042342526 ], [ -83.001688025629093, 39.954447829167009 ], [ -83.001679196698376, 39.954456330334544 ], [ -83.001671504585346, 39.954465462340281 ], [ -83.00166502484818, 39.954475135482774 ], [ -83.001659821136272, 39.954485254745151 ], [ -83.001655944564973, 39.954495720728296 ], [ -83.001653433213562, 39.95450643062734 ], [ -83.001652311751101, 39.954517279241436 ], [ -83.001652591194087, 39.954528160007087 ], [ -83.001654268798291, 39.954538966044986 ], [ -83.001657328085585, 39.954549591209741 ], [ -83.001661739005925, 39.954559931132636 ], [ -83.001667458232305, 39.954569884246816 ], [ -83.001674429586501, 39.954579352784862 ], [ -83.001682584590796, 39.954588243739224 ], [ -83.001691843140634, 39.954596469775815 ], [ -83.001702114291433, 39.954603950091887 ], [ -83.001713297151923, 39.954610611209674 ], [ -83.001725281875238, 39.954616387698337 ], [ -83.001737950737819, 39.954621222816449 ], [ -83.001751179295866, 39.954625069069543 ], [ -83.001764837607695, 39.954627888676576 ], [ -83.001778791510233, 39.954629653941062 ], [ -83.001792903936774, 39.9546303475231 ], [ -83.001807036263457, 39.954629962609786 ], [ -83.00181098092402, 39.954629704094948 ], [ -83.001813444220531, 39.954630101642934 ], [ -83.001822146963931, 39.954631845771189 ], [ -83.001836003667307, 39.954633527341919 ], [ -83.001850007964677, 39.954634153611359 ], [ -83.001864024488881, 39.954633718525912 ], [ -83.001877917754626, 39.954632226291139 ], [ -83.001891553467985, 39.954629691331185 ], [ -83.001904799824686, 39.954626138149258 ], [ -83.001917528784006, 39.9546216010908 ], [ -83.001923400392329, 39.954618940777181 ], [ -83.00192653614809, 39.954617678654095 ], [ -83.001929992299793, 39.954617184483425 ], [ -83.002396258506295, 39.95456880995043 ], [ -83.002480356854122, 39.954560085548998 ], [ -83.002588157841032, 39.954548899780633 ], [ -83.002591536023189, 39.954548677378789 ], [ -83.002593111195168, 39.954549903212154 ], [ -83.002603505763858, 39.954557230414721 ], [ -83.002614789059805, 39.954563732525365 ], [ -83.002626850957512, 39.954569346082991 ], [ -83.002639573732182, 39.954574016298913 ], [ -83.002652833208771, 39.954577697591525 ], [ -83.002666499973856, 39.954580354031108 ], [ -83.002680440638841, 39.954581959690628 ], [ -83.002694519141784, 39.954582498898716 ], [ -83.002708598075429, 39.954581966392695 ], [ -83.002722540028316, 39.954580367369836 ], [ -83.002736208925938, 39.95457771743672 ], [ -83.002749471358868, 39.95457404245689 ], [ -83.002762197884863, 39.954569378298416 ], [ -83.002774264292228, 39.954563770483837 ], [ -83.002785552812171, 39.954557273745777 ], [ -83.002795953268205, 39.954549951492886 ], [ -83.002805364151499, 39.954541875190721 ], [ -83.002813693611628, 39.954533123664561 ], [ -83.002820860352998, 39.954523782329765 ], [ -83.002821603900927, 39.954522693678484 ], [ -83.002824947042043, 39.954522161062748 ], [ -83.002932515037287, 39.954509218186551 ], [ -83.002932855520783, 39.954509176894184 ], [ -83.003083950722271, 39.954490708644983 ], [ -83.003087257755453, 39.954490430934975 ], [ -83.00308796693696, 39.954492932251448 ], [ -83.003140275752259, 39.954733196294221 ], [ -83.003140685291001, 39.95473589149524 ], [ -83.00314072732526, 39.954737770331526 ], [ -83.003141559140047, 39.954747868696984 ], [ -83.00314359531086, 39.954757865259268 ], [ -83.003146513355787, 39.954766746284164 ], [ -83.003147306999395, 39.954769845027478 ], [ -83.003169907379004, 39.954888926239953 ], [ -83.003185519648468, 39.954971192405949 ], [ -83.0031882360379, 39.954981813719293 ], [ -83.003192298160315, 39.954992177582234 ], [ -83.003197666537673, 39.955002183271276 ], [ -83.003204288996756, 39.955011733543962 ], [ -83.003212101176203, 39.955020735583716 ], [ -83.003221027151952, 39.955029101902184 ], [ -83.003230980175218, 39.955036751189311 ], [ -83.00324186351547, 39.955043609103726 ], [ -83.00325357140062, 39.955049608995083 ], [ -83.003265990044909, 39.955054692552011 ], [ -83.003278998754823, 39.955058810368676 ], [ -83.003292471102071, 39.955061922425109 ], [ -83.003306276152344, 39.955063998475971 ], [ -83.003320279737807, 39.955065018344676 ], [ -83.003334345761075, 39.955064972119331 ], [ -83.003348337517991, 39.95506386024924 ], [ -83.003416760683663, 39.955055783009051 ], [ -83.003430493068819, 39.95505362597067 ], [ -83.003443884213027, 39.955050442488449 ], [ -83.003456804906634, 39.955046263279492 ], [ -83.003469130479303, 39.95504112866854 ], [ -83.003480742003092, 39.955035088198848 ], [ -83.003491527439877, 39.955028200154253 ], [ -83.003501382722447, 39.955020530996741 ], [ -83.00351021275867, 39.955012154725075 ], [ -83.003517932348956, 39.955003152160927 ], [ -83.003524467008376, 39.954993610168877 ], [ -83.003529753685342, 39.95498362081846 ], [ -83.003533741369935, 39.954973280495551 ], [ -83.00353639158611, 39.954962688972529 ], [ -83.003537678762939, 39.954951948445533 ], [ -83.003537590481244, 39.954941162548344 ], [ -83.003536127593506, 39.954930435352495 ], [ -83.00351922430859, 39.954846467553196 ], [ -83.003518859227981, 39.954843787363366 ], [ -83.003518846170934, 39.954842095781828 ], [ -83.003518097311385, 39.954831493878089 ], [ -83.003516021450565, 39.954820997196819 ], [ -83.003513091493673, 39.954812083527898 ], [ -83.003512225781236, 39.954808762952219 ], [ -83.003442128009013, 39.954449265043287 ], [ -83.00344179583378, 39.954446723781253 ], [ -83.00344504145437, 39.954446190528913 ], [ -83.00356823831936, 39.954430730248532 ], [ -83.003571583411073, 39.954430440290004 ], [ -83.003572247315375, 39.95443298003692 ], [ -83.003628294518705, 39.954720232299564 ], [ -83.003631049242657, 39.954730792963304 ], [ -83.00363513519045, 39.954741095107543 ], [ -83.003640513045724, 39.954751039600225 ], [ -83.003647131060717, 39.954760530750633 ], [ -83.003654925554187, 39.954769477230336 ], [ -83.003663821524142, 39.954777792951965 ], [ -83.003673733369567, 39.954785397897552 ], [ -83.003684565714124, 39.954792218888571 ], [ -83.00369621432381, 39.954798190290035 ], [ -83.00370856711011, 39.954803254642144 ], [ -83.003721505208432, 39.954807363213163 ], [ -83.00373490412197, 39.95481047646836 ], [ -83.003748634919631, 39.954812564450414 ], [ -83.003762565476748, 39.954813607067699 ], [ -83.003776561746449, 39.954813594287629 ], [ -83.003790489049493, 39.954812526233191 ], [ -83.004063026589677, 39.954781172561965 ], [ -83.004066355891851, 39.954780917424245 ], [ -83.004067007052242, 39.954783443048449 ], [ -83.004085633313522, 39.954880432033868 ], [ -83.004085969391355, 39.954883065782667 ], [ -83.004083905537641, 39.954886923663516 ], [ -83.004082668720159, 39.9548889476456 ], [ -83.004078010373775, 39.954899009344601 ], [ -83.004074644337251, 39.954909371754688 ], [ -83.004072602461335, 39.954919936824481 ], [ -83.004071904067288, 39.954930604584966 ], [ -83.004072555764125, 39.954941274095376 ], [ -83.004074551385941, 39.954951844398359 ], [ -83.004077872050289, 39.954962215475227 ], [ -83.004082486336856, 39.954972289192369 ], [ -83.004088350584695, 39.954981970229881 ], [ -83.004092348445795, 39.954987179013081 ], [ -83.004093714645094, 39.954989181111259 ], [ -83.00409436559174, 39.954991818705466 ], [ -83.004130079938065, 39.955189166325169 ], [ -83.004132643833103, 39.955199606871389 ], [ -83.004136506946239, 39.955209807832574 ], [ -83.004141633106144, 39.955219673693037 ], [ -83.004147974315018, 39.955229112074733 ], [ -83.004155471198018, 39.955238034602225 ], [ -83.004163192699764, 39.955245522873469 ], [ -83.004159342214109, 39.955247543849467 ], [ -83.004148593108042, 39.955254466752677 ], [ -83.004138778497946, 39.955262167909467 ], [ -83.004129993097933, 39.955270573001485 ], [ -83.004122321690019, 39.95527960091718 ], [ -83.004115838305935, 39.955289164534577 ], [ -83.004110605512778, 39.955299171561919 ], [ -83.004107936468358, 39.955306200303923 ] ] ], [ [ [ -83.00715620643247, 39.965678688620308 ], [ -83.007161173530505, 39.965671851001979 ], [ -83.00716671518596, 39.965662117030483 ], [ -83.007171008025693, 39.965652016449148 ], [ -83.007174011842096, 39.965641643863378 ], [ -83.007175698500973, 39.965631096426293 ], [ -83.007176052205153, 39.965620472928613 ], [ -83.007175069642344, 39.965609872873436 ], [ -83.007172760016132, 39.965599395544309 ], [ -83.007169144959803, 39.965589139075185 ], [ -83.007164258333674, 39.965579199531291 ], [ -83.007158145907894, 39.965569670009494 ], [ -83.007150864933806, 39.965560639766132 ], [ -83.007142483607609, 39.965552193381214 ], [ -83.007133080431686, 39.965544409966078 ], [ -83.007122743479243, 39.965537362422452 ], [ -83.007111569569432, 39.965531116759635 ], [ -83.007099663360492, 39.965525731476376 ], [ -83.007087136369535, 39.965521257012696 ], [ -83.00707410592797, 39.96551773527775 ], [ -83.007060694082654, 39.965515199257055 ], [ -83.00704702645271, 39.965513672703693 ], [ -83.007033231052944, 39.96551316991583 ], [ -83.007019437094939, 39.965513695602674 ], [ -83.007005773776726, 39.96551524484051 ], [ -83.006992369072748, 39.965517803118736 ], [ -83.006979348535268, 39.965521346475846 ], [ -83.006966834118316, 39.965525841723682 ], [ -83.006954943035595, 39.965531246758538 ], [ -83.00694378666249, 39.965537510955322 ], [ -83.006933469493021, 39.965544575641722 ], [ -83.006798806475743, 39.965646186680544 ], [ -83.006795943549761, 39.965648142864808 ], [ -83.006792569311898, 39.965647704763711 ], [ -83.006787683901834, 39.965646877330776 ], [ -83.006782086040943, 39.965646019169306 ], [ -83.006690619675524, 39.965633455062402 ], [ -83.006680445356977, 39.965632346658275 ], [ -83.006661281611059, 39.965630798079324 ], [ -83.006647253936578, 39.965630199598891 ], [ -83.006633217762428, 39.965630665376281 ], [ -83.006619309131821, 39.965632190896983 ], [ -83.006605662851825, 39.965634761375235 ], [ -83.006592411186759, 39.96563835189702 ], [ -83.006579682576273, 39.965642927661847 ], [ -83.006567600390412, 39.965648444319847 ], [ -83.006556281733978, 39.965654848401734 ], [ -83.006545836311446, 39.96566207783691 ], [ -83.006536365363729, 39.965670062555262 ], [ -83.006527960686867, 39.9656787251661 ], [ -83.006520703742353, 39.965687981708406 ], [ -83.00651466486751, 39.96569774246445 ], [ -83.006509902593791, 39.965707912829544 ], [ -83.006506463079447, 39.96571839422878 ], [ -83.006504379662104, 39.96572908507266 ], [ -83.006503672535672, 39.965739881741534 ], [ -83.006504348554472, 39.965750679590059 ], [ -83.006503995109583, 39.965745034119742 ], [ -83.00646414040699, 39.965745206132219 ], [ -83.006464088251548, 39.965738051099756 ], [ -83.00628571038753, 39.965738820810806 ], [ -83.006285686626484, 39.965735559962425 ], [ -83.006107308766872, 39.965736329402297 ], [ -83.006107448158858, 39.965755465607494 ], [ -83.005929070246168, 39.965756234776421 ], [ -83.005929211925334, 39.965775691819459 ], [ -83.005750833958743, 39.965776460717464 ], [ -83.005750975588029, 39.965795917760566 ], [ -83.00557259756755, 39.965796686387634 ], [ -83.00557273914697, 39.965816143430843 ], [ -83.00539436107259, 39.965816911786995 ], [ -83.00539450260213, 39.965836368830253 ], [ -83.005216124473861, 39.965837136915468 ], [ -83.005216265953536, 39.965856593958804 ], [ -83.005117246533018, 39.965857020213271 ], [ -83.005117064170122, 39.965856070357731 ], [ -83.005113656446909, 39.965845587890087 ], [ -83.005108926265009, 39.965835413892407 ], [ -83.005102919429817, 39.965825646884852 ], [ -83.005095694109244, 39.965816381446459 ], [ -83.005087320270249, 39.965807707299341 ], [ -83.005077879001448, 39.965799708439704 ], [ -83.005067461727876, 39.96579246232465 ], [ -83.00505616932557, 39.96578603912198 ], [ -83.005050863236121, 39.965783602137144 ], [ -83.005047655764614, 39.96578195888285 ], [ -83.00504698839184, 39.965779363048725 ], [ -83.004926604985599, 39.965149623313991 ], [ -83.004894559886282, 39.964981989984928 ], [ -83.00486174721236, 39.964810343931369 ], [ -83.004829199998468, 39.964640074186669 ], [ -83.004828876603824, 39.964637517847059 ], [ -83.004832149388378, 39.964637013045625 ], [ -83.005050075274909, 39.964611869974895 ], [ -83.005159665790956, 39.964599224706085 ], [ -83.005173377354964, 39.964597109415585 ], [ -83.005186754007639, 39.964593971581486 ], [ -83.005199667286348, 39.964589841337968 ], [ -83.00521199317852, 39.964584758349837 ], [ -83.005223613312637, 39.964578771431512 ], [ -83.005234416094964, 39.96457193807835 ], [ -83.00524429778136, 39.964564323914402 ], [ -83.005253163473427, 39.964556002062217 ], [ -83.005260928030012, 39.964547052440565 ], [ -83.0052675168848, 39.964537560996966 ], [ -83.005272866762283, 39.964527618882336 ], [ -83.005276926285674, 39.964517321575471 ], [ -83.00527965646998, 39.96450676796627 ], [ -83.005281031096601, 39.964496059405953 ], [ -83.005281036965002, 39.964485298733784 ], [ -83.005279674019434, 39.964474589289416 ], [ -83.005276955349515, 39.964464033920478 ], [ -83.005272907064466, 39.96445373399493 ], [ -83.005267568042356, 39.964443788427545 ], [ -83.005260989556703, 39.964434292729976 ], [ -83.00525323478405, 39.964425338093548 ], [ -83.005244378197304, 39.964417010513522 ], [ -83.005234504850392, 39.964409389963201 ], [ -83.005223709561648, 39.964402549626023 ], [ -83.005212096002978, 39.964396555192614 ], [ -83.005199775704511, 39.964391464230019 ], [ -83.005186866983323, 39.964387325628927 ], [ -83.005173493807362, 39.964384179134022 ], [ -83.005159784604786, 39.964382054962392 ], [ -83.005145871030763, 39.96438097351335 ], [ -83.005131886703111, 39.964380945172486 ], [ -83.005117965919055, 39.964381970212017 ], [ -83.004792396023078, 39.964418403534296 ], [ -83.004789067759503, 39.964418648404582 ], [ -83.004788425362747, 39.964416123633626 ], [ -83.004675116626885, 39.963815872074441 ], [ -83.004633532749608, 39.963595589047451 ], [ -83.004598152138882, 39.96340814527305 ], [ -83.004579279426522, 39.963308167819989 ], [ -83.004562456691303, 39.963219059379753 ], [ -83.004539687317731, 39.963098439122582 ], [ -83.004536973256862, 39.963084072496002 ], [ -83.004528316916847, 39.963038088836313 ], [ -83.004515627682338, 39.962970893535861 ], [ -83.004504033618971, 39.962909561722718 ], [ -83.004491900955642, 39.962845324780574 ], [ -83.004455232088063, 39.962651070026375 ], [ -83.004454843918836, 39.962648631134925 ], [ -83.00444562474236, 39.962577556686796 ], [ -83.004444377218377, 39.96257035744982 ], [ -83.004429587493235, 39.962502279137645 ], [ -83.004427724217834, 39.962495159109437 ], [ -83.004407166530001, 39.962428139279226 ], [ -83.004404571955249, 39.962420821256686 ], [ -83.004393786377705, 39.96239407540083 ], [ -83.004388912610622, 39.962383821167954 ], [ -83.004382739526591, 39.96237399008421 ], [ -83.004375328161089, 39.962364679352177 ], [ -83.004366751792759, 39.962355981029596 ], [ -83.00435709521885, 39.962347981119052 ], [ -83.004346453916767, 39.962340758717794 ], [ -83.004334933100097, 39.962334385235501 ], [ -83.00432264667829, 39.962328923688503 ], [ -83.004309716130479, 39.962324428076407 ], [ -83.004296269304334, 39.962320942848507 ], [ -83.004282439152007, 39.962318502464122 ], [ -83.004268362415672, 39.962317131051918 ], [ -83.004254178275517, 39.962316842171397 ], [ -83.004240026973577, 39.962317638678797 ], [ -83.004226048427256, 39.962319512698848 ], [ -83.004212380845928, 39.962322445702618 ], [ -83.00419915936439, 39.962326408690835 ], [ -83.004186514706802, 39.962331362480391 ], [ -83.004174571894197, 39.962337258091942 ], [ -83.004163449008388, 39.962344037234089 ], [ -83.004153256024424, 39.962351632879709 ], [ -83.004144093723312, 39.962359969928656 ], [ -83.0041360526955, 39.962368965950354 ], [ -83.004129212445235, 39.962378531998766 ], [ -83.004123640604405, 39.962388573491744 ], [ -83.004119392263888, 39.962398991146351 ], [ -83.004116509428812, 39.962409681960267 ], [ -83.004115020603223, 39.962420540230404 ], [ -83.004114940508217, 39.962431458597969 ], [ -83.004116269936404, 39.962442329109827 ], [ -83.004129889095935, 39.962514822708719 ], [ -83.004146513433255, 39.962603317307853 ], [ -83.004178675052799, 39.962774500117114 ], [ -83.004191771474339, 39.962844215148067 ], [ -83.004199520504741, 39.962885466699468 ], [ -83.004212283336543, 39.962953396410448 ], [ -83.00424241597139, 39.963113790667308 ], [ -83.004264697019593, 39.963232387970557 ], [ -83.004284453183985, 39.963337549774366 ], [ -83.004354891230264, 39.963712478387443 ], [ -83.004423929751226, 39.964079946916051 ], [ -83.004429912318827, 39.964111788392117 ], [ -83.004431614264519, 39.964120844609191 ], [ -83.004492899458626, 39.964447052080892 ], [ -83.004493214463409, 39.964449605401789 ], [ -83.004489946275257, 39.96445010938114 ], [ -83.003831865765946, 39.964526050497426 ], [ -83.003775863214528, 39.964532511744039 ], [ -83.003048930402855, 39.964616392214083 ], [ -83.003045574069233, 39.964616650063661 ], [ -83.003044949223209, 39.964615032563557 ], [ -83.003040301886273, 39.964604860297648 ], [ -83.003034380393942, 39.964595087802017 ], [ -83.003027241844663, 39.964585809307756 ], [ -83.003018955072193, 39.964577114282626 ], [ -83.003009599981951, 39.96456908656819 ], [ -83.002999266780535, 39.964561803571463 ], [ -83.00298805510576, 39.964555335518504 ], [ -83.00297607306608, 39.964549744777329 ], [ -83.002963436198058, 39.964545085256439 ], [ -83.002950266352315, 39.964541401885114 ], [ -83.002936690518652, 39.964538730180102 ], [ -83.002922839601524, 39.964537095903239 ], [ -83.002908847157826, 39.964536514812934 ], [ -83.002894848109094, 39.964536992512386 ], [ -83.002880977440569, 39.964538524395323 ], [ -83.002867368899615, 39.964541095690677 ], [ -83.002854153706039, 39.964544681604814 ], [ -83.002841459286913, 39.964549247560718 ], [ -83.002829408047774, 39.964554749531281 ], [ -83.002818116192429, 39.964561134464006 ], [ -83.00280769260246, 39.964568340792368 ], [ -83.00279823778726, 39.964576299029552 ], [ -83.002789842914993, 39.964584932438477 ], [ -83.002782588933428, 39.9645941577717 ], [ -83.002776545789359, 39.964603886074116 ], [ -83.002771771754269, 39.964614023540769 ], [ -83.002768312862258, 39.964624472421235 ], [ -83.00276620246629, 39.964635131962261 ], [ -83.00276546091645, 39.964645899379271 ], [ -83.002765448694717, 39.964648357230544 ], [ -83.002762157647311, 39.964648855374691 ], [ -83.0025702762279, 39.964670446184677 ], [ -83.00233643983654, 39.96469675938031 ], [ -83.002104654444068, 39.964722841537174 ], [ -83.002101167835988, 39.964723099076224 ], [ -83.002100069947005, 39.964722926646253 ], [ -83.002088742056529, 39.964720689675133 ], [ -83.002074885732341, 39.9647190463035 ], [ -83.002060886709685, 39.964718457104482 ], [ -83.002046880110441, 39.964718927765162 ], [ -83.002033001129661, 39.964720453742622 ], [ -83.002019383730541, 39.964723020307737 ], [ -83.002006159351538, 39.964726602687399 ], [ -83.001993455637574, 39.964731166303643 ], [ -83.001981929656537, 39.964736423343602 ], [ -83.001981667295993, 39.964736530162355 ], [ -83.001975452643649, 39.964738490982441 ], [ -83.001962753086744, 39.964743071082808 ], [ -83.001950699163572, 39.964748588322536 ], [ -83.001939407309877, 39.964754989407538 ], [ -83.001928986600177, 39.964762212506159 ], [ -83.001919537694235, 39.964770187846433 ], [ -83.001911151864761, 39.964778838390018 ], [ -83.001903910115587, 39.964788080576426 ], [ -83.001897882399433, 39.964797825130049 ], [ -83.001893126941994, 39.964807977922675 ], [ -83.001889689679516, 39.964818440882581 ], [ -83.001887603815163, 39.964829112941899 ], [ -83.001886889498124, 39.96483989101295 ], [ -83.001887553629075, 39.964850670983985 ], [ -83.001889589793393, 39.96486134872476 ], [ -83.001892978323184, 39.964871821092601 ], [ -83.001897686487197, 39.964881986928553 ], [ -83.001903668806946, 39.964891748034617 ], [ -83.001910867496051, 39.96490101012224 ], [ -83.001919213018411, 39.964909683723235 ], [ -83.001928624759827, 39.964917685053855 ], [ -83.001939011806769, 39.964924936824296 ], [ -83.001950273824505, 39.96493136898512 ], [ -83.0019623020263, 39.964936919404032 ], [ -83.001974980224318, 39.964941534466057 ], [ -83.001988185951888, 39.964945169591296 ], [ -83.002001791646506, 39.964947789665857 ], [ -83.002015665882155, 39.964949369380697 ], [ -83.002021072851349, 39.964949571666473 ], [ -83.002025334305756, 39.964949892846981 ], [ -83.002030763843621, 39.964951621362481 ], [ -83.002032781924498, 39.964952354966442 ], [ -83.002045989835892, 39.964955984633768 ], [ -83.002059596999658, 39.964958599136367 ], [ -83.00207347198176, 39.964960173220327 ], [ -83.002087480761276, 39.964960691681277 ], [ -83.00210148802482, 39.964960149511292 ], [ -83.002115358473716, 39.964958551947312 ], [ -83.002128958130768, 39.964955914420486 ], [ -83.002142155634488, 39.964952262407166 ], [ -83.00215482350788, 39.96494763118281 ], [ -83.002156703304479, 39.964946854633723 ], [ -83.002160092900098, 39.964946327297639 ], [ -83.002814403052056, 39.964869910104106 ], [ -83.002817741152612, 39.964869648900013 ], [ -83.002818386146714, 39.964872182572854 ], [ -83.002913466458025, 39.965376217309064 ], [ -83.002913795508277, 39.965378867227635 ], [ -83.002913448125781, 39.965380199097297 ], [ -83.002910902455127, 39.965387975433316 ], [ -83.002908829414679, 39.965398630358685 ], [ -83.002908123338074, 39.965409390317532 ], [ -83.002908791023103, 39.965420151727308 ], [ -83.002910826042822, 39.965430810991442 ], [ -83.002914208807368, 39.965441265496672 ], [ -83.002918906752569, 39.965451414600786 ], [ -83.002924874653331, 39.965461160601578 ], [ -83.002929235012331, 39.965466777177433 ], [ -83.002930506084326, 39.965468615428989 ], [ -83.002931175701121, 39.965471249547548 ], [ -83.003026637766226, 39.965978291498566 ], [ -83.003026954092036, 39.965980851008204 ], [ -83.003023675326986, 39.965981346402124 ], [ -83.002659237725695, 39.966022247300977 ], [ -83.002366852176209, 39.96605506038636 ], [ -83.002363386046568, 39.966055316180572 ], [ -83.002359707382396, 39.966054743442434 ], [ -83.002353374129044, 39.96605350577876 ], [ -83.002339453457623, 39.96605188669826 ], [ -83.0023253931939, 39.966051330957889 ], [ -83.00231133018741, 39.966051843966646 ], [ -83.002297401314408, 39.96605342073142 ], [ -83.002283742145607, 39.966056045905432 ], [ -83.00227048562671, 39.966059693937666 ], [ -83.002257760784488, 39.966064329321554 ], [ -83.002251545202739, 39.966067201742561 ], [ -83.002248533713541, 39.966068445011778 ], [ -83.002245143124071, 39.966068971625944 ], [ -83.001996922313424, 39.966097895459725 ], [ -83.001584425794746, 39.966145960781986 ], [ -83.001581069824198, 39.966146221713757 ], [ -83.001580452892824, 39.966143670065605 ], [ -83.001565842013747, 39.966060493303054 ], [ -83.00155071680075, 39.965974382976505 ], [ -83.001535782006187, 39.965889349953393 ], [ -83.001520846001867, 39.965804319089671 ], [ -83.001491724351766, 39.965638517633295 ], [ -83.001491429784593, 39.965635879990231 ], [ -83.001492785400885, 39.965630887285435 ], [ -83.001494992634107, 39.96562010563607 ], [ -83.001495797914984, 39.965609208639478 ], [ -83.001495193287866, 39.965598303959943 ], [ -83.001493184727238, 39.965587499337623 ], [ -83.001489792078658, 39.965576901523981 ], [ -83.001485048862691, 39.965566615227218 ], [ -83.001479001943665, 39.965556742077538 ], [ -83.001471711066586, 39.965547379623246 ], [ -83.001463981965543, 39.965539379767407 ], [ -83.001463659664452, 39.96553900981332 ], [ -83.001462980493713, 39.96553638809452 ], [ -83.001403748628093, 39.965229700562482 ], [ -83.001400125790298, 39.965216544572023 ], [ -83.001394440097386, 39.965203828014694 ], [ -83.001392419763505, 39.965200074146814 ], [ -83.001391740702118, 39.965197444509521 ], [ -83.001381374276249, 39.965143583583213 ], [ -83.00135929565046, 39.965028848379198 ], [ -83.001358966140586, 39.965026267916564 ], [ -83.001359349021712, 39.965026145710532 ], [ -83.001371477403694, 39.965022801428759 ], [ -83.001384116433627, 39.96501819764466 ], [ -83.001396109198367, 39.965012664107597 ], [ -83.001407340540013, 39.965006253952275 ], [ -83.001417702612116, 39.964999028730858 ], [ -83.001427095915304, 39.964991057822054 ], [ -83.001435430252741, 39.964982417764858 ], [ -83.001442625596113, 39.964973191523519 ], [ -83.001448612854176, 39.964963467691007 ], [ -83.001453334536137, 39.964953339638306 ], [ -83.001456745303656, 39.9649429046177 ], [ -83.001458812406227, 39.964932262829116 ], [ -83.001459515995592, 39.964921516457814 ], [ -83.001458849316364, 39.964910768693272 ], [ -83.001456818770762, 39.964900122738264 ], [ -83.001453443857244, 39.964889680817954 ], [ -83.001448756983137, 39.964879543198286 ], [ -83.001442803153552, 39.964869807223096 ], [ -83.001435639539068, 39.964860566379599 ], [ -83.001427334926902, 39.964851909400551 ], [ -83.001417969060256, 39.964843919412282 ], [ -83.001407631872667, 39.964836673136489 ], [ -83.001396422624452, 39.964830240153539 ], [ -83.001384448949523, 39.964824682234401 ], [ -83.001371825821906, 39.964820052747427 ], [ -83.001358674451765, 39.964816396145999 ], [ -83.00134512112146, 39.964813747541513 ], [ -83.001331295973017, 39.964812132366518 ], [ -83.0013173317585, 39.964811566130258 ], [ -83.001315284907861, 39.964811560407611 ], [ -83.001314686568335, 39.964808991713213 ], [ -83.001286934530029, 39.964642701681981 ], [ -83.001276494553025, 39.96458015609133 ], [ -83.001258736063022, 39.964473738768788 ], [ -83.001230318314768, 39.96430346136821 ], [ -83.001229889365703, 39.964301095175649 ], [ -83.001211600364527, 39.964207649400834 ], [ -83.001178646993338, 39.964039239169146 ], [ -83.001169902548313, 39.963994512331276 ], [ -83.001162496945255, 39.963956656758192 ], [ -83.001152733547215, 39.963906748713804 ], [ -83.001122631413935, 39.963752881766368 ], [ -83.001112850746239, 39.963702887537039 ], [ -83.00111251538442, 39.963700319141786 ], [ -83.001115807999184, 39.963699825166017 ], [ -83.001590330398983, 39.963647148640277 ], [ -83.001591094825329, 39.963647062153804 ], [ -83.001629898695711, 39.963642589297862 ], [ -83.001770826915035, 39.963626941334766 ], [ -83.001774283017724, 39.963626690019986 ], [ -83.001778010951796, 39.963627272200739 ], [ -83.001791929294797, 39.963628900518067 ], [ -83.001805988417388, 39.963629465587552 ], [ -83.001820051480323, 39.963628961909322 ], [ -83.001833981605913, 39.963627394385703 ], [ -83.001847643210482, 39.963624778273633 ], [ -83.001860903323916, 39.963621139036071 ], [ -83.001873632883871, 39.96361651209417 ], [ -83.001883981844799, 39.963611738663509 ], [ -83.001884836351635, 39.963611387729841 ], [ -83.001888276461997, 39.963610870436554 ], [ -83.002055151056069, 39.96359232403141 ], [ -83.002184581844389, 39.963577937064635 ], [ -83.002554325573925, 39.963536840941892 ], [ -83.002557652959084, 39.963536598573526 ], [ -83.002558293897565, 39.963539122669381 ], [ -83.002568050694947, 39.963590939134193 ], [ -83.002570733227429, 39.963601505096428 ], [ -83.002574747495316, 39.963611818141686 ], [ -83.002580054912244, 39.963621779136318 ], [ -83.00258660446147, 39.963631292330838 ], [ -83.002594333186266, 39.963640266280059 ], [ -83.002603166795026, 39.96364861472231 ], [ -83.002613020375421, 39.963656257408488 ], [ -83.002623799210568, 39.963663120873569 ], [ -83.002635399689552, 39.963669139142731 ], [ -83.002647710303265, 39.963674254365529 ], [ -83.002660612716454, 39.963678417372044 ], [ -83.00267398290508, 39.963681588145484 ], [ -83.002687692348587, 39.963683736206853 ], [ -83.002701609265301, 39.963684840908023 ], [ -83.002715599879153, 39.963684891629974 ], [ -83.002729529705718, 39.963683887885253 ], [ -83.00274326484481, 39.96368183932227 ], [ -83.002756673267768, 39.9636787656328 ], [ -83.00276962608649, 39.963674696362588 ], [ -83.002781998792443, 39.963669670627418 ], [ -83.00279367245345, 39.963663736737011 ], [ -83.002804534856992, 39.963656951730712 ], [ -83.002814481588828, 39.963649380829153 ], [ -83.002823417036637, 39.963641096807379 ], [ -83.002831255309161, 39.96363217929521 ], [ -83.002837921061797, 39.963622714011834 ], [ -83.002843350220743, 39.963612791941884 ], [ -83.002847490599052, 39.963602508460752 ], [ -83.00285030239813, 39.96359196241783 ], [ -83.002851758590353, 39.96358125518632 ], [ -83.002851845178753, 39.96357048968882 ], [ -83.00285056133167, 39.963559769407958 ], [ -83.002819990121964, 39.963393959942088 ], [ -83.002798265977489, 39.963276134344035 ], [ -83.00278668088805, 39.963213299892416 ], [ -83.002774650105209, 39.963148050187655 ], [ -83.002763098432226, 39.963085391320242 ], [ -83.002752071306688, 39.963025579112056 ], [ -83.002739914006597, 39.962959637818749 ], [ -83.002728397542384, 39.962897177347891 ], [ -83.002715624196242, 39.962827890496058 ], [ -83.002704513644645, 39.962767631367299 ], [ -83.002688579144035, 39.962681204646792 ], [ -83.002634809593019, 39.962389552634377 ], [ -83.002595885792061, 39.962178433591653 ], [ -83.002595579710828, 39.962175882984511 ], [ -83.002598843793834, 39.962175380668931 ], [ -83.002807567865887, 39.962151346731616 ], [ -83.003027550064573, 39.962126023520042 ], [ -83.003249055844719, 39.962100511678528 ], [ -83.003370160360689, 39.962086565284416 ], [ -83.003585739988679, 39.962061741401243 ], [ -83.003799934100272, 39.962037076520481 ], [ -83.003805448702551, 39.962036441376178 ], [ -83.003808694195271, 39.962036186530668 ], [ -83.003810881616033, 39.962038049001812 ], [ -83.003925325111808, 39.962145184150693 ], [ -83.003934567446294, 39.962153031914283 ], [ -83.003944749305688, 39.962160158008338 ], [ -83.003955775969388, 39.962166496139417 ], [ -83.003967544857474, 39.962171987344483 ], [ -83.003979946485174, 39.962176580539314 ], [ -83.00399286548128, 39.962180232993838 ], [ -83.004006181661524, 39.962182910729517 ], [ -83.004019771146545, 39.962184588835619 ], [ -83.004033507514507, 39.962185251700859 ], [ -83.004047262977025, 39.962184893158657 ], [ -83.004060909568153, 39.962183516544506 ], [ -83.004074320334738, 39.962181134664924 ], [ -83.00408737051751, 39.962177769678362 ], [ -83.004099938711761, 39.962173452888997 ], [ -83.004111907996702, 39.962168224455567 ], [ -83.004123167023252, 39.962162133017742 ], [ -83.004133611049838, 39.962155235243607 ], [ -83.004143142916902, 39.962147595302561 ], [ -83.004151673950673, 39.962139284268268 ], [ -83.004159124788131, 39.962130379457449 ], [ -83.004165426115293, 39.962120963710724 ], [ -83.004170519312055, 39.962111124621742 ], [ -83.004174356997453, 39.96210095372254 ], [ -83.004176903470494, 39.96209054563186 ], [ -83.00417813504221, 39.962079997174953 ], [ -83.004178040256036, 39.962069406482897 ], [ -83.004176619994368, 39.962058872079567 ], [ -83.004175240023272, 39.962053629945736 ], [ -83.004174762639664, 39.962051209289939 ], [ -83.00417804588389, 39.962051047714965 ], [ -83.004197628032216, 39.962050819938483 ], [ -83.004217218741331, 39.962049549768871 ], [ -83.00423263519572, 39.962047720430029 ], [ -83.004246601218398, 39.962045508531496 ], [ -83.004260210651339, 39.962042235146569 ], [ -83.004276577574871, 39.96203759595457 ], [ -83.004286580691101, 39.962034424242979 ], [ -83.004296242775979, 39.962030678459882 ], [ -83.00431546827906, 39.962022507743633 ], [ -83.004318410369223, 39.962021394535839 ], [ -83.004320739110938, 39.962023170353632 ], [ -83.004480347872871, 39.962157055568468 ], [ -83.004490646039542, 39.96216486064607 ], [ -83.004501917492263, 39.962171824000656 ], [ -83.004514046578237, 39.962177874183361 ], [ -83.004526908844568, 39.962182949114954 ], [ -83.00454037231539, 39.962186996723005 ], [ -83.004554298845918, 39.9621899754762 ], [ -83.004562738297963, 39.962191088755795 ], [ -83.004565752168858, 39.962191593507882 ], [ -83.004568117501066, 39.962193413847679 ], [ -83.004676314964939, 39.962285010791966 ], [ -83.004686449185201, 39.962292770771903 ], [ -83.004697541628246, 39.962299711477016 ], [ -83.004709480948804, 39.962305763236756 ], [ -83.004722147300583, 39.962310865303792 ], [ -83.004735413539279, 39.962314966463737 ], [ -83.004749146498867, 39.962318025549258 ], [ -83.004763208328342, 39.962320011853357 ], [ -83.004777457875463, 39.962320905437565 ], [ -83.004791752103628, 39.962320697332103 ], [ -83.004805947527771, 39.962319389625947 ], [ -83.004814842170191, 39.962318219910472 ], [ -83.004818201120074, 39.962317906432389 ], [ -83.004820668467715, 39.962319688073393 ], [ -83.004847272442916, 39.962340859369597 ], [ -83.004856572635603, 39.962347625067864 ], [ -83.004866623203242, 39.962353722340154 ], [ -83.004877343298091, 39.962359102139331 ], [ -83.004888646686652, 39.962363721189703 ], [ -83.004979421971342, 39.962396889516313 ], [ -83.004982437458253, 39.962398134586039 ], [ -83.004983095459053, 39.962400718802179 ], [ -83.005007304326512, 39.962528897192279 ], [ -83.005007632582746, 39.96253157480038 ], [ -83.005002499239993, 39.962535329527583 ], [ -83.005002560079078, 39.962535378779272 ], [ -83.004996033067158, 39.962540153083268 ], [ -83.004986680328869, 39.962548523553608 ], [ -83.004978467040544, 39.962557574332735 ], [ -83.004971476211978, 39.962567213947011 ], [ -83.00496577849799, 39.962577344971592 ], [ -83.004961431484347, 39.962587865015067 ], [ -83.004958479105781, 39.962598667754207 ], [ -83.004956951201819, 39.962609644008708 ], [ -83.004956863215241, 39.962620682844431 ], [ -83.004958216036016, 39.962631672694791 ], [ -83.004989969931671, 39.962799321960588 ], [ -83.004992750759314, 39.962810154395278 ], [ -83.004996931310998, 39.962820717159062 ], [ -83.005002469314718, 39.962830903444058 ], [ -83.005009308772202, 39.962840610249174 ], [ -83.005017380525146, 39.962849739421742 ], [ -83.005026602954459, 39.962858198649826 ], [ -83.005036882805626, 39.962865902395805 ], [ -83.005048116131661, 39.96287277276133 ], [ -83.005060189344121, 39.96287874027491 ], [ -83.00507298036176, 39.962883744594436 ], [ -83.005086359844981, 39.962887735117484 ], [ -83.005100192503633, 39.962890671492787 ], [ -83.005114338465191, 39.962892524028391 ], [ -83.005128654688932, 39.962893273991895 ], [ -83.005142996412516, 39.962892913799834 ], [ -83.005157218615778, 39.962891447094442 ], [ -83.005194197933093, 39.962886165344969 ], [ -83.005196986419861, 39.962885854320433 ], [ -83.005199798136374, 39.962885713941546 ], [ -83.005211742062244, 39.962885482166627 ], [ -83.005215096604104, 39.962885541010465 ], [ -83.005217456211497, 39.962887376712601 ], [ -83.005410232084117, 39.963052496501568 ], [ -83.005420006530642, 39.963060090295301 ], [ -83.005430694111581, 39.963066916875988 ], [ -83.005442193567859, 39.963072911565298 ], [ -83.005454395948192, 39.963078017566666 ], [ -83.005467185641407, 39.963082186503293 ], [ -83.005480441471761, 39.963085378876656 ], [ -83.005494037847001, 39.963087564440606 ], [ -83.005507845948401, 39.963088722488067 ], [ -83.005521734951145, 39.963088842047085 ], [ -83.005535573263955, 39.963087921984943 ], [ -83.005638820838925, 39.963077140755637 ], [ -83.005652723355254, 39.963075144826142 ], [ -83.005666300845306, 39.963072099768574 ], [ -83.005679419948905, 39.963068035491958 ], [ -83.005691951808259, 39.963062991916217 ], [ -83.005703773333721, 39.963057018580152 ], [ -83.005727754167509, 39.963043546780447 ], [ -83.005730815217717, 39.963042007788793 ], [ -83.005734422804252, 39.963041549069935 ], [ -83.005780569819706, 39.963037559146386 ], [ -83.005784152071755, 39.963037392514998 ], [ -83.005786743760396, 39.963039302746388 ], [ -83.005898271869341, 39.963130431191573 ], [ -83.005900674140662, 39.963132614842138 ], [ -83.005901314762852, 39.963135433066384 ], [ -83.005943535159162, 39.963404338752248 ], [ -83.005945700154427, 39.963414274607189 ], [ -83.005949039475155, 39.963424015955923 ], [ -83.005953525011975, 39.963433480797413 ], [ -83.005959119006846, 39.963442589458154 ], [ -83.005965774370821, 39.963451265262918 ], [ -83.005973435080506, 39.963459435180127 ], [ -83.006041861265373, 39.963525769631531 ], [ -83.006046146761861, 39.963529729618273 ], [ -83.006132407546701, 39.963605737892301 ], [ -83.006142256878448, 39.963613591908548 ], [ -83.00615307083973, 39.963620654726242 ], [ -83.006164742589107, 39.963626856564943 ], [ -83.006177156810182, 39.963632136150636 ], [ -83.006190190850873, 39.963636441321107 ], [ -83.006203715935158, 39.963639729541363 ], [ -83.006217598435512, 39.963641968323856 ], [ -83.006231701193059, 39.963643135549432 ], [ -83.006245884872754, 39.963643219685913 ], [ -83.006260009340053, 39.963642219902034 ], [ -83.006425922702846, 39.963624039748979 ], [ -83.006429436926012, 39.963623793881531 ], [ -83.00643183565866, 39.963625785342664 ], [ -83.006514635373875, 39.963701940587967 ], [ -83.006523045002339, 39.963709022311292 ], [ -83.006707203688748, 39.963851106747001 ], [ -83.006708394840757, 39.963852048017934 ], [ -83.00689409559304, 39.964002348667037 ], [ -83.007090299231692, 39.964161148475775 ], [ -83.007357698909004, 39.964377572659494 ], [ -83.007359753606863, 39.964379409755168 ], [ -83.007356603751859, 39.96437941898273 ], [ -83.007087610977777, 39.964369951599593 ], [ -83.00708594954321, 39.964369878172668 ], [ -83.006952418451149, 39.964362773568141 ], [ -83.006937780105559, 39.964362574002962 ], [ -83.00692319222766, 39.96436352959644 ], [ -83.006908808368223, 39.964365630290104 ], [ -83.00689477993059, 39.964368853972196 ], [ -83.006881254576996, 39.964373166710523 ], [ -83.00686837467434, 39.964378523109517 ], [ -83.006856275795627, 39.964384866788144 ], [ -83.00684508529298, 39.964392130973323 ], [ -83.006834920957132, 39.964400239202753 ], [ -83.006825889777517, 39.96440910612975 ], [ -83.006822702782998, 39.964412589420391 ], [ -83.006821991149096, 39.964412735654278 ], [ -83.006809183008045, 39.964414866108392 ], [ -83.006795239784651, 39.964418370769771 ], [ -83.006781837765857, 39.96442295828701 ], [ -83.006769118552839, 39.964428580189995 ], [ -83.006757216532549, 39.964435177079672 ], [ -83.006746257457891, 39.964442679255534 ], [ -83.006736357119038, 39.964451007452155 ], [ -83.006729743625968, 39.964457870153552 ], [ -83.006728662447884, 39.9644588865145 ], [ -83.006725532867421, 39.964457850924951 ], [ -83.006633158158351, 39.964423006876423 ], [ -83.006622390774695, 39.964419360901701 ], [ -83.006528782254904, 39.964391147433602 ], [ -83.006517661195133, 39.964388196264146 ], [ -83.006421350797652, 39.964366011396059 ], [ -83.006409951634936, 39.964363775086461 ], [ -83.0063133509762, 39.964348055510655 ], [ -83.006298190425127, 39.964346237238175 ], [ -83.00623016423495, 39.964340941156145 ], [ -83.006216178180196, 39.964340383786443 ], [ -83.006202188476891, 39.964340884011158 ], [ -83.006188329866774, 39.964342437012384 ], [ -83.006174735828978, 39.96434502783238 ], [ -83.00616153729446, 39.96434863151768 ], [ -83.006148861384929, 39.964353213359416 ], [ -83.006136830188495, 39.964358729227513 ], [ -83.006125559583808, 39.964365125995968 ], [ -83.006115158123961, 39.964372342054233 ], [ -83.006105725990935, 39.964380307900811 ], [ -83.006097354030771, 39.964388946812569 ], [ -83.006090122878504, 39.964398175583725 ], [ -83.006084102181561, 39.964407905327178 ], [ -83.006079349928925, 39.96441804233077 ], [ -83.006075911892594, 39.964428488959655 ], [ -83.006073821186718, 39.964439144596831 ], [ -83.006073097948615, 39.964449906612202 ], [ -83.006073749144818, 39.964460671351013 ], [ -83.006075768503933, 39.964471335132224 ], [ -83.006079136577029, 39.964481795247153 ], [ -83.006083820924957, 39.96449195094862 ], [ -83.006089776430713, 39.964501704421529 ], [ -83.006096945734029, 39.964510961724685 ], [ -83.006105259783766, 39.964519633695787 ], [ -83.006114638503021, 39.964527636810203 ], [ -83.00612499156037, 39.964534893985359 ], [ -83.006136219239835, 39.964541335323254 ], [ -83.006275666323631, 39.964613423941664 ], [ -83.006287688045006, 39.964618998778803 ], [ -83.006300363364389, 39.964623637884351 ], [ -83.006313569653528, 39.964627296376925 ], [ -83.006327179147206, 39.964629938862153 ], [ -83.006341060179295, 39.964631539775098 ], [ -83.00635507845665, 39.964632083627592 ], [ -83.006369098358292, 39.964631565158129 ], [ -83.006450375216673, 39.964625465547677 ], [ -83.006453955404496, 39.964625338429933 ], [ -83.006456978086177, 39.964626820231146 ], [ -83.006798330654021, 39.964813687249659 ], [ -83.006887918383356, 39.964862738585168 ], [ -83.006993062136686, 39.964920307822133 ], [ -83.007107057281715, 39.964982721911355 ], [ -83.007110074748965, 39.964984571753646 ], [ -83.007112362471915, 39.964986317814848 ], [ -83.007127948537686, 39.964999880187804 ], [ -83.007370490295429, 39.965210925966794 ], [ -83.007372662096685, 39.965213020485031 ], [ -83.007370853856955, 39.965215331361975 ], [ -83.007367053355921, 39.965219666283751 ], [ -83.007360321965365, 39.965229285469391 ], [ -83.007354866136538, 39.965239371746115 ], [ -83.007350739877793, 39.96524982526887 ], [ -83.007347984036016, 39.965260542557068 ], [ -83.007346625892225, 39.965271417519133 ], [ -83.007346678891508, 39.965282342502519 ], [ -83.007348142509883, 39.965293209359523 ], [ -83.007351002259469, 39.965303910517726 ], [ -83.007355229831845, 39.965314340045047 ], [ -83.007360783378331, 39.965324394698158 ], [ -83.007367607924152, 39.965333974944656 ], [ -83.007375635912709, 39.965342985948347 ], [ -83.007384787874145, 39.965351338507944 ], [ -83.007394973212257, 39.96535894994026 ], [ -83.007406091101117, 39.965365744898534 ], [ -83.007418031483269, 39.965371656118435 ], [ -83.007430676159146, 39.965376625083863 ], [ -83.00744389995721, 39.965380602606189 ], [ -83.007457571973006, 39.965383549311312 ], [ -83.007471556865028, 39.965385436029266 ], [ -83.007485716194523, 39.965386244083184 ], [ -83.007499909795939, 39.965385965473978 ], [ -83.007513997164438, 39.965384602959638 ], [ -83.00752783884684, 39.965382170027915 ], [ -83.007541297822058, 39.965378690762826 ], [ -83.007554240857559, 39.965374199606188 ], [ -83.007566539828218, 39.96536874101664 ], [ -83.007578072984714, 39.965362369029663 ], [ -83.007588726158772, 39.965355146722558 ], [ -83.007602711078263, 39.965344669896275 ], [ -83.007612609070648, 39.965336457546364 ], [ -83.007621368344019, 39.965327512064377 ], [ -83.007628897763809, 39.965317926522694 ], [ -83.007635118991459, 39.965307800653129 ], [ -83.007639967299454, 39.965297239809189 ], [ -83.007643392244731, 39.965286353870049 ], [ -83.007645358193528, 39.965275256097186 ], [ -83.00764584469205, 39.96526406195607 ], [ -83.007645758048028, 39.965260273071252 ], [ -83.00764808489788, 39.965258380640591 ], [ -83.007741192240417, 39.96518965324708 ], [ -83.007767342375104, 39.965170350089814 ], [ -83.007769815924959, 39.965168690313249 ], [ -83.007772809273263, 39.96516972585399 ], [ -83.008232963875471, 39.965349582756467 ], [ -83.008245160124517, 39.965353808754699 ], [ -83.008257817015775, 39.965357137523377 ], [ -83.008570150924314, 39.965426886846487 ], [ -83.008586357530049, 39.965429730345669 ], [ -83.00860288391128, 39.965431104423338 ], [ -83.0086216062153, 39.965431816125985 ], [ -83.008624925293773, 39.96543206803171 ], [ -83.008624938104845, 39.965434634325213 ], [ -83.008606857171145, 39.965742816925129 ], [ -83.008606539568959, 39.965745393919519 ], [ -83.008603175539307, 39.965745376213306 ], [ -83.0083881320909, 39.965736054218311 ], [ -83.008363570493586, 39.96573493604032 ], [ -83.007158676662939, 39.965680041799764 ], [ -83.007155501309697, 39.965679778668068 ], [ -83.00715620643247, 39.965678688620308 ] ], [ [ -83.002871820855347, 39.963952775553167 ], [ -83.0028597948141, 39.963947581999861 ], [ -83.002847173432414, 39.963943305941349 ], [ -83.002834074584101, 39.963939987312592 ], [ -83.002822393710161, 39.963937964206245 ], [ -83.002828426147147, 39.963935633346154 ], [ -83.002840438032635, 39.963929773027481 ], [ -83.002851632130231, 39.963923021729123 ], [ -83.002861897239697, 39.963915446517461 ], [ -83.002871131389284, 39.963907122643526 ], [ -83.002879242848735, 39.963898132795421 ], [ -83.002886151040528, 39.963888566276836 ], [ -83.002891787340317, 39.96387851812004 ], [ -83.002896095758587, 39.963868088141801 ], [ -83.00289903349686, 39.963857379951712 ], [ -83.002900571372763, 39.963846499923086 ], [ -83.002900694109982, 39.963835556136175 ], [ -83.002899400489952, 39.963824657304578 ], [ -83.00289838281256, 39.963819137770614 ], [ -83.002895787272024, 39.963808712775531 ], [ -83.002891895746274, 39.963798529328415 ], [ -83.00288674460009, 39.963788682588039 ], [ -83.002880381968623, 39.963779264566838 ], [ -83.002872867307673, 39.963770363271017 ], [ -83.002864270837975, 39.963762061878285 ], [ -83.002854672889143, 39.963754437960489 ], [ -83.00284416314895, 39.963747562758947 ], [ -83.002832839825246, 39.963741500518502 ], [ -83.002820808728259, 39.96373630788738 ], [ -83.002808182281925, 39.96373203338775 ], [ -83.002795078473284, 39.963728716962414 ], [ -83.002781619749996, 39.963726389601447 ], [ -83.002767931876136, 39.963725073052743 ], [ -83.002754142757055, 39.963724779618637 ], [ -83.002740381244152, 39.963725512041165 ], [ -83.002726775930896, 39.963727263476223 ], [ -83.002713453951117, 39.963730017557651 ], [ -83.002700539791164, 39.963733748550126 ], [ -83.002688154126545, 39.963738421589667 ], [ -83.00267641269437, 39.963743993009388 ], [ -83.002665425211831, 39.963750410747508 ], [ -83.002655294350959, 39.96375761483386 ], [ -83.002646114779253, 39.963765537950358 ], [ -83.002637972274997, 39.96377410605988 ], [ -83.002630942925776, 39.963783239098149 ], [ -83.002625092417404, 39.963792851722047 ], [ -83.002620475420201, 39.963802854106824 ], [ -83.002617135078026, 39.963813152785626 ], [ -83.002615102605134, 39.963823651522887 ], [ -83.002614396994502, 39.963834252213516 ], [ -83.002614386432199, 39.963837132246084 ], [ -83.002615031960801, 39.963847879329741 ], [ -83.002617041167497, 39.963858526219525 ], [ -83.00262039476516, 39.963868970708631 ], [ -83.002621422983211, 39.963871610212394 ], [ -83.002626180632546, 39.963881923938388 ], [ -83.002632248893235, 39.963891822010048 ], [ -83.002639567484735, 39.963901206101617 ], [ -83.00264806370582, 39.963909982992966 ], [ -83.002657653156731, 39.963918065495861 ], [ -83.002668240577748, 39.963925373319967 ], [ -83.002679720795257, 39.963931833870397 ], [ -83.002691979766666, 39.963937382969036 ], [ -83.002704895713322, 39.963941965491905 ], [ -83.002718340330119, 39.96394553591692 ], [ -83.002731658436076, 39.963947963688547 ], [ -83.002727172866543, 39.963949653807241 ], [ -83.002715430671671, 39.963955218665653 ], [ -83.002704441383543, 39.963961629698417 ], [ -83.002694307633732, 39.963968827031501 ], [ -83.002685124063774, 39.963976743447454 ], [ -83.002676976441393, 39.963985305013139 ], [ -83.002669940859448, 39.963994431770146 ], [ -83.002664083025266, 39.964004038481647 ], [ -83.002659457647027, 39.964014035428349 ], [ -83.00265610792276, 39.964024329246421 ], [ -83.002654065136895, 39.96403482379943 ], [ -83.002653348368113, 39.964045421076193 ], [ -83.002653346528817, 39.9640458077793 ], [ -83.00265324490401, 39.964046062651519 ], [ -83.002649797647678, 39.964056512822388 ], [ -83.002647698864294, 39.964067172757659 ], [ -83.002646968788412, 39.964077939687058 ], [ -83.002647614459192, 39.964088709808841 ], [ -83.002649629652481, 39.964099379290367 ], [ -83.002652994940831, 39.964109845269249 ], [ -83.00265767788072, 39.964120006844979 ], [ -83.002663633325355, 39.964129766051684 ], [ -83.002668830669109, 39.964136479875123 ], [ -83.002669721245212, 39.964137771231663 ], [ -83.002671181612612, 39.964141523950197 ], [ -83.002675935975887, 39.964151839650718 ], [ -83.002682001346258, 39.964161739897257 ], [ -83.002689317460749, 39.964171126324182 ], [ -83.002697811629304, 39.964179905670974 ], [ -83.002707399456995, 39.964187990708879 ], [ -83.002717985682551, 39.964195301107516 ], [ -83.002729465124844, 39.964201764233032 ], [ -83.002741723727922, 39.964207315869821 ], [ -83.002754639694203, 39.964211900858515 ], [ -83.002768084694736, 39.96421547364411 ], [ -83.002781925144092, 39.964217998728444 ], [ -83.002796023527807, 39.964219451023091 ], [ -83.002810239768579, 39.964219816098442 ], [ -83.002824432618098, 39.964219090327241 ], [ -83.002838461060492, 39.964217280920536 ], [ -83.002852185713365, 39.964214405856033 ], [ -83.002865470212782, 39.964210493699518 ], [ -83.002878182568054, 39.964205583320975 ], [ -83.002890196473231, 39.964199723508408 ], [ -83.002901392562052, 39.964192972483161 ], [ -83.002911659593877, 39.964185397321273 ], [ -83.002920895559029, 39.964177073287189 ], [ -83.002929008692277, 39.964168083085866 ], [ -83.002935918384537, 39.964158516041074 ], [ -83.002941555983895, 39.964148467207849 ], [ -83.002945865477557, 39.96413803642811 ], [ -83.002948804048458, 39.964127327338566 ], [ -83.002950342500554, 39.964116446341158 ], [ -83.002950465548992, 39.964105501545781 ], [ -83.002949171971864, 39.964094601696068 ], [ -83.002942583416925, 39.964058865900924 ], [ -83.002937334653481, 39.964030398590253 ], [ -83.002934740007575, 39.964019976482746 ], [ -83.002930850088319, 39.964009795761697 ], [ -83.002925701225166, 39.96399995150724 ], [ -83.002919341505034, 39.963990535657189 ], [ -83.002911830323328, 39.963981636148311 ], [ -83.002903237829059, 39.963973336095101 ], [ -83.002893644269818, 39.963965713013657 ], [ -83.002883139242257, 39.963958838097568 ], [ -83.002871820855347, 39.963952775553167 ] ] ], [ [ [ -83.005117246533018, 39.965857020213271 ], [ -83.005119116435253, 39.965866759787978 ], [ -83.00511724653299, 39.965857020213271 ], [ -83.005117246533018, 39.965857020213271 ] ] ], [ [ [ -83.005242389071597, 39.955952651155613 ], [ -83.00518118686206, 39.956003646653492 ], [ -83.005175663893652, 39.956008529819954 ], [ -83.005118473016537, 39.956062212299599 ], [ -83.005113333574371, 39.956067337454023 ], [ -83.005060601266322, 39.95612325686816 ], [ -83.005054699165996, 39.95612873043283 ], [ -83.005012663535211, 39.956162933561643 ], [ -83.005004549317874, 39.956170138216798 ], [ -83.004967502846569, 39.956206072440686 ], [ -83.004960231308502, 39.956213791614225 ], [ -83.004927374914018, 39.956252063474771 ], [ -83.004921000875939, 39.956260238972909 ], [ -83.004892582266677, 39.95630055994377 ], [ -83.004887153783514, 39.956309130132503 ], [ -83.004862275460539, 39.956353164006103 ], [ -83.004860775554704, 39.956355505807956 ], [ -83.004858724501574, 39.956357585463806 ], [ -83.004736948349802, 39.956469517449683 ], [ -83.004731507139994, 39.956474518330168 ], [ -83.004721281099052, 39.956485159185114 ], [ -83.004712792855472, 39.956496669539042 ], [ -83.00471077665209, 39.956499833890888 ], [ -83.004708821516331, 39.956502854232312 ], [ -83.004706939036026, 39.956505728162846 ], [ -83.004704951102894, 39.956508712863538 ], [ -83.004704535863368, 39.956509325250579 ], [ -83.004697419886185, 39.956519652287348 ], [ -83.004696643103003, 39.956520749251801 ], [ -83.004688695996208, 39.956531674367312 ], [ -83.00468813287857, 39.956532434234639 ], [ -83.004685710862034, 39.956535642817293 ], [ -83.004683301000739, 39.956538785178424 ], [ -83.004681550786998, 39.956540946830458 ], [ -83.004647895419296, 39.956580417330059 ], [ -83.004645995251593, 39.956582535806334 ], [ -83.004643817419208, 39.956584846048969 ], [ -83.004640341194545, 39.956588479527952 ], [ -83.004639690272398, 39.956589147918116 ], [ -83.004629829473984, 39.956599108279491 ], [ -83.004628831060998, 39.95660009331985 ], [ -83.004619365102997, 39.956609216523987 ], [ -83.004618747676034, 39.956609803274333 ], [ -83.004616559212337, 39.956611854011506 ], [ -83.004613822658072, 39.956614388553035 ], [ -83.004609262614551, 39.956618546299225 ], [ -83.004602457484992, 39.956625263194738 ], [ -83.004596349322966, 39.956632365790419 ], [ -83.004500764693589, 39.956753468734291 ], [ -83.00449834200171, 39.956756160368478 ], [ -83.004495518389646, 39.956758609700721 ], [ -83.004439807992412, 39.956801463467116 ], [ -83.004437081858342, 39.956803352211089 ], [ -83.004433495007262, 39.956803943280001 ], [ -83.004224801935507, 39.956829653931443 ], [ -83.003607420427514, 39.956906010159877 ], [ -83.003603971141658, 39.956906301869708 ], [ -83.00360152520831, 39.9569044076393 ], [ -83.003528970265933, 39.956842309871377 ], [ -83.003518951991907, 39.956834550344276 ], [ -83.003507980244052, 39.956827596372797 ], [ -83.003496163898745, 39.95682151696338 ], [ -83.003483620213444, 39.956816372443896 ], [ -83.0034704736631, 39.956812213865 ], [ -83.00345685470505, 39.956809082493507 ], [ -83.003442898484423, 39.956807009402979 ], [ -83.003428743493004, 39.956806015165398 ], [ -83.003414530195073, 39.95680610964677 ], [ -83.003400399633449, 39.956807291909605 ], [ -83.003386492029989, 39.956809550221912 ], [ -83.003372945394048, 39.956812862173798 ], [ -83.003359894153078, 39.956817194899742 ], [ -83.003347467818642, 39.95682250540478 ], [ -83.003335789701211, 39.956828740991128 ], [ -83.003324975686596, 39.956835839781149 ], [ -83.00331513308592, 39.956843731331304 ], [ -83.003306359570743, 39.956852337331249 ], [ -83.003298742203896, 39.956861572380873 ], [ -83.003292356575443, 39.956871344837836 ], [ -83.003287266052581, 39.956881557726781 ], [ -83.003283521150834, 39.95689210970189 ], [ -83.003281159032753, 39.95690289605232 ], [ -83.003280203139099, 39.956913809741465 ], [ -83.003280201260495, 39.956913892471995 ], [ -83.003279908701288, 39.956916138590117 ], [ -83.003279694962984, 39.95691729643216 ], [ -83.003279163082652, 39.956919516386385 ], [ -83.003278395493098, 39.956921695101464 ], [ -83.00327793773657, 39.956922810250639 ], [ -83.003276939650249, 39.956924932931322 ], [ -83.003275717845028, 39.956926985162958 ], [ -83.003275028483245, 39.956928027379654 ], [ -83.003273591256033, 39.956929995225934 ], [ -83.003271948366844, 39.956931865323575 ], [ -83.003271046093232, 39.956932806345954 ], [ -83.003269208698484, 39.956934565995489 ], [ -83.00326718927559, 39.95693620324753 ], [ -83.003266098557191, 39.956937017557742 ], [ -83.003263910819626, 39.956938521293992 ], [ -83.003261569623888, 39.95693988130288 ], [ -83.003260320037768, 39.956940546819233 ], [ -83.003257841282434, 39.956941753865216 ], [ -83.003255241800275, 39.956942799751495 ], [ -83.00325370613011, 39.956943356872564 ], [ -83.003248624583577, 39.956945018554769 ], [ -83.003208337794561, 39.956956797538339 ], [ -83.003204698192675, 39.956957692602586 ], [ -83.003200954768033, 39.956958281825059 ], [ -83.003065908677058, 39.956973773422412 ], [ -83.003060409933184, 39.95697440410644 ], [ -83.003046502546312, 39.956976547724182 ], [ -83.003032940416261, 39.956979743314875 ], [ -83.003019857551692, 39.956983959302597 ], [ -83.003007383225679, 39.956989154028861 ], [ -83.002995640698359, 39.956995276164022 ], [ -83.002984745998958, 39.957002265214719 ], [ -83.002974806779335, 39.957010052121404 ], [ -83.002965921250265, 39.957018559940884 ], [ -83.002958177210999, 39.957027704606503 ], [ -83.002951651181689, 39.957037395758839 ], [ -83.002946407647272, 39.957047537638466 ], [ -83.00294249842031, 39.95705803003235 ], [ -83.002939962128963, 39.957068769263842 ], [ -83.002938823835265, 39.957079649217242 ], [ -83.002939094787507, 39.957090562386327 ], [ -83.002940772309046, 39.957101400936601 ], [ -83.002943839824681, 39.957112057770843 ], [ -83.002948267024522, 39.95712242758735 ], [ -83.002954010163307, 39.957132407920419 ], [ -83.00296101249279, 39.957141900152841 ], [ -83.002969204822335, 39.957150810490411 ], [ -83.002978506202666, 39.957159050888663 ], [ -83.002988824725691, 39.957166539922859 ], [ -83.003000058432661, 39.957173203592603 ], [ -83.003271201789175, 39.95731809952877 ], [ -83.003273790499023, 39.957319629730598 ], [ -83.003271890845951, 39.957321672546932 ], [ -83.003270147702537, 39.957323368657342 ], [ -83.003261793379892, 39.957332399642979 ], [ -83.003254664877701, 39.957342032843243 ], [ -83.003248834852073, 39.957352170073939 ], [ -83.003244362724857, 39.957362708013633 ], [ -83.003241294077839, 39.957373539256679 ], [ -83.003239660188214, 39.957384553407955 ], [ -83.003239477709727, 39.957395638207998 ], [ -83.003240748502975, 39.957406680677316 ], [ -83.003243459616314, 39.957417568267687 ], [ -83.003247583417917, 39.95742819000953 ], [ -83.003253077877375, 39.957438437642743 ], [ -83.003259886994002, 39.957448206720244 ], [ -83.003267941367682, 39.957457397672485 ], [ -83.003277158906101, 39.957465916822336 ], [ -83.003287445661513, 39.957473677339841 ], [ -83.003298696788249, 39.957480600127255 ], [ -83.003370857472632, 39.957520578044047 ], [ -83.00337334140923, 39.957521923515969 ], [ -83.003376752833475, 39.957523729899549 ], [ -83.003379147178222, 39.957525115499756 ], [ -83.003381381629566, 39.957526651141528 ], [ -83.003383286480783, 39.957528075592066 ], [ -83.003385345209296, 39.957529750396482 ], [ -83.003387213630219, 39.957531552498715 ], [ -83.003388781327587, 39.957533202473407 ], [ -83.003390446204548, 39.957535119106844 ], [ -83.003391895742936, 39.957537136693503 ], [ -83.003393081940914, 39.957538965519539 ], [ -83.003394305871851, 39.957541069766208 ], [ -83.003395295524498, 39.95754324576577 ], [ -83.003396066669012, 39.957545201711135 ], [ -83.003396815032431, 39.957547434048166 ], [ -83.003397316804922, 39.957549706908118 ], [ -83.003397651082466, 39.957551734644966 ], [ -83.003397902709295, 39.9575540319262 ], [ -83.003397902407812, 39.957556337354148 ], [ -83.003397790362555, 39.957558379523824 ], [ -83.003397538134863, 39.957560676766036 ], [ -83.003397035767804, 39.957562949548198 ], [ -83.003396480569037, 39.95756494838384 ], [ -83.003395731621467, 39.957567180604862 ], [ -83.003394741399163, 39.957569356451046 ], [ -83.003393758751713, 39.957571255411452 ], [ -83.003392534269622, 39.95757335946837 ], [ -83.00339108420242, 39.957575376830263 ], [ -83.003389701902336, 39.957577122199474 ], [ -83.00338469540354, 39.95758288324582 ], [ -83.003384805116383, 39.957582939709596 ], [ -83.003382674140326, 39.957585239166228 ], [ -83.003375119279923, 39.957595602837962 ], [ -83.003292491859895, 39.957724883468615 ], [ -83.003290679175535, 39.957727829230393 ], [ -83.003207063061581, 39.957869095000092 ], [ -83.003205364778523, 39.957872080864547 ], [ -83.003127233406005, 39.958015194131832 ], [ -83.003125651021122, 39.958018217468428 ], [ -83.003053073257973, 39.95816305215137 ], [ -83.003051608166118, 39.958166110296546 ], [ -83.002985141474895, 39.958311459643035 ], [ -83.002983783518985, 39.958314009994645 ], [ -83.002981788121346, 39.958316298754191 ], [ -83.002972976735165, 39.958325378578607 ], [ -83.002971229921485, 39.958327039376925 ], [ -83.002969320250344, 39.958328590377555 ], [ -83.002958194653033, 39.958336948112333 ], [ -83.002956133737015, 39.958338379883195 ], [ -83.002953934109399, 39.95833968371754 ], [ -83.002941256191633, 39.958346609717559 ], [ -83.0029389312283, 39.958347777686356 ], [ -83.002936495068198, 39.958348802687176 ], [ -83.002922572748318, 39.958354128735074 ], [ -83.002920040205836, 39.958355004534411 ], [ -83.002917426682203, 39.958355725806655 ], [ -83.002902598102651, 39.958359322544347 ], [ -83.002899919490915, 39.958359884902976 ], [ -83.002897192080511, 39.958360284928538 ], [ -83.002881817395107, 39.958362064999072 ], [ -83.002879057771793, 39.958362300258528 ], [ -83.002876282717452, 39.958362369321627 ], [ -83.002862492545319, 39.958362298513734 ], [ -83.002853453095142, 39.958361808771393 ], [ -83.002841018015971, 39.958360519702943 ], [ -83.002837963283341, 39.958360097957829 ], [ -83.00283496791495, 39.958359473006716 ], [ -83.002821652036047, 39.95835620892472 ], [ -83.002818738812607, 39.958355385520193 ], [ -83.002815929889564, 39.958354369924727 ], [ -83.002803552449407, 39.95834937661359 ], [ -83.002800869189628, 39.958348176550729 ], [ -83.002798331999458, 39.958346801147556 ], [ -83.002787268815126, 39.958340230219626 ], [ -83.002780137500267, 39.958335599080591 ], [ -83.002780109085293, 39.958335624992486 ], [ -83.002778568945757, 39.95833454492216 ], [ -83.00276732886276, 39.958328095143628 ], [ -83.002755320482947, 39.958322525415234 ], [ -83.002742659751021, 39.958317889514362 ], [ -83.002729468910289, 39.958314232202063 ], [ -83.002715875322323, 39.958311588790764 ], [ -83.002702010237314, 39.958309984803414 ], [ -83.002688007526785, 39.958309435726953 ], [ -83.002674002391075, 39.958309946862919 ], [ -83.00266013005394, 39.958311513276129 ], [ -83.002646524456893, 39.958314119842363 ], [ -83.002633316966097, 39.958317741394531 ], [ -83.002620635103895, 39.958322342965353 ], [ -83.002608601317576, 39.958327880125317 ], [ -83.002597331797205, 39.958334299411497 ], [ -83.002586935353619, 39.958341538843662 ], [ -83.002577512368035, 39.958349528522895 ], [ -83.00256915382262, 39.958358191306324 ], [ -83.002561940422197, 39.958367443552028 ], [ -83.002555941814919, 39.958377195926658 ], [ -83.00255121591978, 39.958387354267856 ], [ -83.002550816302559, 39.958388367605899 ], [ -83.002547486575736, 39.958388877505264 ], [ -83.00246060421037, 39.958398801228313 ], [ -83.00240301458102, 39.958405374393791 ], [ -83.002346060538571, 39.958411872559537 ], [ -83.002289865448134, 39.958418282784145 ], [ -83.002231354954574, 39.958424957388694 ], [ -83.002138033850912, 39.958435600576223 ], [ -83.002023641324868, 39.958448652500621 ], [ -83.00188704069862, 39.958464220872692 ], [ -83.001877328457397, 39.958465328257837 ], [ -83.001874002123827, 39.958465579959331 ], [ -83.001873349832081, 39.958463057306673 ], [ -83.001860698595905, 39.958397459175657 ], [ -83.00185941232283, 39.958390706916433 ], [ -83.001859375122265, 39.958390512841085 ], [ -83.001847492016552, 39.958328899921973 ], [ -83.001834498612055, 39.9582614606636 ], [ -83.001820788682366, 39.958190276873381 ], [ -83.001804094917262, 39.958103632757179 ], [ -83.001782725928194, 39.957992601852681 ], [ -83.001782388895492, 39.957989962529702 ], [ -83.001784572618689, 39.957986819908456 ], [ -83.001786858649552, 39.957983888608361 ], [ -83.001792814353465, 39.957974232241043 ], [ -83.001797521823264, 39.957964176008979 ], [ -83.001800936453222, 39.957953815201364 ], [ -83.001803025888108, 39.957943247993505 ], [ -83.001803770329829, 39.957932574516391 ], [ -83.00180316272494, 39.957921895907894 ], [ -83.001801208831509, 39.957911313354508 ], [ -83.001797927164489, 39.957900927132513 ], [ -83.001793348820286, 39.957890835657807 ], [ -83.001787517182052, 39.957881134553205 ], [ -83.00178048750864, 39.957871915742643 ], [ -83.001772326410901, 39.957863266579892 ], [ -83.001763111220569, 39.957855269020968 ], [ -83.001759053851004, 39.957852371959127 ], [ -83.00175619923543, 39.957850121353552 ], [ -83.001755568245159, 39.957847513175857 ], [ -83.001746302385783, 39.957795002170997 ], [ -83.001743784344669, 39.95778455358527 ], [ -83.001739965643083, 39.957774341241745 ], [ -83.001734882047003, 39.957764460787693 ], [ -83.001728581169161, 39.957755004761935 ], [ -83.001721122023056, 39.957746061728194 ], [ -83.001712574470318, 39.957737715445482 ], [ -83.001710131144122, 39.957735753973637 ], [ -83.001710695366569, 39.957734983246233 ], [ -83.001716408049575, 39.957724959760696 ], [ -83.001720795662081, 39.957714548411026 ], [ -83.001723814611225, 39.957703852639966 ], [ -83.001725434902639, 39.957692978716146 ], [ -83.001725640438451, 39.957682034678214 ], [ -83.001724429177244, 39.957671129261406 ], [ -83.001720906215951, 39.957651187977326 ], [ -83.001708899575661, 39.957583144388295 ], [ -83.001696932566659, 39.957515320750666 ], [ -83.001694972461124, 39.957504207983959 ], [ -83.001684956221595, 39.957447427203952 ], [ -83.00167258504564, 39.957377224084411 ], [ -83.001672298924916, 39.95737466131672 ], [ -83.001675584927227, 39.957374190578854 ], [ -83.001775213906228, 39.957363779481746 ], [ -83.001826823745304, 39.957358374406631 ], [ -83.001938216820079, 39.957346742377403 ], [ -83.002021187045017, 39.957338069971108 ], [ -83.002078682243393, 39.957332059718382 ], [ -83.002135584699431, 39.957326111515634 ], [ -83.002194323616351, 39.957319971651486 ], [ -83.002251895689369, 39.957313953413255 ], [ -83.002332780876415, 39.957305510790356 ], [ -83.002346683820861, 39.957304059440681 ], [ -83.002350088260187, 39.957303834243724 ], [ -83.002350691096396, 39.957304309769171 ], [ -83.002361057910065, 39.957311714690007 ], [ -83.002372326454918, 39.95731829337354 ], [ -83.002384386003001, 39.957323981175669 ], [ -83.002397118053565, 39.957328722206192 ], [ -83.002410397497613, 39.95733246987831 ], [ -83.002424093847154, 39.957335187366184 ], [ -83.002438072517577, 39.957336847966943 ], [ -83.00245219614996, 39.957337435362916 ], [ -83.002466325961009, 39.957336943782259 ], [ -83.002480323106653, 39.95733537805534 ], [ -83.002494050046465, 39.957332753567513 ], [ -83.00250737189522, 39.957329096107834 ], [ -83.002520157748251, 39.95732444161564 ], [ -83.002532281967859, 39.957318835827451 ], [ -83.002543625417829, 39.957312333827495 ], [ -83.002554076634112, 39.957304999506441 ], [ -83.002563532920149, 39.957296904933578 ], [ -83.00257190135595, 39.957288129648667 ], [ -83.002579099711156, 39.957278759880268 ], [ -83.002585057253086, 39.95726888769849 ], [ -83.002589715441701, 39.957258610110337 ], [ -83.002593028504904, 39.957248028106321 ], [ -83.002594963888214, 39.957237245668267 ], [ -83.002595502574621, 39.957226368747406 ], [ -83.002594678501453, 39.957215997925438 ], [ -83.002594675616848, 39.957215799579281 ], [ -83.002597185296707, 39.95721288746563 ], [ -83.002604477118481, 39.957203430086743 ], [ -83.002610503163993, 39.957193458860282 ], [ -83.002615202994861, 39.95718307379385 ], [ -83.002618529474162, 39.957172379045687 ], [ -83.002620449239245, 39.957161481879922 ], [ -83.002620943036305, 39.957150491590887 ], [ -83.0026200059134, 39.957139518406812 ], [ -83.002617647270171, 39.957128672384286 ], [ -83.002613890763527, 39.957118062304545 ], [ -83.00260877407031, 39.957107794582292 ], [ -83.002602348509399, 39.957097972198525 ], [ -83.002594678527018, 39.957088693667615 ], [ -83.002585841050319, 39.957080052049335 ], [ -83.002575924715813, 39.957072134015398 ], [ -83.002565028980413, 39.957065018980224 ], [ -83.002553263123886, 39.957058778304592 ], [ -83.002540745152828, 39.957053474579737 ], [ -83.002527600617142, 39.957049160999645 ], [ -83.002513961350786, 39.957045880827671 ], [ -83.002499964149621, 39.957043666962463 ], [ -83.002485749399355, 39.957042541608089 ], [ -83.002471459667589, 39.957042516051409 ], [ -83.00245723827399, 39.957043590548658 ], [ -83.002410149574445, 39.95704899175044 ], [ -83.002406728111097, 39.957049253936326 ], [ -83.002406661106974, 39.957049238524256 ], [ -83.002392999477195, 39.95704665319743 ], [ -83.002379073418979, 39.957045115782023 ], [ -83.002365018314862, 39.957044641224009 ], [ -83.002350970801913, 39.957045234136871 ], [ -83.002337067443364, 39.957046888756558 ], [ -83.00232344340111, 39.957049588997684 ], [ -83.002310231121655, 39.957053308609723 ], [ -83.002297559048671, 39.957058011432416 ], [ -83.00228829161658, 39.957062364222146 ], [ -83.002286893746685, 39.957062951586927 ], [ -83.002283517006532, 39.957063497829054 ], [ -83.002172516946985, 39.957077145042582 ], [ -83.002068498505338, 39.957089931861425 ], [ -83.001959741628312, 39.957103302711701 ], [ -83.001848199898134, 39.957117014952878 ], [ -83.001631083330096, 39.957143706786681 ], [ -83.001627740545402, 39.957143988277821 ], [ -83.001627081774501, 39.95714145059182 ], [ -83.001610786315837, 39.957057198273169 ], [ -83.001593013807863, 39.956965308917923 ], [ -83.001574024231942, 39.956867121235071 ], [ -83.001561183864226, 39.956800729521746 ], [ -83.001529549756853, 39.956637163699597 ], [ -83.001529207754572, 39.956634505622212 ], [ -83.001530127389302, 39.956630934524902 ], [ -83.001532183656423, 39.956620183821471 ], [ -83.001532849078856, 39.956609329352844 ], [ -83.001532117140542, 39.956598477420116 ], [ -83.001529995010245, 39.956587734299482 ], [ -83.001526503471212, 39.956577205201484 ], [ -83.001521676717744, 39.956566993240592 ], [ -83.001515562020145, 39.956557198425457 ], [ -83.001512196230863, 39.956552427264377 ], [ -83.001511506557179, 39.956549802384316 ], [ -83.001412566090607, 39.956046051780476 ], [ -83.001412230417671, 39.956043511207952 ], [ -83.001415474654266, 39.956042974693602 ], [ -83.001710004407855, 39.956005699859524 ], [ -83.002068597754743, 39.955960318743884 ], [ -83.002072077551844, 39.955960013537819 ], [ -83.002072930169277, 39.955960135362368 ], [ -83.00208450845011, 39.955962262845844 ], [ -83.002098131654307, 39.955963718329322 ], [ -83.002111873663111, 39.955964157628038 ], [ -83.002125606789136, 39.955963576660146 ], [ -83.00213920342749, 39.955961980823851 ], [ -83.002152537241543, 39.955959384947278 ], [ -83.002165484336757, 39.955955813150702 ], [ -83.00217792441201, 39.955951298622338 ], [ -83.002186909027742, 39.955947181453702 ], [ -83.002188333309476, 39.955946598835936 ], [ -83.002191688718256, 39.955946079724868 ], [ -83.002261345812627, 39.955937976534038 ], [ -83.002347584396446, 39.955927948425071 ], [ -83.002515049364575, 39.955908492566316 ], [ -83.002597061852839, 39.955898924292406 ], [ -83.002678347900385, 39.955889468043445 ], [ -83.002846280602199, 39.955869930641349 ], [ -83.002849670281265, 39.95586966599231 ], [ -83.002853900795998, 39.955872884831045 ], [ -83.002864295630772, 39.955880054908882 ], [ -83.002875551129435, 39.955886408988974 ], [ -83.002887559563334, 39.955891886255031 ], [ -83.002900205997236, 39.955896434282884 ], [ -83.002913369389375, 39.955900009542361 ], [ -83.00292692375001, 39.955902577813859 ], [ -83.002940739347324, 39.955904114515839 ], [ -83.002954683949071, 39.955904604940208 ], [ -83.002968624088254, 39.955904044393009 ], [ -83.002982426340623, 39.955902438239335 ], [ -83.002995958601645, 39.955899801852048 ], [ -83.003009091351061, 39.955896160464647 ], [ -83.003021698892354, 39.955891548929621 ], [ -83.003033660556071, 39.955886011385047 ], [ -83.003044861854605, 39.955879600831977 ], [ -83.003055195578085, 39.955872378627205 ], [ -83.003064562820484, 39.955864413896066 ], [ -83.003072873926257, 39.955855782870664 ], [ -83.003080049348469, 39.955846568160389 ], [ -83.003082639633035, 39.955842839337912 ], [ -83.003085989630179, 39.955842325711885 ], [ -83.004348825077486, 39.955697836182303 ], [ -83.004358982530235, 39.955697240527783 ], [ -83.004680472490307, 39.955696125220733 ], [ -83.004683464147774, 39.955696211735003 ], [ -83.004686384169943, 39.95569668163337 ], [ -83.004946318474708, 39.955747313634163 ], [ -83.004949526883181, 39.955748064962926 ], [ -83.004951889258251, 39.955749520988924 ], [ -83.004963494516204, 39.955755966103553 ], [ -83.004975880363318, 39.955761484108969 ], [ -83.004988922190407, 39.955766019490611 ], [ -83.005002488788591, 39.955769526619633 ], [ -83.005344385793506, 39.955843451352408 ], [ -83.005347797452941, 39.955844322397951 ], [ -83.005346385796699, 39.955846649719746 ], [ -83.00533401684234, 39.955864653754844 ], [ -83.005327196372747, 39.95587613384923 ], [ -83.005317711984191, 39.955894878420835 ], [ -83.005316132968531, 39.955897559858869 ], [ -83.005313524024317, 39.955899712898713 ], [ -83.005248276368633, 39.955948026950054 ], [ -83.005242389071597, 39.955952651155613 ] ], [ [ -83.002211133298019, 39.957660842422278 ], [ -83.002219055354445, 39.957651957134431 ], [ -83.002225807576437, 39.957642517083315 ], [ -83.002231324939061, 39.957632613178795 ], [ -83.002235554309436, 39.957622340797549 ], [ -83.002238454958402, 39.957611798864882 ], [ -83.002239998952717, 39.957601088901768 ], [ -83.002240171424006, 39.957590314047415 ], [ -83.002238970711971, 39.95757957806579 ], [ -83.002232159777563, 39.957540972276838 ], [ -83.002229597336651, 39.957530378195038 ], [ -83.002225697862031, 39.957520028415445 ], [ -83.002220498909537, 39.957510022615288 ], [ -83.002214050550066, 39.957500457158893 ], [ -83.002206414887254, 39.957491424169724 ], [ -83.00219766545942, 39.95748301064306 ], [ -83.00218788653126, 39.957475297608205 ], [ -83.002177172282344, 39.957468359348134 ], [ -83.002165625900062, 39.957462262684047 ], [ -83.002153358585815, 39.957457066331905 ], [ -83.002140488484144, 39.957452820336854 ], [ -83.002127139544839, 39.957449565591375 ], [ -83.002113440329225, 39.957447333441245 ], [ -83.002099522771999, 39.957446145384019 ], [ -83.002085520910697, 39.95744601286161 ], [ -83.002071569594733, 39.957446937150308 ], [ -83.002040977717471, 39.957450133980487 ], [ -83.001988043757081, 39.957455656950032 ], [ -83.001974275129101, 39.9574576272569 ], [ -83.001960823808076, 39.957460626781533 ], [ -83.001947819373413, 39.957464626628884 ], [ -83.001935387099536, 39.9574695882676 ], [ -83.001923646749262, 39.957475463901162 ], [ -83.001912711420061, 39.95748219692836 ], [ -83.001902686454514, 39.957489722488553 ], [ -83.001893668425566, 39.957497968086351 ], [ -83.001885744206248, 39.957506854290116 ], [ -83.001878990132738, 39.957516295497065 ], [ -83.00187347126905, 39.957526200757968 ], [ -83.001869240780209, 39.957536474653104 ], [ -83.001866339420062, 39.957547018211635 ], [ -83.001864795138715, 39.957557729865009 ], [ -83.001864622813244, 39.957568506425197 ], [ -83.001865824104343, 39.957579244079 ], [ -83.001872638337275, 39.957617858183482 ], [ -83.001875201191524, 39.957628451923085 ], [ -83.001879101003652, 39.957638801338547 ], [ -83.001884300217597, 39.957648806761014 ], [ -83.001890748763444, 39.957658371834434 ], [ -83.0018983845397, 39.957667404443448 ], [ -83.001907134011276, 39.957675817600446 ], [ -83.001916912917679, 39.957683530283404 ], [ -83.001927627084456, 39.957690468216114 ], [ -83.001939173330143, 39.957696564583493 ], [ -83.001951440459891, 39.957701760675057 ], [ -83.001964310336376, 39.95770600645033 ], [ -83.001977659017498, 39.957709261020746 ], [ -83.001991357950061, 39.957711493043476 ], [ -83.002005275207679, 39.957712681023189 ], [ -83.002019276761416, 39.95771281351918 ], [ -83.002033227770539, 39.957711889255421 ], [ -83.002057508523833, 39.957709351960403 ], [ -83.002116780045952, 39.957703158035216 ], [ -83.002130546026422, 39.957701185893647 ], [ -83.002143994536496, 39.957698184904345 ], [ -83.002156996063817, 39.957694183967583 ], [ -83.002169425400581, 39.957689221613315 ], [ -83.002181162849396, 39.957683345630223 ], [ -83.002192095376017, 39.957676612605432 ], [ -83.002202117697891, 39.957669087379571 ], [ -83.002211133298019, 39.957660842422278 ] ], [ [ -83.002297893674779, 39.958079795742421 ], [ -83.002286250987865, 39.958073810373534 ], [ -83.002273902067245, 39.958068731942475 ], [ -83.002260965819275, 39.958064609348874 ], [ -83.002247566805522, 39.95806148228862 ], [ -83.002233834043466, 39.958059380871809 ], [ -83.002219899764057, 39.958058325332708 ], [ -83.002205898138712, 39.958058325834919 ], [ -83.002191963987258, 39.958059382373669 ], [ -83.002126138330894, 39.958066898236567 ], [ -83.002096841715584, 39.958070242365871 ], [ -83.002083108728257, 39.958072344416571 ], [ -83.00206970958196, 39.958075472151904 ], [ -83.002056773302371, 39.958079595453661 ], [ -83.002044424458134, 39.958084674616991 ], [ -83.002032781961319, 39.958090660732601 ], [ -83.002021957922381, 39.958097496157777 ], [ -83.002012056570578, 39.958105115071461 ], [ -83.002003173250358, 39.958113444108022 ], [ -83.001995393503236, 39.958122403063769 ], [ -83.001988792244035, 39.958131905669234 ], [ -83.001983433039513, 39.958141860419865 ], [ -83.001979367496233, 39.958152171457186 ], [ -83.001976634763636, 39.958162739491868 ], [ -83.001975261156986, 39.958173462759731 ], [ -83.001975259903944, 39.958184238001827 ], [ -83.001976631017243, 39.958194961458609 ], [ -83.001982798410197, 39.958226978711799 ], [ -83.001985529354812, 39.958237549166654 ], [ -83.001989593687895, 39.958247862687259 ], [ -83.001994952257462, 39.958257819921258 ], [ -83.002001553443776, 39.958267324948487 ], [ -83.002009333656673, 39.958276286204935 ], [ -83.002018217948006, 39.95828461736474 ], [ -83.002028120733769, 39.958292238171978 ], [ -83.002038946618441, 39.95829907521366 ], [ -83.002050591314017, 39.958305062626948 ], [ -83.002062942644514, 39.95831014273368 ], [ -83.00207588162678, 39.958314266595977 ], [ -83.002089283616556, 39.958317394487636 ], [ -83.002103019509264, 39.958319496276985 ], [ -83.002116956983713, 39.958320551716945 ], [ -83.0021309617768, 39.958320550640195 ], [ -83.002144898976923, 39.958319493057097 ], [ -83.002209593593534, 39.958312101921514 ], [ -83.002240001045379, 39.958308634186494 ], [ -83.002253737874966, 39.958306532875092 ], [ -83.002267140835229, 39.958303405330334 ], [ -83.00228008079749, 39.958299281684035 ], [ -83.002292433093828, 39.958294201664813 ], [ -83.002304078718126, 39.958288214215273 ], [ -83.002314905472716, 39.958281377020576 ], [ -83.002324809049284, 39.958273755952519 ], [ -83.002333694033766, 39.958265424434991 ], [ -83.002341474825698, 39.958256462736564 ], [ -83.002348076462823, 39.95824695719719 ], [ -83.002353435343352, 39.958236999396235 ], [ -83.002357499838666, 39.958226685270382 ], [ -83.002360230790728, 39.958216114189064 ], [ -83.002361601889319, 39.958205387997431 ], [ -83.002361599925464, 39.95819461003483 ], [ -83.002360224918732, 39.958183884139409 ], [ -83.002354046652314, 39.958151869311784 ], [ -83.002351312805814, 39.958141301745506 ], [ -83.002347246249542, 39.958130991250059 ], [ -83.002341886140556, 39.958121037104149 ], [ -83.002335284091359, 39.958111535155226 ], [ -83.002327503672831, 39.958102576896586 ], [ -83.002318619802253, 39.958094248586328 ], [ -83.002308718021766, 39.958086630416766 ], [ -83.002297893674779, 39.958079795742421 ] ] ], [ [ [ -83.003191548310397, 39.95391058415543 ], [ -83.003202226459464, 39.953903937446867 ], [ -83.003212024787032, 39.953896531434246 ], [ -83.003220852511475, 39.953888434734594 ], [ -83.00322862784391, 39.953879722364135 ], [ -83.003235278746004, 39.953870475043317 ], [ -83.003240743597402, 39.953860778448849 ], [ -83.003244971766591, 39.953850722419979 ], [ -83.003247924080043, 39.953840400126033 ], [ -83.003249573185059, 39.953829907203314 ], [ -83.003249721629729, 39.953825163012141 ], [ -83.003249987410243, 39.953822475263379 ], [ -83.003253351306739, 39.953821965284988 ], [ -83.003858375309463, 39.953754214726345 ], [ -83.003862318571038, 39.953753945210444 ], [ -83.003866241288307, 39.953754355518086 ], [ -83.003911751028468, 39.953761127692971 ], [ -83.003924866535641, 39.95376259684938 ], [ -83.003938102594731, 39.953763123064064 ], [ -83.003951344994292, 39.953762701796414 ], [ -83.003963797293537, 39.953761858459579 ], [ -83.003967224787885, 39.953761759500644 ], [ -83.003967908043677, 39.953764346246956 ], [ -83.004042841189118, 39.954145215824873 ], [ -83.004043178989718, 39.954147777799349 ], [ -83.004039897996151, 39.954148283269816 ], [ -83.003942365822283, 39.954159506735927 ], [ -83.003087811369852, 39.954257849604758 ], [ -83.002971867243716, 39.954271187761194 ], [ -83.00296855539213, 39.954271442287443 ], [ -83.002967878369887, 39.954268934384473 ], [ -83.0029041621315, 39.953957140773767 ], [ -83.002904090070984, 39.953956874401101 ], [ -83.002904151342676, 39.953956835321989 ], [ -83.002907550842934, 39.953956306940221 ], [ -83.003023399404213, 39.953942831533155 ], [ -83.003128655082122, 39.953930548931652 ], [ -83.003142118730977, 39.953928463316558 ], [ -83.003155259458765, 39.95392539116402 ], [ -83.003167955516005, 39.953921360937713 ], [ -83.00318008927313, 39.953916409977893 ], [ -83.003191548310397, 39.95391058415543 ] ] ], [ [ [ -83.004031756172992, 39.965856412817161 ], [ -83.004018197407717, 39.965859019206057 ], [ -83.004005034989717, 39.965862633596522 ], [ -83.003992395156942, 39.965867221323691 ], [ -83.003980399135443, 39.965872738387681 ], [ -83.003979934257444, 39.965872976708624 ], [ -83.003976542847354, 39.965873494448431 ], [ -83.003321857860442, 39.965948018661955 ], [ -83.003318525009291, 39.965948269981588 ], [ -83.003317882514793, 39.965945741068374 ], [ -83.003222415709345, 39.965438690521765 ], [ -83.003222087152935, 39.965436032919143 ], [ -83.003222478179666, 39.965434543515464 ], [ -83.003224935981393, 39.965427083828793 ], [ -83.003227030550008, 39.965416426444236 ], [ -83.003227757112171, 39.965405662389706 ], [ -83.003227108667801, 39.965394895381422 ], [ -83.003225091465538, 39.96538422916403 ], [ -83.003221724942605, 39.965373766510986 ], [ -83.00321704153744, 39.965363608234227 ], [ -83.003211086377135, 39.965353852212935 ], [ -83.003206577729358, 39.965348029100525 ], [ -83.00320537414207, 39.965346284945653 ], [ -83.003204706227663, 39.965343659287811 ], [ -83.003173174253888, 39.965176514598561 ], [ -83.003157186276965, 39.965091762046562 ], [ -83.003141145983719, 39.965006739149324 ], [ -83.003109623066536, 39.964839632977878 ], [ -83.003109305509653, 39.964837067448983 ], [ -83.003112594404655, 39.964836580497632 ], [ -83.003767997340788, 39.964765044326562 ], [ -83.003771458413198, 39.964764798850155 ], [ -83.003773459556868, 39.964764959694868 ], [ -83.003783459375924, 39.964766142380675 ], [ -83.003797579606896, 39.964766722905921 ], [ -83.003811705181889, 39.964766225275767 ], [ -83.003825697404139, 39.964764654376353 ], [ -83.003839418886216, 39.964762025632119 ], [ -83.003852734899112, 39.964758364854262 ], [ -83.003865514695093, 39.96475370798737 ], [ -83.003871961554481, 39.964750724925956 ], [ -83.003874868608463, 39.964749524741173 ], [ -83.003878286705529, 39.964749000096916 ], [ -83.004531873970322, 39.964674208251701 ], [ -83.004535201422954, 39.964673955128866 ], [ -83.004535854057139, 39.964676478516466 ], [ -83.004584650666146, 39.964929451857572 ], [ -83.004749103216781, 39.965782024005669 ], [ -83.00474943132707, 39.965784586510708 ], [ -83.004746148233068, 39.965785084907267 ], [ -83.004100718089788, 39.965857932480702 ], [ -83.004097277119371, 39.96585818954852 ], [ -83.004093630160753, 39.965857631425308 ], [ -83.004087323254168, 39.965856417842282 ], [ -83.004073498661825, 39.965854841951789 ], [ -83.004059540034518, 39.965854314125984 ], [ -83.004045581246345, 39.965854839427116 ], [ -83.004031756172992, 39.965856412817161 ] ] ], [ [ [ -83.011050770097796, 39.96079173533122 ], [ -83.011037103280685, 39.960789195774744 ], [ -83.011023178032175, 39.960787703509631 ], [ -83.011009129539275, 39.960787273022852 ], [ -83.010995094185446, 39.960787908493607 ], [ -83.010981208226525, 39.960789603752708 ], [ -83.0109676064681, 39.960792342342501 ], [ -83.01095442095675, 39.960796097676628 ], [ -83.010941779698143, 39.960800833298094 ], [ -83.010929805414406, 39.960806503233229 ], [ -83.010918614352704, 39.960813052438048 ], [ -83.01090831515674, 39.960820417332414 ], [ -83.010899007812014, 39.960828526417536 ], [ -83.010897138711272, 39.960830520369086 ], [ -83.010893775011851, 39.960833762225505 ], [ -83.010890413240517, 39.960834313079985 ], [ -83.010662226595201, 39.960862779234098 ], [ -83.010660739640699, 39.960862970938443 ], [ -83.010470235096406, 39.960888328319015 ], [ -83.010466830876226, 39.960888648098233 ], [ -83.010465182120143, 39.960886308389078 ], [ -83.010458069828857, 39.960877280224082 ], [ -83.010449863695399, 39.960868819397163 ], [ -83.010440639579883, 39.960861004122499 ], [ -83.010430482752852, 39.960853906646676 ], [ -83.010419487107043, 39.960847592580599 ], [ -83.01040775428929, 39.960842120293229 ], [ -83.010395392761026, 39.960837540371784 ], [ -83.010382516795545, 39.960833895154295 ], [ -83.010369245421671, 39.960831218338072 ], [ -83.010355701323462, 39.960829534668321 ], [ -83.010342009706022, 39.960828859709302 ], [ -83.010328297138201, 39.96082919970052 ], [ -83.010314690382486, 39.960830551498979 ], [ -83.010301315223245, 39.960832902608338 ], [ -83.010288295303894, 39.960836231294351 ], [ -83.010275750983993, 39.960840506785736 ], [ -83.010263798226603, 39.960845689558759 ], [ -83.010252547526292, 39.960851731702512 ], [ -83.010242102887702, 39.960858577361797 ], [ -83.010232560864111, 39.960866163253485 ], [ -83.010224009664867, 39.960874419251624 ], [ -83.010190450324345, 39.960910225115569 ], [ -83.010188306175806, 39.960912291103867 ], [ -83.010184945716276, 39.960912842127918 ], [ -83.009063809508163, 39.961052841063136 ], [ -83.009060456368701, 39.96105313199098 ], [ -83.009058253553334, 39.961051164965582 ], [ -83.00899991922752, 39.960993646133282 ], [ -83.008997836933631, 39.960991359474157 ], [ -83.008997117872511, 39.960988622652337 ], [ -83.008996964362822, 39.960987830453369 ], [ -83.008994205055643, 39.960977211499149 ], [ -83.008990099904722, 39.960966853335229 ], [ -83.008984688837572, 39.960956856705728 ], [ -83.008978024483028, 39.960947318838372 ], [ -83.008970171659442, 39.960938332498877 ], [ -83.008961206744161, 39.960929985088782 ], [ -83.008951216930669, 39.960922357795326 ], [ -83.008940299380555, 39.960915524801884 ], [ -83.008928560278562, 39.960909552566321 ], [ -83.008916113799714, 39.960904499174831 ], [ -83.008903080998962, 39.96090041377682 ], [ -83.00888958863375, 39.960897336106974 ], [ -83.008875767931201, 39.960895296098805 ], [ -83.00886175331182, 39.960894313593457 ], [ -83.008847681082102, 39.96089439814682 ], [ -83.008833688108894, 39.960895548936534 ], [ -83.008819910488128, 39.960897754769967 ], [ -83.008806482221331, 39.960900994193146 ], [ -83.008793533912225, 39.960905235699364 ], [ -83.008781191496453, 39.960910438035611 ], [ -83.008769575016871, 39.960916550603798 ], [ -83.00875879745594, 39.960923513952906 ], [ -83.008748963636805, 39.960931260357164 ], [ -83.00874016920389, 39.960939714474755 ], [ -83.008732499692599, 39.960948794080615 ], [ -83.008726029697371, 39.96095841086607 ], [ -83.008720822146202, 39.960968471297832 ], [ -83.008716927688567, 39.96097887752758 ], [ -83.008714384202761, 39.960989528343767 ], [ -83.008713216427509, 39.961000320155946 ], [ -83.008713435721319, 39.961011148002207 ], [ -83.008715297087306, 39.961033182370606 ], [ -83.008715344812828, 39.96103600551087 ], [ -83.008714266051712, 39.961038704096346 ], [ -83.008701093003296, 39.961066445414488 ], [ -83.008699766740492, 39.961068867207139 ], [ -83.008697324083116, 39.961070409112367 ], [ -83.008690440126912, 39.96107436434572 ], [ -83.008679664195753, 39.961081997560868 ], [ -83.008669961835793, 39.961090440572491 ], [ -83.008664270883415, 39.961096556874466 ], [ -83.008662733070096, 39.961098056238818 ], [ -83.008659377741139, 39.961098622451473 ], [ -83.00683139236682, 39.961335471158726 ], [ -83.006818839718164, 39.961337548239875 ], [ -83.006806580509348, 39.961340485175413 ], [ -83.006794713992889, 39.961344258187381 ], [ -83.006783336242066, 39.961348836728909 ], [ -83.006772571927115, 39.96135416760945 ], [ -83.006769152668269, 39.96135475632591 ], [ -83.006393710664057, 39.961404506683891 ], [ -83.006391173615384, 39.961404806810712 ], [ -83.006243432694575, 39.961420195986371 ], [ -83.006067150694889, 39.961438559144703 ], [ -83.006062102809068, 39.961439155944035 ], [ -83.005613349527721, 39.961498553928905 ], [ -83.005138431794904, 39.961561412589063 ], [ -83.00513505390191, 39.961561729877012 ], [ -83.005132582973687, 39.961559929373287 ], [ -83.005128857301727, 39.961556935717844 ], [ -83.005093551434243, 39.961528560396161 ], [ -83.004579873278615, 39.961115729458342 ], [ -83.004577935017238, 39.961114037436417 ], [ -83.004576184223765, 39.961112228442389 ], [ -83.004463102737631, 39.960984748986441 ], [ -83.004462222386309, 39.960983732436524 ], [ -83.004395253411275, 39.960904506543628 ], [ -83.004337755541272, 39.960836482832939 ], [ -83.004280257123455, 39.96076845880792 ], [ -83.004222758996761, 39.960700435857227 ], [ -83.004165263086563, 39.960632413479438 ], [ -83.004107764915133, 39.960564390149884 ], [ -83.004050266856481, 39.960496365005007 ], [ -83.004037945470287, 39.960481788127915 ], [ -83.004029434948833, 39.960472758749276 ], [ -83.00401977793733, 39.960464440364611 ], [ -83.004009074086269, 39.960456918810813 ], [ -83.003997433848241, 39.960450271702271 ], [ -83.00398497733832, 39.960444567630063 ], [ -83.003971833094454, 39.960439865454049 ], [ -83.003958136751251, 39.960436213695658 ], [ -83.003949789053635, 39.96043469668458 ], [ -83.003946955345498, 39.96043407089136 ], [ -83.003946248828782, 39.960431509920028 ], [ -83.003825701954639, 39.959856692184346 ], [ -83.003825331793308, 39.959854133413714 ], [ -83.003828605559889, 39.959853602589732 ], [ -83.003898492556019, 39.959845004359899 ], [ -83.004299730433019, 39.959798434125922 ], [ -83.004313547923985, 39.959796288513537 ], [ -83.004327022893818, 39.95979310426199 ], [ -83.004340023844293, 39.959788912445426 ], [ -83.004352423902986, 39.959783753970619 ], [ -83.004364102061558, 39.959777679177542 ], [ -83.004374944356528, 39.959770747348323 ], [ -83.004384844981431, 39.959763026128599 ], [ -83.004393707319409, 39.959754590867405 ], [ -83.004401444886, 39.959745523881878 ], [ -83.004407982173163, 39.959735913653901 ], [ -83.004413255386055, 39.959725853966681 ], [ -83.004417213065636, 39.959715442989477 ], [ -83.004419816590769, 39.95970478231969 ], [ -83.004421040555144, 39.959693975991314 ], [ -83.004420873015135, 39.959683129459712 ], [ -83.004419315606356, 39.95967234857256 ], [ -83.004398237138957, 39.959571916502902 ], [ -83.004397812459359, 39.95956867540383 ], [ -83.004397891928832, 39.959565418444399 ], [ -83.004516096109867, 39.958407657061898 ], [ -83.004516513490159, 39.958405131410068 ], [ -83.004519759842381, 39.958404640501229 ], [ -83.004733389354072, 39.958380475609538 ], [ -83.004733745161232, 39.958380435009119 ], [ -83.005312965368873, 39.958313765617334 ], [ -83.0055147046142, 39.958291725876158 ], [ -83.005528253844716, 39.958289727249408 ], [ -83.005541488933972, 39.958286731029503 ], [ -83.005554286160205, 39.958282765225093 ], [ -83.005566525894793, 39.958277866908595 ], [ -83.005578093720672, 39.958272081869552 ], [ -83.005588881501851, 39.958265464186525 ], [ -83.005598788394295, 39.958258075721744 ], [ -83.005607721788593, 39.958249985542579 ], [ -83.005615598175694, 39.95824126927603 ], [ -83.005622343927556, 39.958232008401765 ], [ -83.005627895985384, 39.958222289490408 ], [ -83.005632202449078, 39.958212203394233 ], [ -83.005635223062427, 39.958201844397983 ], [ -83.005636929589357, 39.958191309337394 ], [ -83.005637306077887, 39.958180696693979 ], [ -83.005636349009208, 39.958170105674462 ], [ -83.005634067330604, 39.95815963528343 ], [ -83.005630482371714, 39.958149383397746 ], [ -83.005625627645159, 39.95813944585165 ], [ -83.005619548533275, 39.958129915540894 ], [ -83.005612301863792, 39.958120881554485 ], [ -83.005603955378703, 39.958112428341622 ], [ -83.005594587100859, 39.958104634922528 ], [ -83.005584284604765, 39.958097574149662 ], [ -83.005573144197825, 39.958091312026731 ], [ -83.005561270020067, 39.958085907091657 ], [ -83.005548773070743, 39.958081409869479 ], [ -83.00553577017061, 39.958077862399897 ], [ -83.00552238286997, 39.958075297844445 ], [ -83.005520119087564, 39.958074952654428 ], [ -83.005520381512056, 39.958072416038682 ], [ -83.005590521560919, 39.95765280908163 ], [ -83.005590984831016, 39.957650695023588 ], [ -83.005591661474284, 39.957648615312337 ], [ -83.005877815008873, 39.956895487578151 ], [ -83.00587888591312, 39.956893096148015 ], [ -83.005882109859456, 39.956892603589772 ], [ -83.006856007011393, 39.956780419457857 ], [ -83.007111864572522, 39.956750948045986 ], [ -83.007660714761826, 39.956687741532413 ], [ -83.007855072175602, 39.956665323301308 ], [ -83.007858478306488, 39.956665061356105 ], [ -83.007860894019544, 39.956666921055302 ], [ -83.00787127608568, 39.956674164458775 ], [ -83.00788253137533, 39.956680589187648 ], [ -83.007894551323318, 39.956686133270793 ], [ -83.007907219988667, 39.956690743231462 ], [ -83.007920415172947, 39.956694374603252 ], [ -83.00793400959904, 39.9566969923589 ], [ -83.007947872138786, 39.956698571248261 ], [ -83.007961869077818, 39.956699096041795 ], [ -83.007975865405399, 39.956698561677463 ], [ -83.007989726116676, 39.956696973309626 ], [ -83.00800331751492, 39.956694346259219 ], [ -83.0080165085012, 39.956690705866102 ], [ -83.008029171838842, 39.956686087244506 ], [ -83.008041185380847, 39.956680534944411 ], [ -83.008052433248039, 39.956674102521767 ], [ -83.008062806946796, 39.956666852021996 ], [ -83.008072206415591, 39.956658853381342 ], [ -83.00808054099015, 39.956650183752473 ], [ -83.008087295008963, 39.956641487216523 ], [ -83.00808748748301, 39.956641264785461 ], [ -83.008090837726499, 39.956640742012617 ], [ -83.008301834295864, 39.956616018694419 ], [ -83.008305439595361, 39.956615741555368 ], [ -83.008309513574488, 39.956617126173462 ], [ -83.008314066757194, 39.956618900257816 ], [ -83.008327449541483, 39.956622872470767 ], [ -83.008341282930402, 39.956625790605202 ], [ -83.008355427129359, 39.956627625171599 ], [ -83.008369739202834, 39.956628357630578 ], [ -83.008384074518787, 39.95662798058018 ], [ -83.008398288210316, 39.956626497830804 ], [ -83.008412236639629, 39.95662392436644 ], [ -83.008425778849542, 39.956620286193484 ], [ -83.008438777988104, 39.956615620077834 ], [ -83.008451102691438, 39.956609973173364 ], [ -83.008462628411337, 39.956603402545348 ], [ -83.008472969767737, 39.956596162847624 ], [ -83.008473074054749, 39.956596096561952 ], [ -83.008476457420826, 39.95659556885974 ], [ -83.008508263963378, 39.956591846331477 ], [ -83.008723540336703, 39.956566650554457 ], [ -83.008945253211607, 39.956540703300284 ], [ -83.009214211325727, 39.956509233510289 ], [ -83.009217463118404, 39.956508973777801 ], [ -83.009218855800398, 39.956511249994435 ], [ -83.009316098541106, 39.956691971770312 ], [ -83.009322059612728, 39.956701678322297 ], [ -83.009329223924155, 39.956710890491728 ], [ -83.009337522989085, 39.956719520215415 ], [ -83.009346877473462, 39.956727484998005 ], [ -83.009357197953904, 39.956734708700587 ], [ -83.009368385772603, 39.956741122268525 ], [ -83.009380333980332, 39.956746664391602 ], [ -83.009392928358906, 39.956751282090202 ], [ -83.009406048512986, 39.956754931221568 ], [ -83.009419569021063, 39.956757576902028 ], [ -83.009433360634404, 39.956759193840263 ], [ -83.009437220061187, 39.956759498679276 ], [ -83.00943785006757, 39.956762056469763 ], [ -83.009459195645178, 39.956880289675553 ], [ -83.009459422049787, 39.956881494678491 ], [ -83.009482135857155, 39.956997827641537 ], [ -83.009482482084394, 39.957000476598701 ], [ -83.009481515593009, 39.957004280128942 ], [ -83.009480658094702, 39.957006947698986 ], [ -83.00947865360412, 39.957017457696402 ], [ -83.009477978129624, 39.957028067568423 ], [ -83.009478637993297, 39.957038678022187 ], [ -83.009480627020409, 39.957049189759296 ], [ -83.009483926597127, 39.957059504405279 ], [ -83.009488505844786, 39.957069525429944 ], [ -83.009494321908804, 39.957079159051062 ], [ -83.009497006094463, 39.957083094821719 ], [ -83.009497655077567, 39.957085740806036 ], [ -83.009529511010825, 39.957263436294099 ], [ -83.009529549863643, 39.957263651446198 ], [ -83.009536843443996, 39.957303749548323 ], [ -83.009537096016146, 39.957305078837628 ], [ -83.009554595449302, 39.957393400891924 ], [ -83.009554942621691, 39.957395986426782 ], [ -83.009554478732994, 39.957396436557666 ], [ -83.009546308228494, 39.957403634620825 ], [ -83.009538158534099, 39.95741242704959 ], [ -83.009531170637203, 39.957421793054529 ], [ -83.00952541213745, 39.957431642031281 ], [ -83.009520938741716, 39.957441878703207 ], [ -83.009517793725124, 39.95745240404321 ], [ -83.009516007512417, 39.957463116231665 ], [ -83.009515597383626, 39.957473911641323 ], [ -83.009516567306903, 39.957484685839859 ], [ -83.009518907900059, 39.957495334600061 ], [ -83.009522596521336, 39.957505754908183 ], [ -83.009527597488386, 39.95751584596038 ], [ -83.009533862423453, 39.957525510137955 ], [ -83.00954133072139, 39.957534653951647 ], [ -83.009549930135819, 39.957543188946019 ], [ -83.009559577478143, 39.957551032555287 ], [ -83.009584280847392, 39.957569234334031 ], [ -83.009586572332083, 39.957571090428267 ], [ -83.009587206674624, 39.957573603683223 ], [ -83.009591042876991, 39.957593889178426 ], [ -83.009591360682023, 39.957596436346776 ], [ -83.009588103610341, 39.957596951473597 ], [ -83.009482168828669, 39.957609597780298 ], [ -83.009374487532511, 39.957622452851403 ], [ -83.008945969041775, 39.957673605797716 ], [ -83.008942566360261, 39.957673881469063 ], [ -83.008937574083191, 39.957670780493579 ], [ -83.008926293213761, 39.957664448926252 ], [ -83.008914262223783, 39.957658996141731 ], [ -83.008901596312853, 39.957654474351671 ], [ -83.008888416760058, 39.957650926853233 ], [ -83.008874849762634, 39.95764838761454 ], [ -83.008861025227617, 39.957646880949319 ], [ -83.00884707552801, 39.957646421284259 ], [ -83.008833134235246, 39.957647013020733 ], [ -83.008819334840325, 39.957648650492779 ], [ -83.008805809475504, 39.957651318021192 ], [ -83.008792687649176, 39.957654990063794 ], [ -83.008780095005861, 39.957659631459933 ], [ -83.008768152123068, 39.957665197767284 ], [ -83.008756973356782, 39.957671635687078 ], [ -83.008746665746486, 39.957678883574808 ], [ -83.008737327990232, 39.95768687203023 ], [ -83.008729049499593, 39.957695524561998 ], [ -83.008725353967108, 39.957699811593017 ], [ -83.008722219658779, 39.957700307522451 ], [ -83.008708461859214, 39.957703040165605 ], [ -83.008695125428034, 39.957706812226412 ], [ -83.008682342607258, 39.957711586301656 ], [ -83.008670240149527, 39.957717315052349 ], [ -83.008658938061203, 39.957723941673031 ], [ -83.00864854841231, 39.957731400455174 ], [ -83.008639174225422, 39.957739617438513 ], [ -83.008630908454023, 39.957748511144608 ], [ -83.00862383306081, 39.95775799338471 ], [ -83.008618018204928, 39.957767970134199 ], [ -83.00861352154628, 39.957778342464906 ], [ -83.00861038767377, 39.957789007526088 ], [ -83.00860864766311, 39.957799859564311 ], [ -83.008608318768736, 39.957810790972026 ], [ -83.008609404252553, 39.957821693354632 ], [ -83.008611893351713, 39.957832458605239 ], [ -83.008615761385201, 39.957842979976782 ], [ -83.00862096999856, 39.95785315314032 ], [ -83.008627467544287, 39.957862877219775 ], [ -83.008635189593818, 39.957872055792031 ], [ -83.008644059576412, 39.957880597843136 ], [ -83.008653989538487, 39.957888418670827 ], [ -83.008664881015648, 39.957895440724421 ], [ -83.008676626009077, 39.957901594373752 ], [ -83.008689108056515, 39.95790681859966 ], [ -83.008702203386974, 39.957911061599127 ], [ -83.008715782148158, 39.957914281298848 ], [ -83.008729709694052, 39.95791644577249 ], [ -83.008743847919988, 39.9579175335573 ], [ -83.008758056632303, 39.957917533866841 ], [ -83.008772194938246, 39.957916446698071 ], [ -83.00962911426214, 39.957817181895543 ], [ -83.009632545901965, 39.95781691616483 ], [ -83.009637143308197, 39.957818799668537 ], [ -83.009649811663692, 39.957823390732443 ], [ -83.009663003780105, 39.957827004117654 ], [ -83.009676592608599, 39.95782960502482 ], [ -83.009690447279652, 39.957831168405484 ], [ -83.009704434363513, 39.957831679203231 ], [ -83.009718419155121, 39.95783113249874 ], [ -83.009732266971554, 39.957829533557138 ], [ -83.009745844449014, 39.957826897777302 ], [ -83.009759020827332, 39.957823250543555 ], [ -83.009771669209243, 39.957818626981222 ], [ -83.009783667782472, 39.957813071618261 ], [ -83.009794900992944, 39.957806637956544 ], [ -83.009805260657615, 39.957799387956484 ], [ -83.009809037450722, 39.957796471775872 ], [ -83.009812413754531, 39.957795949223474 ], [ -83.00987444274476, 39.957788763155108 ], [ -83.010052444417198, 39.957768141942388 ], [ -83.010055772644748, 39.957767884199029 ], [ -83.01005642851878, 39.957770408416287 ], [ -83.010097244125021, 39.957980755740401 ], [ -83.010099711347962, 39.957990457551546 ], [ -83.010103302440768, 39.957999949281515 ], [ -83.010107988296554, 39.958009153995796 ], [ -83.010113730934933, 39.958017997086372 ], [ -83.010120483809771, 39.958026406876215 ], [ -83.010128192186528, 39.958034315200443 ], [ -83.010129309072411, 39.958035359587456 ], [ -83.010129987097855, 39.95803796908239 ], [ -83.01013474734215, 39.95806250181208 ], [ -83.010135268349345, 39.958066531311154 ], [ -83.010135836284121, 39.958074982316909 ], [ -83.010138033960359, 39.958085959648685 ], [ -83.010141661408937, 39.958096709977006 ], [ -83.010146681517156, 39.958107123312587 ], [ -83.010153042923591, 39.958117093113906 ], [ -83.010259368792347, 39.958264395193034 ], [ -83.01026218930771, 39.958268746313387 ], [ -83.010269675095458, 39.958281701606211 ], [ -83.010275914330521, 39.958291224794728 ], [ -83.010283324667668, 39.958300237271359 ], [ -83.010291836201048, 39.958308654015852 ], [ -83.010301368636519, 39.958316395627861 ], [ -83.010311832048998, 39.958323389075971 ], [ -83.010323127730885, 39.958329568386617 ], [ -83.010335149123094, 39.958334875266459 ], [ -83.01034778282046, 39.958339259652419 ], [ -83.010360909641406, 39.958342680183783 ], [ -83.01037440575243, 39.958345104592546 ], [ -83.010388143836138, 39.958346510007701 ], [ -83.010401994292536, 39.958346883171089 ], [ -83.010415826461426, 39.958346220562419 ], [ -83.0104295098552, 39.958344528432519 ], [ -83.010442915389731, 39.958341822744281 ], [ -83.010455916602169, 39.958338129022209 ], [ -83.010468390843911, 39.958333482111492 ], [ -83.010480220437685, 39.95832792584941 ], [ -83.01049129378768, 39.958321512651587 ], [ -83.010501506432249, 39.958314303017815 ], [ -83.010510762029455, 39.958306364960997 ], [ -83.010518973265846, 39.9582977733658 ], [ -83.010526062680142, 39.958288609281986 ], [ -83.01053196339403, 39.958278959160005 ], [ -83.01053201350129, 39.958278865679908 ], [ -83.010535328697671, 39.958278337100317 ], [ -83.010896586830654, 39.958234745012071 ], [ -83.010899941820256, 39.958234469831517 ], [ -83.010900922835532, 39.958236954105104 ], [ -83.011076955834042, 39.958777240796643 ], [ -83.011077605666841, 39.958779751953131 ], [ -83.011074342303445, 39.958780251332897 ], [ -83.01071019724678, 39.958821799482742 ], [ -83.01070676128117, 39.958822059482827 ], [ -83.010706657482089, 39.958822016661244 ], [ -83.010694897949904, 39.958816578462255 ], [ -83.01068217788746, 39.958811941080718 ], [ -83.010668925999809, 39.958808290656961 ], [ -83.010655271231698, 39.95880566271066 ], [ -83.010641346447926, 39.958804082812463 ], [ -83.010627287140636, 39.95880356633527 ], [ -83.010613230110835, 39.958804118304506 ], [ -83.010599312137444, 39.958805733349386 ], [ -83.010585668646286, 39.958808395755071 ], [ -83.010572432392465, 39.958812079615541 ], [ -83.010559732168602, 39.958816749085834 ], [ -83.010547691551622, 39.958822358730636 ], [ -83.010536427700416, 39.958828853966452 ], [ -83.010526050215773, 39.95883617159275 ], [ -83.010516660073989, 39.958844240406869 ], [ -83.010508348644294, 39.958852981896797 ], [ -83.010505124115454, 39.958856750125996 ], [ -83.01050086347729, 39.958860063956898 ], [ -83.010491536169752, 39.958868066709464 ], [ -83.010483270443601, 39.95887673297252 ], [ -83.01047614552192, 39.958885979684425 ], [ -83.010470229693894, 39.958895718220177 ], [ -83.010465579660249, 39.958905855240914 ], [ -83.010462239989735, 39.958916293588416 ], [ -83.010460242692005, 39.958926933216361 ], [ -83.010459606910814, 39.958937672149254 ], [ -83.010460338740415, 39.958948407459694 ], [ -83.010462431167213, 39.958959036254988 ], [ -83.010465864136933, 39.958969456663311 ], [ -83.0104706047468, 39.958979568810086 ], [ -83.010476607560904, 39.958989275775124 ], [ -83.010483815045617, 39.958998484521864 ], [ -83.010492158121025, 39.959007106788725 ], [ -83.010501556823058, 39.959015059935311 ], [ -83.010511921069821, 39.95902226773439 ], [ -83.010523151525049, 39.959028661102501 ], [ -83.010535140550189, 39.95903417876216 ], [ -83.010539925189676, 39.959036142762109 ], [ -83.010544810196066, 39.95903989526829 ], [ -83.010544921739424, 39.959039989797347 ], [ -83.010555312960634, 39.959047222902555 ], [ -83.010566575937261, 39.959053636868404 ], [ -83.01057860206798, 39.959059169849269 ], [ -83.010591275392812, 39.95906376849414 ], [ -83.01060447371124, 39.959067388461357 ], [ -83.010618069760469, 39.959069994845855 ], [ -83.010631932442593, 39.959071562515994 ], [ -83.010645928088749, 39.959072076355717 ], [ -83.01065992174793, 39.95907153141043 ], [ -83.010673778488282, 39.959069932934625 ], [ -83.0106873646982, 39.959067296341459 ], [ -83.01070054937469, 39.959063647053846 ], [ -83.010713205386509, 39.959059020259495 ], [ -83.010725210700059, 39.959053460571589 ], [ -83.010736449556092, 39.9590470215986 ], [ -83.010740204230075, 39.959044641323757 ], [ -83.010743572759992, 39.959044113594452 ], [ -83.01095151076548, 39.959019599762051 ], [ -83.011166449230458, 39.958994282196315 ], [ -83.011375017888, 39.958969720678994 ], [ -83.011378353840755, 39.958969456396247 ], [ -83.011379004974202, 39.958971988000428 ], [ -83.011469704379408, 39.959446196755792 ], [ -83.011476389158346, 39.959481145734635 ], [ -83.011476498769554, 39.95948170866594 ], [ -83.011483529420914, 39.959517188281154 ], [ -83.011613996669652, 39.960175492143158 ], [ -83.011723432098137, 39.960727675822788 ], [ -83.011723772507779, 39.960730221258004 ], [ -83.011720519937498, 39.960730753485983 ], [ -83.011295192162947, 39.96078381642414 ], [ -83.011098714292189, 39.960808328042376 ], [ -83.011095271824914, 39.960808623937467 ], [ -83.011090071638108, 39.960805993407384 ], [ -83.01108891341481, 39.960805341904042 ], [ -83.011076801522151, 39.96079984777387 ], [ -83.011064045805398, 39.960795297524896 ], [ -83.011050770097796, 39.96079173533122 ] ], [ [ -83.008450409513358, 39.95790115818405 ], [ -83.008455087410567, 39.957890981934924 ], [ -83.008458444361892, 39.957880501404155 ], [ -83.008460447928371, 39.957869817869273 ], [ -83.008461078749363, 39.957859034569474 ], [ -83.008460330729648, 39.957848255707972 ], [ -83.008458211098272, 39.957837585445084 ], [ -83.008454740338664, 39.95782712689158 ], [ -83.00844995199067, 39.95781698111243 ], [ -83.00844389232644, 39.957807246150033 ], [ -83.008436619903264, 39.957798016076936 ], [ -83.008428204997671, 39.957789380086673 ], [ -83.00841872892633, 39.957781421631971 ], [ -83.008408283260252, 39.957774217618159 ], [ -83.008396968939877, 39.957767837660242 ], [ -83.008384895299656, 39.957762343409925 ], [ -83.008372179011559, 39.957757787960119 ], [ -83.008358942957571, 39.957754215331704 ], [ -83.008345315042291, 39.957751660048167 ], [ -83.008331426957014, 39.957750146802169 ], [ -83.008317412907033, 39.95774969021668 ], [ -83.00830340831493, 39.95775029470385 ], [ -83.008300677777825, 39.957750516581868 ], [ -83.008297898718524, 39.957748389456604 ], [ -83.008287501865823, 39.95774117680434 ], [ -83.008276236699871, 39.957734782810078 ], [ -83.00826421163363, 39.957729269007764 ], [ -83.00825154239304, 39.957724688460623 ], [ -83.008238350903284, 39.957721085250569 ], [ -83.008224764115468, 39.957718494053815 ], [ -83.008210912784904, 39.957716939807263 ], [ -83.008196930212705, 39.957716437468555 ], [ -83.008182950963047, 39.957716991872033 ], [ -83.008169109568101, 39.957718597682288 ], [ -83.008155539233357, 39.957721239445462 ], [ -83.008142370555817, 39.957724891738017 ], [ -83.008129730267015, 39.957729519411366 ], [ -83.00811774001356, 39.957735077930082 ], [ -83.008106515186341, 39.957741513800592 ], [ -83.008096163810123, 39.957748765085952 ], [ -83.008086785503892, 39.957756762001772 ], [ -83.008078470522207, 39.957765427588029 ], [ -83.008071298886563, 39.957774678449482 ], [ -83.00807059742111, 39.957775693338988 ], [ -83.008067267052809, 39.957776220992805 ], [ -83.007694473548526, 39.957820816696326 ], [ -83.007245479264483, 39.957874526541694 ], [ -83.007231803931418, 39.957876694411986 ], [ -83.007218469395923, 39.957879880460538 ], [ -83.007205603338093, 39.957884054180447 ], [ -83.007193328952411, 39.957889175607768 ], [ -83.007181763768003, 39.957895195704097 ], [ -83.007171018523422, 39.957902056826086 ], [ -83.007161196106267, 39.957909693277507 ], [ -83.007152390567981, 39.957918031938107 ], [ -83.00714468622337, 39.957926992963941 ], [ -83.007138156843197, 39.957936490551738 ], [ -83.007132864947835, 39.957946433760505 ], [ -83.007128861208614, 39.957956727382417 ], [ -83.007126183962583, 39.957967272854219 ], [ -83.007124858845486, 39.957977969201174 ], [ -83.007124898546166, 39.957988714003818 ], [ -83.007126302685123, 39.957999404378668 ], [ -83.007129057818048, 39.958009937963425 ], [ -83.007133137564679, 39.958020213896901 ], [ -83.007138502861167, 39.958030133785044 ], [ -83.007145102334249, 39.958039602642927 ], [ -83.007152872793128, 39.958048529804259 ], [ -83.007161739834444, 39.958056829789641 ], [ -83.007171618554764, 39.95806442312491 ], [ -83.007182414363527, 39.958071237102253 ], [ -83.007194023888729, 39.958077206476361 ], [ -83.007206335966785, 39.958082274089151 ], [ -83.007219232706916, 39.958086391417055 ], [ -83.007232590620035, 39.958089519035795 ], [ -83.007246281801088, 39.958091626997692 ], [ -83.007260175153945, 39.958092695118502 ], [ -83.007274137646547, 39.958092713170736 ], [ -83.007288035584821, 39.958091680981561 ], [ -83.008126538085989, 39.957997348340776 ], [ -83.00812993376654, 39.957997096259831 ], [ -83.008130272215482, 39.957997356925731 ], [ -83.00814065279431, 39.95800460250527 ], [ -83.008151906937599, 39.958011029487693 ], [ -83.008163926081124, 39.95801657587424 ], [ -83.008176594280826, 39.958021188161062 ], [ -83.008189789331411, 39.958024821855147 ], [ -83.008203383945144, 39.958027441903546 ], [ -83.008217246979854, 39.958029023031628 ], [ -83.008231244703921, 39.958029549986868 ], [ -83.008245242086446, 39.958029017685874 ], [ -83.008259104099778, 39.958027431263609 ], [ -83.008272697022221, 39.958024806023666 ], [ -83.008285889727858, 39.958021167290788 ], [ -83.008298554951608, 39.958016550166462 ], [ -83.008310570516855, 39.958010999190392 ], [ -83.008321820514112, 39.958004567910756 ], [ -83.008332196419076, 39.957997318367696 ], [ -83.008341598139637, 39.957989320494804 ], [ -83.008349934981311, 39.957980651444522 ], [ -83.008357126522213, 39.957971394843803 ], [ -83.008360202741287, 39.957966374140724 ], [ -83.008361773727813, 39.957964105162418 ], [ -83.008363284725192, 39.957963620901936 ], [ -83.008373282475716, 39.957960849875633 ], [ -83.008385948845557, 39.95795621273961 ], [ -83.008397962381281, 39.957950640969749 ], [ -83.008409206991161, 39.957944188408383 ], [ -83.008419574013956, 39.957936917409398 ], [ -83.008428963269111, 39.957928898235465 ], [ -83.008437284024652, 39.957920208379207 ], [ -83.00844445587407, 39.957910931814325 ], [ -83.008450409513358, 39.95790115818405 ] ], [ [ -83.008657873846673, 39.959176676685622 ], [ -83.008657176103753, 39.959165914218616 ], [ -83.008655110890274, 39.959155256204873 ], [ -83.008651698095932, 39.959144805286769 ], [ -83.008646970588359, 39.959134662112099 ], [ -83.008640973896448, 39.9591249243649 ], [ -83.008633765771947, 39.959115685824734 ], [ -83.008625415633276, 39.95910703546344 ], [ -83.008616003896904, 39.959099056588414 ], [ -83.00860562120296, 39.959091826040229 ], [ -83.008594367542273, 39.959085413452726 ], [ -83.008582351293413, 39.959079880582301 ], [ -83.008574605798131, 39.959076700472103 ], [ -83.008568697136099, 39.959073975301528 ], [ -83.008556236063384, 39.959069422993736 ], [ -83.00854326202024, 39.95906581786894 ], [ -83.008529896250252, 39.959063193617361 ], [ -83.008516263657683, 39.959061574762821 ], [ -83.008502491640186, 39.959060976433655 ], [ -83.008488708898398, 39.959061404221288 ], [ -83.008475044233165, 39.959062854128057 ], [ -83.008461625341852, 39.959065312604409 ], [ -83.008448577625146, 39.959068756675691 ], [ -83.008436023015093, 39.959073154156798 ], [ -83.008424078835688, 39.959078463952856 ], [ -83.008412856706471, 39.959084636443407 ], [ -83.008402461499429, 39.959091613945922 ], [ -83.008392990358999, 39.95909933125504 ], [ -83.008384531794164, 39.959107716251765 ], [ -83.008377164851439, 39.959116690577481 ], [ -83.008370958376076, 39.95912617036619 ], [ -83.008365970368729, 39.959136067028297 ], [ -83.008362247443372, 39.959146288078415 ], [ -83.008359824391761, 39.959156737999663 ], [ -83.008358723858152, 39.959167319136334 ], [ -83.008358956127779, 39.959177932606387 ], [ -83.00836051903066, 39.959188479225666 ], [ -83.00836361696696, 39.959203075238548 ], [ -83.00836660590582, 39.959213774532095 ], [ -83.00837096396566, 39.959224191735011 ], [ -83.008376647858611, 39.959234223373556 ], [ -83.008383601127306, 39.959243769803834 ], [ -83.008391754705613, 39.959252736201357 ], [ -83.008401027604691, 39.95926103350314 ], [ -83.008411327717369, 39.959268579292221 ], [ -83.008422552733109, 39.959275298616426 ], [ -83.008434591154227, 39.959281124732755 ], [ -83.008447323403374, 39.959285999770515 ], [ -83.008460623011374, 39.959289875305942 ], [ -83.008474357873339, 39.9592927128434 ], [ -83.008488391561016, 39.959294484197621 ], [ -83.008502584677842, 39.959295171773796 ], [ -83.008516796243626, 39.95929476874219 ], [ -83.008530885094913, 39.959293279106113 ], [ -83.0085447112872, 39.959290717662142 ], [ -83.008558137485011, 39.959287109853072 ], [ -83.008571030326067, 39.959282491515232 ], [ -83.008583261745969, 39.959276908522575 ], [ -83.008594710250335, 39.959270416330881 ], [ -83.008605262121506, 39.959263079427018 ], [ -83.008609558775419, 39.95925943137636 ], [ -83.008616157429614, 39.959254345734585 ], [ -83.008625553396698, 39.95924635584749 ], [ -83.008633886432975, 39.959237695716837 ], [ -83.008641076287034, 39.959228448744554 ], [ -83.008647053717056, 39.959218703984085 ], [ -83.008651761157566, 39.959208555282942 ], [ -83.008655153273921, 39.959198100378657 ], [ -83.008657197398762, 39.959187439957681 ], [ -83.008657873846673, 39.959176676685622 ] ], [ [ -83.008790972431001, 39.959855555776656 ], [ -83.008788907190535, 39.959844897771632 ], [ -83.008785494357326, 39.959834446862473 ], [ -83.008780766799291, 39.95982430369687 ], [ -83.008774770045818, 39.959814565958659 ], [ -83.008767561849169, 39.959805327427183 ], [ -83.008759211628387, 39.959796677074152 ], [ -83.008749799800668, 39.9597886982068 ], [ -83.008739417006893, 39.959781467665536 ], [ -83.008728163238786, 39.959775055084066 ], [ -83.008716146875855, 39.959769522218693 ], [ -83.008707864612148, 39.959766121759728 ], [ -83.008702792027776, 39.959763780690196 ], [ -83.008690410404796, 39.959759247318601 ], [ -83.008677520512322, 39.959755649391241 ], [ -83.008664241372173, 39.959753020130428 ], [ -83.008650695600295, 39.959751383814051 ], [ -83.008637008274661, 39.959750755551354 ], [ -83.008623305780233, 39.95975114114357 ], [ -83.008609714642063, 39.959752537030269 ], [ -83.008596360356989, 39.959754930322191 ], [ -83.008583366234845, 39.959758298920342 ], [ -83.008570852259837, 39.959762611719995 ], [ -83.008558933982712, 39.959767828897931 ], [ -83.008547721453752, 39.959773902280155 ], [ -83.008537318206635, 39.959780775786662 ], [ -83.008527820302476, 39.959788385949331 ], [ -83.008519315442683, 39.959796662497887 ], [ -83.008511882159311, 39.95980552900884 ], [ -83.008505589089822, 39.959814903611111 ], [ -83.008500494343309, 39.959824699741951 ], [ -83.008496644963898, 39.959834826946334 ], [ -83.008494076496348, 39.959845191712176 ], [ -83.008492812657877, 39.959855698333641 ], [ -83.008492865119038, 39.959866249795162 ], [ -83.008494233396021, 39.959876748666922 ], [ -83.008497043720993, 39.959891252147784 ], [ -83.008499715181614, 39.959901601487324 ], [ -83.008503665157917, 39.959911705729333 ], [ -83.008508857177219, 39.95992147157348 ], [ -83.008515243298035, 39.959930808844014 ], [ -83.008522764552751, 39.959939631322534 ], [ -83.008531351492039, 39.959947857544122 ], [ -83.008540924826193, 39.959955411549458 ], [ -83.008551396157287, 39.959962223586402 ], [ -83.008562668795335, 39.959968230753972 ], [ -83.008574638651169, 39.95997337758309 ], [ -83.008587195197592, 39.959977616548969 ], [ -83.008600222489903, 39.959980908509806 ], [ -83.008613600236615, 39.959983223068221 ], [ -83.008627204910127, 39.959984538852062 ], [ -83.008640910887436, 39.959984843711595 ], [ -83.008654591610096, 39.959984134831814 ], [ -83.008668120752858, 39.959982418758372 ], [ -83.008681373390147, 39.959979711337191 ], [ -83.008694227149647, 39.959976037568062 ], [ -83.00870656334223, 39.959971431373916 ], [ -83.008718268057947, 39.959965935287435 ], [ -83.008729233217863, 39.959959600058411 ], [ -83.008739357572068, 39.959952484185138 ], [ -83.008743419993849, 39.959949022614076 ], [ -83.008749953458789, 39.959943987255343 ], [ -83.008759349504331, 39.959935997367033 ], [ -83.008767682608735, 39.959927337236792 ], [ -83.008774872520021, 39.959918090266385 ], [ -83.008780849995873, 39.95990834550927 ], [ -83.008785557470446, 39.959898196812716 ], [ -83.008788949608771, 39.959887741914208 ], [ -83.008790993743375, 39.959877081499975 ], [ -83.008791670188742, 39.959866318235484 ], [ -83.008790972431001, 39.959855555776656 ] ], [ [ -83.010105155310214, 39.958999801698162 ], [ -83.010103088745609, 39.958989143770516 ], [ -83.010099674612519, 39.958978693042013 ], [ -83.010094945791849, 39.958968550159902 ], [ -83.010088947825707, 39.958958812806642 ], [ -83.010081738478888, 39.958949574759181 ], [ -83.010073387182402, 39.958940924985754 ], [ -83.01006397436494, 39.958932946789112 ], [ -83.01005359067814, 39.958925717004334 ], [ -83.010042336123703, 39.958919305258732 ], [ -83.010030319090177, 39.958913773301418 ], [ -83.010020764536378, 39.958909851398126 ], [ -83.010008100928459, 39.958905252558836 ], [ -83.009994912545352, 39.958901631047695 ], [ -83.009981326395987, 39.958899021741139 ], [ -83.009967473319875, 39.958897449767747 ], [ -83.009953486727113, 39.958896930266199 ], [ -83.009939501313553, 39.958897468239464 ], [ -83.009925651763709, 39.958899058506695 ], [ -83.009912071453684, 39.958901685752984 ], [ -83.009898891166813, 39.958905324677062 ], [ -83.00988623783401, 39.958909940234783 ], [ -83.009874233311578, 39.958915487976604 ], [ -83.009862993207562, 39.958921914475809 ], [ -83.009852625768531, 39.958929157842846 ], [ -83.009845094028847, 39.95893496369208 ], [ -83.009835699022204, 39.958942954239014 ], [ -83.009827367018403, 39.958951614956682 ], [ -83.009820178259488, 39.958960862437728 ], [ -83.00981420197752, 39.958970607623939 ], [ -83.009809495727865, 39.958980756663912 ], [ -83.009806104834851, 39.958991211816858 ], [ -83.009804061955222, 39.959001872393884 ], [ -83.009803386763679, 39.959012635727696 ], [ -83.009804085763321, 39.959023398161413 ], [ -83.009806152223021, 39.95903405604674 ], [ -83.009809566242225, 39.959044506742202 ], [ -83.009814294942586, 39.959054649601583 ], [ -83.009820292784525, 39.959064386943339 ], [ -83.009827502005905, 39.959073624991248 ], [ -83.00983585317816, 39.959082274777451 ], [ -83.009845265875001, 39.959090252999481 ], [ -83.009855649446934, 39.959097482822322 ], [ -83.009866903894277, 39.959103894618515 ], [ -83.009878920830218, 39.959109426638612 ], [ -83.009888475327045, 39.959113348599722 ], [ -83.009901138988553, 39.95911794755515 ], [ -83.009914327447092, 39.959121569172204 ], [ -83.009927913690589, 39.959124178572779 ], [ -83.009941766876011, 39.959125750626832 ], [ -83.009955753589509, 39.95912627019468 ], [ -83.009969739131293, 39.959125732272533 ], [ -83.009983588812815, 39.959124142040928 ], [ -83.009997169253964, 39.959121514814655 ], [ -83.01001034966761, 39.959117875895359 ], [ -83.010023003119187, 39.959113260327833 ], [ -83.010035007749053, 39.959107712562542 ], [ -83.010046247946221, 39.959101286027511 ], [ -83.010056615461693, 39.959094042613778 ], [ -83.010064147277333, 39.959088236704723 ], [ -83.010073542332705, 39.959080246106005 ], [ -83.010081874366506, 39.959071585330157 ], [ -83.010089063135979, 39.959062337786413 ], [ -83.010095039408853, 39.95905259253491 ], [ -83.010099745630072, 39.95904244342897 ], [ -83.010103136476161, 39.959031988211322 ], [ -83.010105179291585, 39.959021327572707 ], [ -83.010105854403321, 39.959010564182144 ], [ -83.010105155310214, 39.958999801698162 ] ] ], [ [ [ -83.004398466554562, 39.954466298273587 ], [ -83.004399622382024, 39.954476893435178 ], [ -83.004402104299828, 39.954487352897523 ], [ -83.00441856564909, 39.954541688948183 ], [ -83.004419154842992, 39.954544169146672 ], [ -83.004415949405328, 39.954544690233568 ], [ -83.004234960282105, 39.95456715975444 ], [ -83.004231635097, 39.954567444462235 ], [ -83.004230945999112, 39.954564924851191 ], [ -83.00418778254091, 39.954356852555748 ], [ -83.0041874183201, 39.954354297554936 ], [ -83.004190685619577, 39.954353764684889 ], [ -83.004351916546966, 39.954333767120545 ], [ -83.004355353001287, 39.954333475723971 ], [ -83.004355496980153, 39.954333645064466 ], [ -83.004362243872066, 39.954342529629415 ], [ -83.004370552546192, 39.954351335808944 ], [ -83.00437995309602, 39.954359465783057 ], [ -83.004390353183396, 39.95436683969362 ], [ -83.004401650651857, 39.954373385109093 ], [ -83.004413734530246, 39.954379037735976 ], [ -83.004426486122583, 39.95438374205029 ], [ -83.004437675494472, 39.954386864518412 ], [ -83.004435655690912, 39.954388410740343 ], [ -83.004426848962297, 39.954396602995558 ], [ -83.004419113047476, 39.954405412342823 ], [ -83.004412520477587, 39.954414756187127 ], [ -83.00440713306395, 39.954424546922056 ], [ -83.004403001318664, 39.954434692751178 ], [ -83.004400163980904, 39.95444509854876 ], [ -83.004398647653716, 39.954455666751535 ], [ -83.004398466554562, 39.954466298273587 ] ] ], [ [ [ -83.00437393727907, 39.955287397198738 ], [ -83.004367233794824, 39.955277923878562 ], [ -83.004359354861222, 39.955269002444012 ], [ -83.004353600857272, 39.95526369378095 ], [ -83.004363016265785, 39.955258198638013 ], [ -83.004372673996741, 39.955251334866702 ], [ -83.004372885220832, 39.955251199057756 ], [ -83.00437626346978, 39.95525065643686 ], [ -83.004600853838554, 39.955223341861334 ], [ -83.004604277681082, 39.955223060861897 ], [ -83.004605173378906, 39.955225619504922 ], [ -83.004663360168195, 39.955433001445492 ], [ -83.004663894045564, 39.955435471935196 ], [ -83.004660707231608, 39.955435979215871 ], [ -83.004419738640763, 39.955465164644103 ], [ -83.004416412444783, 39.955465439507108 ], [ -83.004415735276837, 39.95546291831679 ], [ -83.00438640847193, 39.955318192976286 ], [ -83.004383571102821, 39.955307629370843 ], [ -83.004379400622881, 39.955297330984159 ], [ -83.00437393727907, 39.955287397198738 ] ] ], [ [ [ -83.007427799078357, 39.954338700198846 ], [ -83.007414652172216, 39.954338514935259 ], [ -83.007401538932598, 39.954339261891768 ], [ -83.007345280664808, 39.954344481418623 ], [ -83.007331420329649, 39.954346304439248 ], [ -83.007317860464951, 39.954349168547608 ], [ -83.007304732766357, 39.954353045927078 ], [ -83.007292164732263, 39.954357898919909 ], [ -83.007280278425654, 39.954363680392994 ], [ -83.007269189288451, 39.954370334195744 ], [ -83.007259005020487, 39.954377795705263 ], [ -83.007249824533432, 39.954385992454107 ], [ -83.007241736990167, 39.954394844834006 ], [ -83.007234820938763, 39.954404266869055 ], [ -83.007229143549679, 39.9544141670507 ], [ -83.007224759963307, 39.954424449226607 ], [ -83.007221712754443, 39.954435013534223 ], [ -83.007220031518827, 39.954445757370962 ], [ -83.007219536416258, 39.95445114874115 ], [ -83.007216596002124, 39.954452408814653 ], [ -83.00686476154948, 39.954586146553659 ], [ -83.006863678163072, 39.95458650853702 ], [ -83.006850677269753, 39.954591471641457 ], [ -83.006838398723147, 39.954597425424843 ], [ -83.006826969550048, 39.954604308292815 ], [ -83.006816507990209, 39.954612049039291 ], [ -83.006807122273202, 39.954620567583028 ], [ -83.006798909498599, 39.954629775796107 ], [ -83.006791954631481, 39.954639578415652 ], [ -83.006786329623537, 39.95464987402935 ], [ -83.006782092668445, 39.954660556124644 ], [ -83.006779287600011, 39.954671514190586 ], [ -83.006777943438635, 39.954682634861157 ], [ -83.006778074090903, 39.954693803088041 ], [ -83.006779678205916, 39.954704903330892 ], [ -83.006779975697796, 39.954706307390673 ], [ -83.006780356628369, 39.954708898575106 ], [ -83.006777571368573, 39.954710383693552 ], [ -83.006727929987164, 39.954734172188424 ], [ -83.005940691229853, 39.955111424702956 ], [ -83.005937672849811, 39.955112717505756 ], [ -83.005936386475483, 39.955112734469623 ], [ -83.005922236440455, 39.955113463539789 ], [ -83.005908250343808, 39.955115270026582 ], [ -83.005894566354073, 39.955118136083705 ], [ -83.005881319655344, 39.955122033397451 ], [ -83.005868641111746, 39.955126923466231 ], [ -83.005856655974711, 39.955132757981112 ], [ -83.005845482645555, 39.955139479302908 ], [ -83.005840270917844, 39.95514294893988 ], [ -83.005836913280589, 39.955142775628062 ], [ -83.005698767315579, 39.955130435260685 ], [ -83.005561579773527, 39.955118212848241 ], [ -83.005551772208833, 39.955116797763317 ], [ -83.005285998611129, 39.95506339052875 ], [ -83.005276328680523, 39.955060865313662 ], [ -83.005041706938869, 39.954984768108758 ], [ -83.005038581028316, 39.954983613071775 ], [ -83.005035616135928, 39.954982229251634 ], [ -83.004881409432912, 39.954902090835219 ], [ -83.00487861794835, 39.954900475408628 ], [ -83.004879628452102, 39.954897902478407 ], [ -83.004931413039628, 39.954786775046315 ], [ -83.004932736051117, 39.954784320040943 ], [ -83.004934875158227, 39.954782309054707 ], [ -83.004939345581548, 39.954778509668181 ], [ -83.00494748467024, 39.954770102759028 ], [ -83.004954544881599, 39.95476113681373 ], [ -83.004960461857848, 39.954751693562478 ], [ -83.00496518166257, 39.954741859086248 ], [ -83.004977844673263, 39.954711016986565 ], [ -83.004981498705675, 39.954700243538902 ], [ -83.00498371627377, 39.954689240696226 ], [ -83.0049844745771, 39.954678121590462 ], [ -83.004983765819375, 39.954667000548994 ], [ -83.004981597288818, 39.954655991918997 ], [ -83.00497799128307, 39.954645208891833 ], [ -83.004972984879913, 39.954634762339083 ], [ -83.004966629556009, 39.954624759672669 ], [ -83.004958990657627, 39.954615303740432 ], [ -83.004950146728675, 39.954606491768565 ], [ -83.004940188703173, 39.954598414362067 ], [ -83.004929218970162, 39.954591154573059 ], [ -83.004917350321023, 39.954584787046883 ], [ -83.004850714928097, 39.954552773450807 ], [ -83.004844136309686, 39.954549200304498 ], [ -83.004785654732586, 39.954513463528109 ], [ -83.004779650594429, 39.954509349026459 ], [ -83.004726938860244, 39.954468901388069 ], [ -83.004721582299098, 39.954464299856923 ], [ -83.004675110549144, 39.954419543962118 ], [ -83.004670460241371, 39.954414508103653 ], [ -83.004661831561279, 39.954403951797815 ], [ -83.004653917598375, 39.95439523662283 ], [ -83.004644945491108, 39.954387151350751 ], [ -83.004634999360817, 39.954379771787764 ], [ -83.004624172461035, 39.954373167123435 ], [ -83.004612566303152, 39.954367399281942 ], [ -83.004600289704641, 39.954362522341562 ], [ -83.004587457768849, 39.954358582027623 ], [ -83.004585092748087, 39.954358053164398 ], [ -83.004592720707834, 39.954351478296616 ], [ -83.004601048442225, 39.954342682786866 ], [ -83.004608203966711, 39.954333296067432 ], [ -83.004614116995441, 39.954323410341004 ], [ -83.004618552031047, 39.954313518421586 ], [ -83.004618618780853, 39.954313389798912 ], [ -83.004621916870207, 39.954312827954084 ], [ -83.004716914976996, 39.954300338652345 ], [ -83.00473168669059, 39.954297769125915 ], [ -83.00474602130744, 39.954294009136987 ], [ -83.004759757333616, 39.954289101045696 ], [ -83.004772740018979, 39.95428310014664 ], [ -83.004784823100636, 39.954276074046014 ], [ -83.004795870450778, 39.954268101899913 ], [ -83.00479693263064, 39.954267249471151 ], [ -83.004800292603619, 39.954266676298289 ], [ -83.004913125692426, 39.954251849313764 ], [ -83.005089585641201, 39.954228661734916 ], [ -83.005279728492155, 39.954203676692416 ], [ -83.005471607608186, 39.954178462277746 ], [ -83.005657680317142, 39.954154011124935 ], [ -83.005843438081342, 39.954129600701286 ], [ -83.005916017771099, 39.954120062439522 ], [ -83.006080050703176, 39.954098507492745 ], [ -83.006245700160576, 39.954076739134528 ], [ -83.006411886775041, 39.954054899844792 ], [ -83.006579076570958, 39.954032928979039 ], [ -83.006632255432024, 39.954025940419747 ], [ -83.006635719602755, 39.954025619474763 ], [ -83.006636943315414, 39.954025787076446 ], [ -83.006650907977544, 39.954027156826207 ], [ -83.006664980061743, 39.954027460826964 ], [ -83.006679022577558, 39.954026696119271 ], [ -83.006692898822422, 39.954024870147528 ], [ -83.006706473712399, 39.954022000687353 ], [ -83.006719615097253, 39.954018115672724 ], [ -83.006732195046965, 39.954013252923808 ], [ -83.006733786746324, 39.954012559960091 ], [ -83.006737202143199, 39.954011977412833 ], [ -83.007000910076528, 39.953977421244424 ], [ -83.007086001925359, 39.953966281721463 ], [ -83.007088465189426, 39.953965993220045 ], [ -83.007392776769592, 39.953934525716839 ], [ -83.007395434260289, 39.95393423129817 ], [ -83.007667811607433, 39.953902038801289 ], [ -83.007671070017295, 39.953901775509735 ], [ -83.0076721555982, 39.953904154522611 ], [ -83.007816643871124, 39.954276850269565 ], [ -83.007817439445233, 39.95427934114899 ], [ -83.007814301776634, 39.954280206276025 ], [ -83.007497295584599, 39.954354364710476 ], [ -83.007494025654722, 39.954354998797513 ], [ -83.007490173529462, 39.95435328026538 ], [ -83.00747850583025, 39.954348613976322 ], [ -83.00746632949263, 39.954344794136887 ], [ -83.007453747929489, 39.954341853188723 ], [ -83.007440867995257, 39.954339816109147 ], [ -83.007427799078357, 39.954338700198846 ] ] ], [ [ [ -83.011676821946367, 39.962053853723447 ], [ -83.011680634610755, 39.962043243380492 ], [ -83.011683047495438, 39.962032392597166 ], [ -83.011684036349436, 39.962021410433366 ], [ -83.011683591234586, 39.962010407269496 ], [ -83.011681716625361, 39.961999493696922 ], [ -83.011678431363876, 39.961988779406518 ], [ -83.011673768470473, 39.961978372086151 ], [ -83.011667774811841, 39.961968376338298 ], [ -83.011660510629923, 39.961958892628715 ], [ -83.011656659558554, 39.961954396477644 ], [ -83.011656558610468, 39.961954278784617 ], [ -83.011599674068563, 39.961888050883559 ], [ -83.011591106370872, 39.961879096951996 ], [ -83.011581405820806, 39.961870855690115 ], [ -83.011570671890382, 39.961863411605719 ], [ -83.011559014648, 39.961856841032109 ], [ -83.011546553629827, 39.961851211345369 ], [ -83.011533416614, 39.961846580273544 ], [ -83.011519738310383, 39.961842995304607 ], [ -83.011505658979274, 39.961840493199624 ], [ -83.011491322993137, 39.961839099615695 ], [ -83.011476877356159, 39.961838828842893 ], [ -83.011474270011661, 39.96183888162107 ], [ -83.01147256219727, 39.961836675808215 ], [ -83.011351267256956, 39.961661321703332 ], [ -83.01134421975523, 39.961652220892745 ], [ -83.011336065335513, 39.961643685052742 ], [ -83.011326879902754, 39.961635793638301 ], [ -83.01131674895889, 39.961628620105792 ], [ -83.011305766806956, 39.961622231229242 ], [ -83.011294035673288, 39.961616686478791 ], [ -83.011281664755927, 39.96161203746712 ], [ -83.011280616755414, 39.961611735961583 ], [ -83.011283540847074, 39.961609971863055 ], [ -83.011293580365219, 39.96160259644833 ], [ -83.01130264119945, 39.961594505352863 ], [ -83.011306452208402, 39.961590747057983 ], [ -83.011314210824239, 39.961582304314554 ], [ -83.01132090298708, 39.961573337402555 ], [ -83.011326469351076, 39.961563925840828 ], [ -83.011330860553997, 39.961554153091363 ], [ -83.011334037655047, 39.961544105819172 ], [ -83.011335972480154, 39.961533873123628 ], [ -83.011336647871829, 39.961523545748477 ], [ -83.011336057841234, 39.961513215277037 ], [ -83.011334207621331, 39.96150297331998 ], [ -83.01131443517275, 39.961421773141488 ], [ -83.011311235679841, 39.961411429018959 ], [ -83.011306751013635, 39.961401371528289 ], [ -83.01130102322756, 39.961391694978957 ], [ -83.011294106031784, 39.961382490108406 ], [ -83.011286064289578, 39.961373843230966 ], [ -83.011276973409025, 39.961365835428737 ], [ -83.011266918635883, 39.961358541791093 ], [ -83.011255994254341, 39.961352030710692 ], [ -83.011244302702778, 39.961346363242058 ], [ -83.011231953613276, 39.961341592529173 ], [ -83.011219062783596, 39.961337763307093 ], [ -83.011205751091367, 39.961334911482517 ], [ -83.011192143360532, 39.961333063797021 ], [ -83.011178367190993, 39.961332237576428 ], [ -83.011164551762107, 39.961332440568185 ], [ -83.011150826621304, 39.961333670868839 ], [ -83.011137320469459, 39.961335916941835 ], [ -83.011124159953937, 39.961339157725739 ], [ -83.011111468481175, 39.96134336283167 ], [ -83.011099365059422, 39.961348492828193 ], [ -83.011087963182831, 39.961354499611353 ], [ -83.011077369767236, 39.961361326855318 ], [ -83.011067684147591, 39.961368910540905 ], [ -83.01105899714652, 39.961377179555647 ], [ -83.011051390222661, 39.96138605636078 ], [ -83.011044934706831, 39.96139545771819 ], [ -83.011039691133078, 39.961405295471025 ], [ -83.011035708671173, 39.961415477370188 ], [ -83.011033024665394, 39.961425907939656 ], [ -83.011031664284374, 39.961436489371373 ], [ -83.011031640285083, 39.96144712244277 ], [ -83.011032952893174, 39.961457707446876 ], [ -83.011048914003197, 39.961542665958518 ], [ -83.011051565722894, 39.961553150063608 ], [ -83.011055528575113, 39.961563386323931 ], [ -83.011060765066006, 39.961573277889393 ], [ -83.011067225651161, 39.961582731171205 ], [ -83.011074849204377, 39.961591656727322 ], [ -83.011083563595946, 39.961599970108736 ], [ -83.011093286375129, 39.96160759265851 ], [ -83.011103925550287, 39.961614452255951 ], [ -83.011115380459174, 39.961620483999027 ], [ -83.011127542721383, 39.961625630818439 ], [ -83.011134941863517, 39.961628074972133 ], [ -83.011127809827968, 39.961632734427155 ], [ -83.011118222282221, 39.96164033734771 ], [ -83.011109631492033, 39.961648615855559 ], [ -83.011102117424244, 39.961657492891106 ], [ -83.011095750023202, 39.961666885823369 ], [ -83.011090588559711, 39.961676707219176 ], [ -83.011086681079263, 39.961686865657015 ], [ -83.011084063954868, 39.96169726657795 ], [ -83.011082761548323, 39.961707813165972 ], [ -83.011082785983646, 39.961718407249002 ], [ -83.011084137033919, 39.96172895021288 ], [ -83.011089809889569, 39.961758523549996 ], [ -83.011090362598765, 39.961762311109837 ], [ -83.011098942951662, 39.961847782620382 ], [ -83.011099152743142, 39.961851590564571 ], [ -83.011100004054754, 39.961937314216193 ], [ -83.011099869915611, 39.961941124182715 ], [ -83.011092988051018, 39.962026686612624 ], [ -83.011092510626753, 39.962030480229686 ], [ -83.011077928740988, 39.962115468850918 ], [ -83.011077110332437, 39.962119227825411 ], [ -83.011054898711137, 39.962203232816464 ], [ -83.011053743263446, 39.962206939022295 ], [ -83.011024008984506, 39.962289555303308 ], [ -83.011022522068103, 39.962293190868778 ], [ -83.010985408485823, 39.96237402005486 ], [ -83.0109835972696, 39.962377567448847 ], [ -83.010939283323992, 39.962456219771283 ], [ -83.010937156540734, 39.962459661887813 ], [ -83.010885855895054, 39.962535758073713 ], [ -83.01088342379937, 39.962539078314322 ], [ -83.010825617503087, 39.962611956791051 ], [ -83.01082236857016, 39.962615698671343 ], [ -83.010752704673592, 39.962689217172169 ], [ -83.010749437897289, 39.962692409417294 ], [ -83.010672712264181, 39.962761927471838 ], [ -83.010669147522748, 39.962764924993969 ], [ -83.010585948347384, 39.962829884613157 ], [ -83.010582105178173, 39.96283267098304 ], [ -83.010492888453783, 39.962892716125978 ], [ -83.010488787920252, 39.962895276071627 ], [ -83.010394042626061, 39.962950077632634 ], [ -83.010389707202549, 39.962952397123068 ], [ -83.010368321292162, 39.962962957241771 ], [ -83.010357296639924, 39.962968987185363 ], [ -83.010347063444172, 39.962975793247004 ], [ -83.010337713644276, 39.962983314278276 ], [ -83.010329331242886, 39.962991482707203 ], [ -83.010321991551322, 39.963000225145286 ], [ -83.010315760512739, 39.963009463046873 ], [ -83.010310694109819, 39.963019113414838 ], [ -83.010306837861748, 39.963029089546239 ], [ -83.010304226415187, 39.963039301811307 ], [ -83.010302883233066, 39.96304965845875 ], [ -83.010302820383643, 39.963060066439965 ], [ -83.010303328603797, 39.963064391482149 ], [ -83.010303464797786, 39.963067190671907 ], [ -83.010300816041365, 39.963068931050572 ], [ -83.010185185549233, 39.963137511414445 ], [ -83.010179150230456, 39.963141297350532 ], [ -83.009912073643392, 39.963318382209572 ], [ -83.009907322687198, 39.963321677933095 ], [ -83.0095164769794, 39.963605278486199 ], [ -83.00951573191324, 39.963605823021261 ], [ -83.009236511748284, 39.963811367924258 ], [ -83.009233978197301, 39.963813059370722 ], [ -83.009230961130015, 39.963811931591216 ], [ -83.008371113321587, 39.963449761990972 ], [ -83.008370579076782, 39.963449538100356 ], [ -83.008286901384722, 39.963414648263736 ], [ -83.008283647101308, 39.963413111922833 ], [ -83.008280625728375, 39.963411315867219 ], [ -83.007855923505332, 39.963129567628542 ], [ -83.007849061486837, 39.963124352248158 ], [ -83.006540236461646, 39.96198494002968 ], [ -83.006538059418389, 39.961982839639425 ], [ -83.006540548145935, 39.961978766140106 ], [ -83.006545691947181, 39.961969199739791 ], [ -83.00654964206187, 39.961959303081329 ], [ -83.006552363376173, 39.961949164140663 ], [ -83.006553831699605, 39.961938873047487 ], [ -83.006554033980123, 39.961928521284001 ], [ -83.006552968420124, 39.961918200871651 ], [ -83.006550644492421, 39.961908003553184 ], [ -83.006547082855988, 39.961898019977099 ], [ -83.006542315172283, 39.961888338891754 ], [ -83.006536383823814, 39.961879046356515 ], [ -83.00652934153733, 39.961870224976735 ], [ -83.006521250915142, 39.961861953169439 ], [ -83.006323479918692, 39.961678441739757 ], [ -83.006321514242657, 39.961676420566633 ], [ -83.006324717496071, 39.96167587538325 ], [ -83.00636369671146, 39.961670795021561 ], [ -83.006532853601271, 39.961649221316854 ], [ -83.006536240376747, 39.961648917478072 ], [ -83.006540184381961, 39.961649447872929 ], [ -83.006548239933551, 39.961650803406073 ], [ -83.006563579931779, 39.961652072659042 ], [ -83.006579008344104, 39.961652060070399 ], [ -83.006594344809926, 39.961650765787233 ], [ -83.008698348352098, 39.961383944748405 ], [ -83.008701713067694, 39.961383647259673 ], [ -83.008705500518346, 39.961387832348159 ], [ -83.008713803963758, 39.961396133223396 ], [ -83.008723097533306, 39.961403787463688 ], [ -83.008733296648145, 39.961410725409102 ], [ -83.008744308488161, 39.961416883918602 ], [ -83.008756032836715, 39.961422206944654 ], [ -83.008768362992598, 39.961426646043293 ], [ -83.008774634158755, 39.961428629037115 ], [ -83.008775838926994, 39.961433213929496 ], [ -83.008779284463031, 39.96144365850008 ], [ -83.008784043793938, 39.961453792896407 ], [ -83.008790071085272, 39.961463519518688 ], [ -83.008797308291378, 39.961472744694035 ], [ -83.008805685714336, 39.96148137957892 ], [ -83.008815122675259, 39.961489341014428 ], [ -83.008825528291155, 39.961496552327461 ], [ -83.008836802350245, 39.961502944068904 ], [ -83.00884883627711, 39.961508454682622 ], [ -83.008861514178221, 39.961513031098256 ], [ -83.00887471395815, 39.961516629242212 ], [ -83.008888308495372, 39.961519214462299 ], [ -83.008902166866648, 39.961520761861379 ], [ -83.008916155607722, 39.961521256537054 ], [ -83.008930139998895, 39.961520693725312 ], [ -83.008943985362251, 39.961519078846365 ], [ -83.008957558358887, 39.961516427452452 ], [ -83.008970728272956, 39.961512765078048 ], [ -83.008983368270606, 39.961508126993877 ], [ -83.008995356621426, 39.961502557867448 ], [ -83.009006577870849, 39.961496111332636 ], [ -83.009016923951989, 39.961488849473305 ], [ -83.009026295226462, 39.961480842225271 ], [ -83.009034601443901, 39.961472166702933 ], [ -83.009041762611119, 39.961462906456461 ], [ -83.009047709762555, 39.961453150667232 ], [ -83.009052385624315, 39.961442993288948 ], [ -83.009055745165824, 39.961432532142773 ], [ -83.009057756033457, 39.961421867975332 ], [ -83.009058398862066, 39.961411103488359 ], [ -83.009057667461519, 39.961400342349677 ], [ -83.009057062812488, 39.961395766801431 ], [ -83.009057988428324, 39.961393393004059 ], [ -83.009061162770877, 39.96138365531818 ], [ -83.009063168086982, 39.961373735233387 ], [ -83.009063987614368, 39.961363715673201 ], [ -83.009063614502978, 39.961353680392691 ], [ -83.009062051872235, 39.961343713278268 ], [ -83.009061381439238, 39.961340630090163 ], [ -83.009060991902729, 39.961338071630777 ], [ -83.009064264102136, 39.96133752826514 ], [ -83.010239560842734, 39.961188440063488 ], [ -83.010242860499133, 39.961188144859612 ], [ -83.01024483466945, 39.961189537021397 ], [ -83.01025572119778, 39.96119648266216 ], [ -83.010267447678089, 39.961202564988263 ], [ -83.010279898938137, 39.961207724261733 ], [ -83.010292952687095, 39.961211909810359 ], [ -83.010306480716707, 39.961215080525456 ], [ -83.010320350160441, 39.961217205265655 ], [ -83.010334424798501, 39.9612182631626 ], [ -83.010348566395706, 39.961218243826117 ], [ -83.01036263605927, 39.961217147446121 ], [ -83.010429887331767, 39.961209299932364 ], [ -83.010443477218089, 39.961207189957847 ], [ -83.010456736879647, 39.961204075116861 ], [ -83.010469541153356, 39.961199984811579 ], [ -83.010481769174774, 39.96119495765199 ], [ -83.010493305519034, 39.961189041091387 ], [ -83.010504041290318, 39.961182290978478 ], [ -83.010513875149812, 39.961174771030123 ], [ -83.010522714272298, 39.961166552229983 ], [ -83.010530475222339, 39.961157712158403 ], [ -83.010534113611584, 39.96115309963885 ], [ -83.010535985353499, 39.961150964350274 ], [ -83.010539258067652, 39.961150424288292 ], [ -83.010961577022684, 39.961096855775978 ], [ -83.010964990334145, 39.961096555936379 ], [ -83.010965687457144, 39.9610973555314 ], [ -83.010974165911136, 39.96110610646781 ], [ -83.010983731525627, 39.961114166414099 ], [ -83.010994289777571, 39.961121455725291 ], [ -83.011005736335065, 39.961127902371452 ], [ -83.011017958088189, 39.961133442649455 ], [ -83.011030834266776, 39.961138021812644 ], [ -83.011044237633811, 39.96114159461154 ], [ -83.011058035742778, 39.961144125741242 ], [ -83.011072092246422, 39.961145590190142 ], [ -83.011086268244071, 39.96114597348717 ], [ -83.01110042365427, 39.961145271844728 ], [ -83.011114418599021, 39.961143492196179 ], [ -83.011128114785933, 39.961140652127241 ], [ -83.011141376874946, 39.961136779702365 ], [ -83.01115407381559, 39.961131913187245 ], [ -83.011166080142047, 39.961126100670796 ], [ -83.011177277212923, 39.961119399589855 ], [ -83.011187554383667, 39.961111876161759 ], [ -83.011196810099889, 39.961103604729885 ], [ -83.011204952900911, 39.961094667028981 ], [ -83.011211902323453, 39.961085151377638 ], [ -83.011217589696798, 39.961075151805439 ], [ -83.01122195882138, 39.961064767123759 ], [ -83.011224966523983, 39.961054099949521 ], [ -83.011224998143106, 39.961053952861739 ], [ -83.011228357025715, 39.961053402703023 ], [ -83.011340292990994, 39.961039516090594 ], [ -83.011808493067633, 39.960981433666134 ], [ -83.011876444945017, 39.960973050551509 ], [ -83.011879731619757, 39.960972769995735 ], [ -83.01188047456742, 39.960975249648435 ], [ -83.011967602018203, 39.961347685124707 ], [ -83.011968041079399, 39.96135030500291 ], [ -83.011967992245246, 39.961350325650649 ], [ -83.011956042995948, 39.961355983559066 ], [ -83.011944873551897, 39.961362517107951 ], [ -83.011934591890935, 39.9613698631359 ], [ -83.011925297408624, 39.961377950627153 ], [ -83.011917079957314, 39.961386701398006 ], [ -83.011910018977517, 39.961396030852548 ], [ -83.011904182729964, 39.961405848800666 ], [ -83.011903931892945, 39.961406332293016 ], [ -83.011900035107516, 39.961408826372178 ], [ -83.011890009749692, 39.961415891039657 ], [ -83.011880903487494, 39.961423657747609 ], [ -83.011872798963751, 39.961432056010494 ], [ -83.011865769730235, 39.9614410096111 ], [ -83.011859879580172, 39.961450437292321 ], [ -83.011855181969253, 39.961460253494586 ], [ -83.011851719530512, 39.961470369132265 ], [ -83.011849523687403, 39.961480692402255 ], [ -83.011848614368574, 39.961491129617045 ], [ -83.011848999827009, 39.961501586055043 ], [ -83.011850676565132, 39.961511966820069 ], [ -83.011948868734379, 39.961948711256106 ], [ -83.011951273680751, 39.961957331656698 ], [ -83.011959733887991, 39.961982655568576 ], [ -83.012016437177778, 39.962152402211188 ], [ -83.01201712112244, 39.962154982875361 ], [ -83.012013812815425, 39.962155658119073 ], [ -83.011795949426741, 39.962191188910786 ], [ -83.011792560253937, 39.962191608084161 ], [ -83.011790244361165, 39.962189658359065 ], [ -83.01166753916398, 39.962075492144528 ], [ -83.011665528443046, 39.962073425089635 ], [ -83.011665768212708, 39.962073015883 ], [ -83.011671647822283, 39.962064116982646 ], [ -83.011676821946367, 39.962053853723447 ] ] ], [ [ [ -83.008220229292021, 39.953734831960524 ], [ -83.008245518209833, 39.953725948799246 ], [ -83.00824867470098, 39.953724982886072 ], [ -83.00825045143165, 39.953727179910466 ], [ -83.008253813973909, 39.953731848559251 ], [ -83.008256410817395, 39.953735826598859 ], [ -83.008380127813339, 39.953946209768603 ], [ -83.008404608992478, 39.953987839535749 ], [ -83.008405837592861, 39.953990235794379 ], [ -83.008402855799261, 39.953991406296211 ], [ -83.008381438765781, 39.953998816543077 ], [ -83.008378371248611, 39.953999743615967 ], [ -83.008376803516967, 39.95399751271718 ], [ -83.008351347458387, 39.953956692309752 ], [ -83.008218517220342, 39.95373841355164 ], [ -83.00821724440506, 39.953736020832856 ], [ -83.008220229292021, 39.953734831960524 ] ] ], [ [ [ -83.009598238213385, 39.955941040398315 ], [ -83.009599952610358, 39.955943195170413 ], [ -83.009801793611331, 39.956226810353314 ], [ -83.0098031959065, 39.956229026405772 ], [ -83.00980005954824, 39.956229526188189 ], [ -83.009620643788992, 39.956251282967585 ], [ -83.009617321702478, 39.956251560251971 ], [ -83.009615387480807, 39.956249463279171 ], [ -83.009430838354589, 39.956027421685377 ], [ -83.009429181828082, 39.956025195783553 ], [ -83.009431888678222, 39.956023698981696 ], [ -83.009595398539332, 39.955942308480907 ], [ -83.009598238213385, 39.955941040398315 ] ] ], [ [ [ -83.011401621332709, 39.963590621554985 ], [ -83.011401998442395, 39.96359312069545 ], [ -83.011398763944428, 39.963593488474096 ], [ -83.009859972501786, 39.963710596894771 ], [ -83.009857043016567, 39.963710709208051 ], [ -83.009859370423968, 39.963709335646165 ], [ -83.011263424023639, 39.962961454104111 ], [ -83.011266124534629, 39.962960158290088 ], [ -83.011266793029776, 39.962962552600771 ], [ -83.011401621332709, 39.963590621554985 ] ] ], [ [ [ -83.011613461502819, 39.965863017349811 ], [ -83.011613135656319, 39.965862549557016 ], [ -83.01161311915277, 39.965859909729311 ], [ -83.011629243513141, 39.965577532351773 ], [ -83.011629557925943, 39.965574950758047 ], [ -83.011632927553919, 39.965574972964056 ], [ -83.012089888412305, 39.965595422134825 ], [ -83.012093180937725, 39.96559569335691 ], [ -83.012093205359832, 39.965598241245488 ], [ -83.012078127103152, 39.965879798589697 ], [ -83.012077810369718, 39.96588247755885 ], [ -83.01207732028432, 39.965883189620861 ], [ -83.012071112961337, 39.965891231068568 ], [ -83.012065074866555, 39.965901212085349 ], [ -83.012060366031292, 39.965911608175759 ], [ -83.012057033791848, 39.965922314832824 ], [ -83.012055111646305, 39.965933224427488 ], [ -83.012054618917787, 39.96594422729067 ], [ -83.012055560560142, 39.965955212815658 ], [ -83.012057927108131, 39.965966070569898 ], [ -83.012055930618317, 39.965956910647733 ], [ -83.011995591595024, 39.965957173918937 ], [ -83.011995538667364, 39.965949991418938 ], [ -83.011817160320831, 39.965950769537862 ], [ -83.011817107411645, 39.965943587037742 ], [ -83.01163872907955, 39.965944364885452 ], [ -83.011638676188809, 39.965937182385211 ], [ -83.011627275067497, 39.965937232092415 ], [ -83.011624969139405, 39.96594486338595 ], [ -83.011628072431066, 39.965934593277993 ], [ -83.01162988123923, 39.965924141490056 ], [ -83.011630378885968, 39.965913604395105 ], [ -83.011629560783234, 39.965903079152561 ], [ -83.011627434475074, 39.965892662812543 ], [ -83.011624019568146, 39.965882451421002 ], [ -83.011619347550806, 39.965872539134054 ], [ -83.011613461502819, 39.965863017349811 ] ] ], [ [ [ -83.016685907817404, 39.96375241401428 ], [ -83.01668191971855, 39.963752754730166 ], [ -83.016677907126308, 39.963752747276729 ], [ -83.016491525791722, 39.963744288936219 ], [ -83.016476654621698, 39.963744211364506 ], [ -83.016461853715711, 39.963745325138738 ], [ -83.016447283821876, 39.963747618162543 ], [ -83.016433103179381, 39.963751065532087 ], [ -83.016230300453145, 39.963809472883597 ], [ -83.016227117958863, 39.963810259526412 ], [ -83.016223782971366, 39.963810085375108 ], [ -83.015748378223805, 39.963767799117228 ], [ -83.015744914721296, 39.963767355386992 ], [ -83.015744643770461, 39.96376719225217 ], [ -83.015733643085198, 39.963761191412011 ], [ -83.015721955417476, 39.963756016357955 ], [ -83.015709685130076, 39.963751713299594 ], [ -83.015696941788164, 39.96374832066023 ], [ -83.015683839180852, 39.963745868733774 ], [ -83.015670494305212, 39.963744379414145 ], [ -83.01272489970853, 39.96352432634211 ], [ -83.012721425479839, 39.96352392960948 ], [ -83.012719698709105, 39.96352157613952 ], [ -83.012642057615523, 39.963402026885447 ], [ -83.012640494845456, 39.963399456492674 ], [ -83.012570281739158, 39.96327573737365 ], [ -83.012568893689092, 39.963273108269206 ], [ -83.012507083558759, 39.963146762320036 ], [ -83.012505873937414, 39.963144081530473 ], [ -83.012452631927829, 39.963015446419377 ], [ -83.01245160396698, 39.96301272110923 ], [ -83.012407492118243, 39.96288337159627 ], [ -83.012406846306703, 39.962881012422734 ], [ -83.012409630258105, 39.96288211853156 ], [ -83.012554597797191, 39.962946828511107 ], [ -83.01256116698174, 39.962949586279969 ], [ -83.012710126283764, 39.963008273532559 ], [ -83.012716874322663, 39.963010762507231 ], [ -83.012869627175903, 39.963063360016612 ], [ -83.012876535510557, 39.963065573351734 ], [ -83.013032661809163, 39.963111936459953 ], [ -83.013039711439973, 39.963113868068191 ], [ -83.013198781797371, 39.963153869263415 ], [ -83.013205953336026, 39.963155513832298 ], [ -83.013367530266009, 39.963189043099526 ], [ -83.013374803988796, 39.96319039610605 ], [ -83.013538443109198, 39.963217361229852 ], [ -83.013545799011297, 39.963218418952799 ], [ -83.013711050266409, 39.963238745770994 ], [ -83.013718468116878, 39.963239505301324 ], [ -83.013884877015727, 39.963253137908985 ], [ -83.013892336413193, 39.96325359715776 ], [ -83.014059445279869, 39.963260498061075 ], [ -83.014066925708676, 39.963260655765204 ], [ -83.014234274941472, 39.963260805984561 ], [ -83.014241755828081, 39.963260661710301 ], [ -83.014408885164016, 39.963254060832575 ], [ -83.014416345933668, 39.963253614976765 ], [ -83.014582795714716, 39.963240281156331 ], [ -83.014590215847946, 39.963239534945195 ], [ -83.014755528285733, 39.963219504854194 ], [ -83.0147628873749, 39.963218460340016 ], [ -83.014926607810125, 39.96319178906726 ], [ -83.014933885615534, 39.963190449122777 ], [ -83.015096818706851, 39.963156952020952 ], [ -83.015101517968546, 39.963155919248877 ], [ -83.01527088320816, 39.963116271192227 ], [ -83.015277305628032, 39.9631146387838 ], [ -83.015443154620172, 39.963069102325974 ], [ -83.015449469293557, 39.963067237564459 ], [ -83.015612327621781, 39.963015704749289 ], [ -83.015618520360647, 39.963013611824579 ], [ -83.015779910170636, 39.962955518821573 ], [ -83.015782281538591, 39.962954705368077 ], [ -83.016980857232156, 39.962563506525044 ], [ -83.016986129165758, 39.962561971968739 ], [ -83.017199296447615, 39.962507228616083 ], [ -83.017282111744052, 39.962485961902772 ], [ -83.017282996113821, 39.962485732322847 ], [ -83.01765068758786, 39.962389248170282 ], [ -83.01805761759671, 39.962282324555652 ], [ -83.018060760105982, 39.962281627522721 ], [ -83.018061427321697, 39.962284091215977 ], [ -83.018171017731987, 39.962816647967536 ], [ -83.018171377935886, 39.962819205391 ], [ -83.018168105767188, 39.962819731999559 ], [ -83.017767725189557, 39.962868530244926 ], [ -83.017324221979806, 39.962922582882968 ], [ -83.017310508825616, 39.962924789970288 ], [ -83.017297143018453, 39.962928021165744 ], [ -83.01728425339013, 39.96293224532414 ], [ -83.017271964182754, 39.962937421729187 ], [ -83.017260393851032, 39.96294350048597 ], [ -83.017249653920587, 39.96295042300185 ], [ -83.01723984791299, 39.962958122551321 ], [ -83.01723107034789, 39.962966524918997 ], [ -83.017223405831913, 39.962975549115107 ], [ -83.017216928243258, 39.962985108156069 ], [ -83.017211700019416, 39.962995109902963 ], [ -83.017207771555462, 39.963005457949635 ], [ -83.017205180718207, 39.963016052551822 ], [ -83.017203952481196, 39.963026791588803 ], [ -83.017204098683962, 39.963037571547574 ], [ -83.017205617917909, 39.963048288520582 ], [ -83.01721109010532, 39.963074757566623 ], [ -83.017216295476487, 39.963099935911316 ], [ -83.017219170377103, 39.963110478561298 ], [ -83.017223373908976, 39.963120753716403 ], [ -83.017228865617284, 39.963130662487124 ], [ -83.017235592649627, 39.963140109510064 ], [ -83.017243490264562, 39.963149003865738 ], [ -83.017252482454694, 39.963157259953562 ], [ -83.017262482678191, 39.96316479831566 ], [ -83.017273394691685, 39.963171546401703 ], [ -83.017285113476476, 39.963177439267042 ], [ -83.017297526249266, 39.963182420197789 ], [ -83.01731051354767, 39.963186441256681 ], [ -83.017323950379861, 39.963189463744385 ], [ -83.017337707427615, 39.963191458571977 ], [ -83.017351652290799, 39.963192406540891 ], [ -83.017365650761704, 39.963192298527723 ], [ -83.017379568116723, 39.963191135572039 ], [ -83.019000279503558, 39.962993393265371 ], [ -83.019003586857821, 39.962993116885841 ], [ -83.019003946308203, 39.962995661851721 ], [ -83.019020516496113, 39.963210888855322 ], [ -83.019020548973913, 39.963213509351299 ], [ -83.019017285310198, 39.963214258141811 ], [ -83.01842376838124, 39.963326083931157 ], [ -83.018412265738277, 39.963328649259331 ], [ -83.017293832260506, 39.963617741245734 ], [ -83.017288183697033, 39.963619303724741 ], [ -83.016958973287515, 39.963716431232605 ], [ -83.016955610689735, 39.963717278256432 ], [ -83.016952155357089, 39.963717863989302 ], [ -83.016685907817404, 39.96375241401428 ] ] ], [ [ [ -83.013490402620192, 39.96210821422892 ], [ -83.013338330958803, 39.962119314530781 ], [ -83.013284338091779, 39.962123255747606 ], [ -83.013273292296859, 39.962124398455629 ], [ -83.013262396087086, 39.962126201035105 ], [ -83.013191600529254, 39.962140159187918 ], [ -83.013187665267324, 39.962140755253621 ], [ -83.013183667778662, 39.962141006249546 ], [ -83.013114750666418, 39.962142329468968 ], [ -83.013107767235198, 39.962142595405894 ], [ -83.013038468038559, 39.96214654601053 ], [ -83.01303513159435, 39.962146610698291 ], [ -83.013034368250658, 39.962144110553545 ], [ -83.012987639548271, 39.961948726921037 ], [ -83.01296543554615, 39.961853911263283 ], [ -83.012949177283573, 39.961784482927612 ], [ -83.012948743293435, 39.961781897170269 ], [ -83.012952061246267, 39.961781369071602 ], [ -83.013021260803157, 39.961773096619183 ], [ -83.013024774610969, 39.961772815457003 ], [ -83.013027683280413, 39.96177435831342 ], [ -83.013074716869056, 39.961802102923549 ], [ -83.013080410482218, 39.961805293000083 ], [ -83.013128326236313, 39.961830771563946 ], [ -83.013136098501079, 39.961834624222071 ], [ -83.013219761487292, 39.961873203201961 ], [ -83.013229807079583, 39.96187742368955 ], [ -83.013316231167764, 39.961910342703511 ], [ -83.013326684014828, 39.961913930090127 ], [ -83.013416258656221, 39.961941413326095 ], [ -83.01342705151032, 39.961944344532327 ], [ -83.013519200430608, 39.961966215177178 ], [ -83.013530263856239, 39.961968471345145 ], [ -83.013624394217331, 39.961984588694165 ], [ -83.013635657038094, 39.961986155308807 ], [ -83.013731163252714, 39.961996415670924 ], [ -83.013742553009209, 39.961997282653414 ], [ -83.013841062409341, 39.962001721021302 ], [ -83.013844440655106, 39.962002000957987 ], [ -83.013847053854249, 39.962005034785307 ], [ -83.013855792715262, 39.96201412632567 ], [ -83.013865700355993, 39.962022478047977 ], [ -83.013876671699379, 39.962030001376334 ], [ -83.013888590386841, 39.9620366165205 ], [ -83.013901330012473, 39.96204225332221 ], [ -83.013914755463631, 39.962046851999141 ], [ -83.013928724353917, 39.962050363779014 ], [ -83.013943088533225, 39.962052751416913 ], [ -83.013957695659172, 39.962053989590203 ], [ -83.013972390812668, 39.962054065167166 ], [ -83.014105238534285, 39.962049479043955 ], [ -83.014342859247535, 39.962041275221651 ], [ -83.014784517353306, 39.962026083576063 ], [ -83.014785408823101, 39.962026086244293 ], [ -83.014784524508102, 39.962026173024434 ], [ -83.014575694016358, 39.962038777881233 ], [ -83.014109019659102, 39.962066945935156 ], [ -83.013959405055274, 39.962075976475241 ], [ -83.013802438600578, 39.962085449606604 ], [ -83.013800117403704, 39.962085604373776 ], [ -83.013649942327888, 39.962096568482686 ], [ -83.013490402620192, 39.96210821422892 ] ] ], [ [ [ -83.019971511453335, 39.965773321755869 ], [ -83.019970818665158, 39.965770809707521 ], [ -83.019968641023127, 39.965760497780444 ], [ -83.019965788050712, 39.965750159238475 ], [ -83.019961656545533, 39.96574007963995 ], [ -83.019956284784257, 39.965730352366748 ], [ -83.019949722533781, 39.965721067536727 ], [ -83.019942030590158, 39.965712311168566 ], [ -83.019933280215312, 39.965704164385137 ], [ -83.01992355247684, 39.965696702661781 ], [ -83.019912937497054, 39.965689995127093 ], [ -83.019901533617841, 39.965684103922555 ], [ -83.019889446489842, 39.965679083626803 ], [ -83.019876788093399, 39.965674980750009 ], [ -83.01986367570133, 39.965671833302913 ], [ -83.019850230792414, 39.965669670444782 ], [ -83.019836577925915, 39.965668512213298 ], [ -83.019822843587704, 39.965668369338736 ], [ -83.019809155018436, 39.965669243144802 ], [ -83.019795639034726, 39.96567112553614 ], [ -83.019782420854327, 39.965673999073537 ], [ -83.019769622936039, 39.965677837135296 ], [ -83.019757363845244, 39.965682604164009 ], [ -83.019745757155462, 39.965688255995921 ], [ -83.019734910396167, 39.965694740270038 ], [ -83.019724924056575, 39.965701996913282 ], [ -83.019715890654723, 39.965709958696948 ], [ -83.01964973808505, 39.96577426518899 ], [ -83.019647350865412, 39.96577635402285 ], [ -83.01964376415701, 39.965776701351864 ], [ -83.018854542064304, 39.965821388067759 ], [ -83.018840509548113, 39.965822185015426 ], [ -83.018146589514259, 39.965861467674415 ], [ -83.018143303832204, 39.965861534244112 ], [ -83.018141065462146, 39.96585968227118 ], [ -83.017464648088975, 39.965244290125568 ], [ -83.017462378350558, 39.965241986498171 ], [ -83.017461551024667, 39.965239166627086 ], [ -83.017259376088589, 39.964325768729623 ], [ -83.017258971984774, 39.964323150621418 ], [ -83.017262346300299, 39.964322692853649 ], [ -83.019445017106591, 39.964113290536233 ], [ -83.019448424481666, 39.964113090884126 ], [ -83.019450197101207, 39.964113118305313 ], [ -83.019460961364786, 39.964113668441186 ], [ -83.019475183843127, 39.964113302311766 ], [ -83.019489288213578, 39.964111848008898 ], [ -83.019503134215157, 39.964109319994954 ], [ -83.019516584156293, 39.964105743409718 ], [ -83.01952950428408, 39.964101153820579 ], [ -83.019541766114429, 39.964095596868695 ], [ -83.019553247709723, 39.964089127815178 ], [ -83.019563834891542, 39.96408181099148 ], [ -83.019573422376013, 39.964073719159707 ], [ -83.019581914820861, 39.964064932789007 ], [ -83.019589227773523, 39.964055539255284 ], [ -83.019595288510942, 39.964045631972382 ], [ -83.01960003676281, 39.964035309463064 ], [ -83.019601837303469, 39.964029658399802 ], [ -83.019602767013851, 39.964027269902253 ], [ -83.01960571329208, 39.96402579580085 ], [ -83.020095682059022, 39.96380676442282 ], [ -83.020098554094403, 39.963805619968582 ], [ -83.020099218422828, 39.963808055641884 ], [ -83.020312759444508, 39.964836656964671 ], [ -83.020315802516407, 39.964847661164548 ], [ -83.020320292950515, 39.964858368005949 ], [ -83.020326183607793, 39.964868665090556 ], [ -83.020333412649848, 39.964878444321478 ], [ -83.020341904188072, 39.964887603038214 ], [ -83.020351569080319, 39.964896045094157 ], [ -83.020362305866669, 39.964903681866147 ], [ -83.020374001834526, 39.964910433184698 ], [ -83.02251832245247, 39.966020802510862 ], [ -83.022520745878751, 39.96602219720053 ], [ -83.022517719681659, 39.966022214232119 ], [ -83.022034192157435, 39.966006380971379 ], [ -83.020691787505555, 39.965962023574704 ], [ -83.020681640725215, 39.965961124486022 ], [ -83.020584951608981, 39.965947095372385 ], [ -83.020582059034496, 39.965946578694428 ], [ -83.020579232487165, 39.965945878314706 ], [ -83.019974583706613, 39.96577432481962 ], [ -83.019971511453335, 39.965773321755869 ] ] ], [ [ [ -83.019168928850007, 39.966954758979398 ], [ -83.019173899456021, 39.966965051356723 ], [ -83.01918018110166, 39.966974910312139 ], [ -83.01918771097732, 39.966984237265933 ], [ -83.019196413792201, 39.966992938957894 ], [ -83.019206202527229, 39.967000928379726 ], [ -83.019216979305099, 39.967008125645108 ], [ -83.019228636368922, 39.96701445878854 ], [ -83.019241057159746, 39.96701986448479 ], [ -83.019254117482021, 39.967024288682161 ], [ -83.019267686745394, 39.967027687143045 ], [ -83.019281629270537, 39.967030025886146 ], [ -83.019295805645839, 39.967031281526346 ], [ -83.019310074121364, 39.967031441508418 ], [ -83.019315079540092, 39.967031111540372 ], [ -83.019319665703961, 39.967030987385485 ], [ -83.019323174244931, 39.967031438196344 ], [ -83.019348331943192, 39.967035677982842 ], [ -83.019351848661614, 39.967036419128156 ], [ -83.019354681357996, 39.967038185665608 ], [ -83.019375978048672, 39.967052933831141 ], [ -83.019391600706285, 39.967062326931426 ], [ -83.0194101714319, 39.96707197268514 ], [ -83.019427335246988, 39.967079609088465 ], [ -83.019453344181031, 39.967089393287594 ], [ -83.019456257584835, 39.96709062453462 ], [ -83.019457265343135, 39.96709306173944 ], [ -83.019469311233109, 39.967127833554791 ], [ -83.019474354913356, 39.967139655592185 ], [ -83.01948971719203, 39.967169784451102 ], [ -83.0194964667226, 39.967181091532282 ], [ -83.019516160317977, 39.967209689659619 ], [ -83.019524529034044, 39.967220336595325 ], [ -83.019551109359881, 39.967250190969004 ], [ -83.019552758407187, 39.967252229382936 ], [ -83.019553914391054, 39.96725444968353 ], [ -83.019614663156588, 39.967387641090752 ], [ -83.019620760716535, 39.967398948965105 ], [ -83.019656875237445, 39.967456611901881 ], [ -83.019662764022854, 39.96746505183895 ], [ -83.019706160369495, 39.967521222363111 ], [ -83.019712982759316, 39.967529235270646 ], [ -83.01976257655528, 39.967582281808745 ], [ -83.019770280628478, 39.96758980670257 ], [ -83.019825694443114, 39.967639325530406 ], [ -83.019834221567919, 39.96764630514032 ], [ -83.019896622291895, 39.967693110979347 ], [ -83.019899320515691, 39.967695375958847 ], [ -83.019901671445837, 39.967697859564275 ], [ -83.020104155308104, 39.967939182673611 ], [ -83.020105721486303, 39.967941137836107 ], [ -83.02026028447267, 39.968143444052188 ], [ -83.020264667956909, 39.968150209791844 ], [ -83.020303436906261, 39.968222068819586 ], [ -83.020309037776215, 39.968231232287778 ], [ -83.020315711940171, 39.968239959792008 ], [ -83.020323402638141, 39.968248177109338 ], [ -83.020332044464979, 39.968255814355615 ], [ -83.020343073624716, 39.968264698677807 ], [ -83.020349629242418, 39.968270808092534 ], [ -83.020371317750431, 39.968294289241193 ], [ -83.020376660653469, 39.968301061807161 ], [ -83.020393724781627, 39.968326702792226 ], [ -83.020397743420631, 39.968333997113653 ], [ -83.020402948905328, 39.968345742913783 ], [ -83.020407734557367, 39.968355111722531 ], [ -83.020413615186143, 39.968364103946818 ], [ -83.020420541369248, 39.968372644012966 ], [ -83.020428454897029, 39.96838066014729 ], [ -83.020472528529936, 39.96842129445082 ], [ -83.020477860390059, 39.968425937422261 ], [ -83.020540172914593, 39.968477208086064 ], [ -83.020545836644359, 39.968481612271496 ], [ -83.020612128640877, 39.968530332384368 ], [ -83.020614558606354, 39.968532307059483 ], [ -83.020615452803995, 39.968534937973864 ], [ -83.020618324053814, 39.968545533768953 ], [ -83.020618817756059, 39.968547847322014 ], [ -83.020618790941697, 39.968550183172532 ], [ -83.020589016684312, 39.968996090066753 ], [ -83.0205886774107, 39.9689986992462 ], [ -83.020586799568946, 39.969000887474202 ], [ -83.020404992360938, 39.969191958307135 ], [ -83.020402827794911, 39.96919401157615 ], [ -83.02039673638356, 39.969193535207573 ], [ -83.020383067052563, 39.969192973954698 ], [ -83.020369390716382, 39.969193422951676 ], [ -83.020355833203396, 39.96919487806759 ], [ -83.020342519248743, 39.969197325914685 ], [ -83.02032957134675, 39.96920074397169 ], [ -83.020317108623885, 39.969205100790973 ], [ -83.020305245742918, 39.96921035628781 ], [ -83.020294091847788, 39.969216462109316 ], [ -83.020283749559553, 39.969223362079141 ], [ -83.020274314032207, 39.969230992714436 ], [ -83.020265872077218, 39.969239283809905 ], [ -83.020258501364822, 39.969248159083641 ], [ -83.020252269709374, 39.969257536878999 ], [ -83.020251100691169, 39.969259526084684 ], [ -83.020248540983275, 39.969263454643695 ], [ -83.020211992322515, 39.969314353319483 ], [ -83.020208845455002, 39.969318327684633 ], [ -83.020161617442767, 39.969372648398483 ], [ -83.020157829324276, 39.969376609126975 ], [ -83.020104578517376, 39.969427355658873 ], [ -83.020100344763975, 39.96943103955013 ], [ -83.020041403223132, 39.969477914290231 ], [ -83.020036757834347, 39.969481291759571 ], [ -83.019972598896857, 39.969523918265288 ], [ -83.0199675791782, 39.969526962188915 ], [ -83.019898718084548, 39.969564998133713 ], [ -83.019893602218431, 39.969567564728379 ], [ -83.019882435924643, 39.969573777880633 ], [ -83.01987210050153, 39.969580790693946 ], [ -83.019862692313154, 39.969588537783359 ], [ -83.019854299078389, 39.969596946917768 ], [ -83.019846999053158, 39.969605939693416 ], [ -83.019840860300775, 39.969615432264789 ], [ -83.019835940057305, 39.969625336126441 ], [ -83.019832284197946, 39.96963555893818 ], [ -83.019829926809251, 39.969646005386018 ], [ -83.019828889871292, 39.969656578070762 ], [ -83.019829183052778, 39.969667178416152 ], [ -83.019830803620749, 39.969677707588083 ], [ -83.019833736466154, 39.969688067416001 ], [ -83.019837954244679, 39.969698161308102 ], [ -83.019843417631606, 39.969707895152176 ], [ -83.019850075688552, 39.96971717819283 ], [ -83.019857866338299, 39.969725923877888 ], [ -83.019866716943582, 39.969734050665245 ], [ -83.019876544984385, 39.969741482783157 ], [ -83.019887258827296, 39.969748150936802 ], [ -83.019898758579785, 39.969753992954246 ], [ -83.019910937021734, 39.969758954366227 ], [ -83.01992368060499, 39.96976298891402 ], [ -83.01993687051214, 39.969766058980632 ], [ -83.019950383764325, 39.969768135941642 ], [ -83.01996409436785, 39.969769200432076 ], [ -83.020172591642719, 39.969777592895433 ], [ -83.020176099275702, 39.969777870161799 ], [ -83.02017882039128, 39.969779313236899 ], [ -83.020183638871359, 39.969782173310755 ], [ -83.020194879775062, 39.969787642377753 ], [ -83.020206733564592, 39.969792282556611 ], [ -83.020219097292113, 39.969796053548237 ], [ -83.020231863580975, 39.969798922602259 ], [ -83.020244921558302, 39.969800864801485 ], [ -83.020258157817949, 39.969801863278256 ], [ -83.020648181462704, 39.969817215552347 ], [ -83.020651311862622, 39.969817458455879 ], [ -83.02064905050193, 39.969819141582967 ], [ -83.020622611995165, 39.969836961814082 ], [ -83.019762800196133, 39.970416890716358 ], [ -83.019339811600375, 39.970702184123446 ], [ -83.019167282303769, 39.970818550654002 ], [ -83.019143940367741, 39.967694793166544 ], [ -83.019131491805794, 39.967695744748255 ], [ -83.019145731914406, 39.96769465621864 ], [ -83.019159758746497, 39.967692475828535 ], [ -83.019173431258466, 39.967689225502333 ], [ -83.019186611969545, 39.967684937922982 ], [ -83.019199168344187, 39.967679656203238 ], [ -83.019210974124817, 39.967673433452234 ], [ -83.019221910601374, 39.96766633224135 ], [ -83.019231867804976, 39.96765842397518 ], [ -83.019240745613672, 39.967649788173347 ], [ -83.01924845475925, 39.967640511671107 ], [ -83.019254917724766, 39.967630687746016 ], [ -83.019260069524051, 39.967620415180065 ], [ -83.01926385835506, 39.967609797266469 ], [ -83.019266246120822, 39.967598940770841 ], [ -83.019267208812479, 39.967587954857862 ], [ -83.019266736750581, 39.967576949993408 ], [ -83.019264834682517, 39.967566036833865 ], [ -83.019261521734663, 39.967555325113494 ], [ -83.019256831220076, 39.967544922540974 ], [ -83.019250810303475, 39.967534933716394 ], [ -83.019243519527009, 39.967525459079432 ], [ -83.019141791574015, 39.967407214444698 ], [ -83.019137884412146, 39.966884302513755 ], [ -83.019138036938969, 39.966884605413519 ], [ -83.019142690895507, 39.966892832848472 ], [ -83.019148202350664, 39.966900740431328 ], [ -83.019160714576159, 39.966917054729187 ], [ -83.019162290035297, 39.966919354075365 ], [ -83.01916231188315, 39.966922325911611 ], [ -83.019163105952671, 39.966933288917375 ], [ -83.019165318984093, 39.966944136093545 ], [ -83.019168928850007, 39.966954758979398 ] ], [ [ -83.019729986179584, 39.968531708455416 ], [ -83.019734321513411, 39.968542162639217 ], [ -83.019739991315561, 39.968552231677428 ], [ -83.019746938961759, 39.968561815009643 ], [ -83.019755095065747, 39.968570816926174 ], [ -83.019764378172113, 39.968579147523997 ], [ -83.019774695569907, 39.968586723604588 ], [ -83.019785944218498, 39.968593469504825 ], [ -83.019798011776643, 39.968599317852686 ], [ -83.019810777724473, 39.968604210239988 ], [ -83.019824114567115, 39.968608097805962 ], [ -83.019837889108075, 39.968610941725046 ], [ -83.019851963779388, 39.968612713594652 ], [ -83.019866198015663, 39.968613395718918 ], [ -83.01988044965789, 39.968612981285403 ], [ -83.01989457637319, 39.968611474433075 ], [ -83.019908437076367, 39.96860889021108 ], [ -83.019921893339003, 39.968605254428311 ], [ -83.019934810771872, 39.968600603395799 ], [ -83.019947060367187, 39.968594983563918 ], [ -83.019978954851709, 39.968578635658865 ], [ -83.01999019534766, 39.968572241221892 ], [ -83.020000568832302, 39.968565031292847 ], [ -83.020009975771586, 39.968557075051571 ], [ -83.020018325905639, 39.968548448838732 ], [ -83.020025539114712, 39.968539235423428 ], [ -83.020031546188136, 39.968529523208936 ], [ -83.020036289488161, 39.968519405384519 ], [ -83.020039723503146, 39.96850897903132 ], [ -83.020041815284117, 39.968498344190664 ], [ -83.020042544760969, 39.968487602904361 ], [ -83.02004190493497, 39.968476858235512 ], [ -83.020039901945879, 39.968466213279626 ], [ -83.020036555013121, 39.968455770175382 ], [ -83.020031896251155, 39.96844562912473 ], [ -83.020025970361516, 39.968435887431255 ], [ -83.020018834203739, 39.968426638566733 ], [ -83.020004226693246, 39.968409659934778 ], [ -83.019996103218986, 39.968401139057953 ], [ -83.01998695282947, 39.968393258480987 ], [ -83.01997686027488, 39.968386091192869 ], [ -83.019965919031549, 39.968379703576169 ], [ -83.019954230436127, 39.96837415479223 ], [ -83.019941902747121, 39.968369496233187 ], [ -83.019929050142139, 39.968365771046066 ], [ -83.01991579166048, 39.968363013733047 ], [ -83.019902250100472, 39.968361249832029 ], [ -83.019888550882342, 39.968360495680038 ], [ -83.019874820886457, 39.968360758261902 ], [ -83.019861187278238, 39.96836203514566 ], [ -83.019847776330423, 39.968364314504946 ], [ -83.019834712253456, 39.968367575228648 ], [ -83.019822116045248, 39.968371787116347 ], [ -83.019810104370336, 39.968376911158096 ], [ -83.01979878847952, 39.968382899895651 ], [ -83.019788273179373, 39.968389697862001 ], [ -83.019778655861586, 39.96839724209525 ], [ -83.019770025600948, 39.968405462721577 ], [ -83.019762462330291, 39.968414283602456 ], [ -83.019756036100219, 39.968423623039897 ], [ -83.019750806430238, 39.968433394533001 ], [ -83.019746821757565, 39.968443507579195 ], [ -83.019745704234623, 39.96844692893827 ], [ -83.019745605666429, 39.968447055193451 ], [ -83.019738881803079, 39.96845673256135 ], [ -83.019733446859291, 39.968466877979886 ], [ -83.019729355114748, 39.968477390126239 ], [ -83.019726647434524, 39.968488164015014 ], [ -83.019725350861066, 39.968499092046606 ], [ -83.019725478344014, 39.968510065082043 ], [ -83.019727028610831, 39.968520973532826 ], [ -83.019729986179584, 39.968531708455416 ] ] ], [ [ [ -83.020938505412929, 39.971825395625324 ], [ -83.020924205419121, 39.971826144044762 ], [ -83.020910075109242, 39.971827992255363 ], [ -83.020896257002974, 39.971830921615975 ], [ -83.020882890471057, 39.971834902580703 ], [ -83.02087011032971, 39.971839894997196 ], [ -83.020858045480836, 39.971845848511471 ], [ -83.020846817611869, 39.971852703075733 ], [ -83.020836539968556, 39.971860389554152 ], [ -83.020827316212603, 39.971868830420107 ], [ -83.020819239376223, 39.971877940538072 ], [ -83.020812390923766, 39.971887628022358 ], [ -83.020763042197515, 39.97196664761816 ], [ -83.020757299481403, 39.971977224590674 ], [ -83.020753400433279, 39.971987231229186 ], [ -83.020753208336885, 39.97198765620255 ], [ -83.020749945387593, 39.971987396677292 ], [ -83.02070471262607, 39.971982107141407 ], [ -83.020690876967336, 39.971981016583591 ], [ -83.020676969039513, 39.971980967350078 ], [ -83.020663120923729, 39.971981959908462 ], [ -83.020649464133101, 39.971983984832541 ], [ -83.020636128363833, 39.971987022892066 ], [ -83.020623240263447, 39.971991045234958 ], [ -83.020610922228116, 39.971996013661851 ], [ -83.020599291240217, 39.972001880988351 ], [ -83.020588457757498, 39.972008591493491 ], [ -83.020578524664003, 39.9720160814487 ], [ -83.020569586293007, 39.972024279723058 ], [ -83.020561727531145, 39.972033108458888 ], [ -83.020555023012264, 39.972042483811052 ], [ -83.02054953640868, 39.972052316743223 ], [ -83.020545319826326, 39.972062513873546 ], [ -83.020542413310082, 39.972072978361332 ], [ -83.020540844463326, 39.972083610826772 ], [ -83.020540628185771, 39.972094310294814 ], [ -83.020541766532006, 39.972104975154004 ], [ -83.02054424869192, 39.972115504121554 ], [ -83.020548051093371, 39.972125797205123 ], [ -83.020553137625953, 39.972135756652541 ], [ -83.020559459984, 39.972145287880075 ], [ -83.020566958125272, 39.972154300370704 ], [ -83.020575560841166, 39.972162708533773 ], [ -83.020585186432939, 39.972170432517821 ], [ -83.020595743487661, 39.972177398968967 ], [ -83.02060713174626, 39.97218354172751 ], [ -83.020690493387477, 39.972223994052356 ], [ -83.0206933184663, 39.972225521862654 ], [ -83.020692832227141, 39.972228152208899 ], [ -83.020654080897472, 39.972382138813146 ], [ -83.020543548010167, 39.972821361568379 ], [ -83.020239791850102, 39.974028346503971 ], [ -83.020239302563951, 39.974030394529407 ], [ -83.020223365042327, 39.974100856091425 ], [ -83.020222641644224, 39.974103338587007 ], [ -83.020219334880025, 39.974103336642649 ], [ -83.019810906190173, 39.974087921576071 ], [ -83.019797874637888, 39.974087887993534 ], [ -83.019784893426888, 39.974088769054177 ], [ -83.019772070782949, 39.974090557412488 ], [ -83.019759513609756, 39.974093238158723 ], [ -83.019747326597823, 39.974096788943278 ], [ -83.019735611351621, 39.974101180162826 ], [ -83.019729517485359, 39.974104020504733 ], [ -83.019727142598711, 39.974104999805306 ], [ -83.019723680216941, 39.974105000471368 ], [ -83.019708469246581, 39.974104427444743 ], [ -83.019705117416009, 39.974104176590814 ], [ -83.019700235998968, 39.974100537818451 ], [ -83.019700217445546, 39.974100552551185 ], [ -83.01969931908053, 39.974099820173066 ], [ -83.019688223005645, 39.974092458211118 ], [ -83.01967620434155, 39.974086010314011 ], [ -83.019663389759529, 39.974080544439559 ], [ -83.019649914319402, 39.974076118195512 ], [ -83.019635920046014, 39.974072778232369 ], [ -83.019621554432419, 39.974070559751745 ], [ -83.019606968885341, 39.974069486135406 ], [ -83.019407180485032, 39.974062713763352 ], [ -83.019391473387131, 39.97406284701681 ], [ -83.019375880455172, 39.974064307480063 ], [ -83.019360590571267, 39.974067077461989 ], [ -83.019345788946708, 39.974071123408955 ], [ -83.019340548485033, 39.974072811119257 ], [ -83.019334654019687, 39.97407372817726 ], [ -83.019332806508714, 39.974073943129703 ], [ -83.019319249758681, 39.974076585437082 ], [ -83.019315953651159, 39.974077500046413 ], [ -83.019311000269539, 39.974078664340801 ], [ -83.019307509847167, 39.974078665832721 ], [ -83.019191612898155, 39.974074313686081 ], [ -83.019169646618423, 39.971134941523033 ], [ -83.020639005970736, 39.970566191717722 ], [ -83.020642339604805, 39.970565064220047 ], [ -83.020645901586775, 39.970565646547762 ], [ -83.020892377334363, 39.970616364256415 ], [ -83.020895503933801, 39.970617132674491 ], [ -83.020895246934799, 39.970619650295966 ], [ -83.020811678096194, 39.971126284416414 ], [ -83.020810608808191, 39.97113676097019 ], [ -83.020810846073402, 39.971147268191885 ], [ -83.020812387719261, 39.971157709843759 ], [ -83.020815219626087, 39.971167990288535 ], [ -83.020819315856428, 39.971178015365432 ], [ -83.020824638892549, 39.971187693252688 ], [ -83.020831139980118, 39.971196935308349 ], [ -83.020838759574687, 39.971205656882425 ], [ -83.020847427887048, 39.971213778092029 ], [ -83.020857065522506, 39.97122122455314 ], [ -83.020867584208048, 39.971227928061943 ], [ -83.020878887600745, 39.971233827219379 ], [ -83.020890872170355, 39.971238867993698 ], [ -83.020903428147463, 39.971243004215211 ], [ -83.020916440528936, 39.971246197999307 ], [ -83.020929790131234, 39.971248420093303 ], [ -83.021049345707425, 39.971263754831121 ], [ -83.021052640177203, 39.971264309392431 ], [ -83.021051479280132, 39.971266745532589 ], [ -83.021048863422521, 39.971271484390499 ], [ -83.021043986316627, 39.971281699107465 ], [ -83.021040447266543, 39.971292235086821 ], [ -83.021038281031892, 39.971302988848826 ], [ -83.021037508889052, 39.97131385477487 ], [ -83.021038138422341, 39.971324726144587 ], [ -83.021040163449427, 39.971335496184075 ], [ -83.021043564081992, 39.971346059114708 ], [ -83.021048306921088, 39.971356311191876 ], [ -83.021054345385153, 39.97136615172397 ], [ -83.021061620167444, 39.97137548406144 ], [ -83.021070059818513, 39.971384216545893 ], [ -83.021079581448021, 39.971392263410458 ], [ -83.021090091538724, 39.97139954562212 ], [ -83.021101486865049, 39.971405991657925 ], [ -83.021113655506895, 39.971411538207498 ], [ -83.021126477948854, 39.971416130794857 ], [ -83.021139828254093, 39.9714197243134 ], [ -83.021153575301256, 39.971422283469003 ], [ -83.021655200037074, 39.971495636349466 ], [ -83.021658496195499, 39.97149625080273 ], [ -83.02165794371389, 39.971498825378951 ], [ -83.021543010120979, 39.971906660381293 ], [ -83.021542159984833, 39.971909102804133 ], [ -83.021538903590368, 39.971908762218789 ], [ -83.020980346889488, 39.971829115129964 ], [ -83.020967037271447, 39.971827217185826 ], [ -83.020952830859642, 39.971825754545712 ], [ -83.020938505412929, 39.971825395625324 ] ] ] ] } },
{ "type": "Feature", "properties": { "name": "Arena District", "type": "survey stratum", "source": "overlay north of W Spring St and west of N High St [VERIFY]", "area_sqmi": 0.364 }, "geometry": { "type": "MultiPolygon", "coordinates": [ [ [ [ -83.003305836413702, 39.968667825288861 ], [ -83.003304890226531, 39.96866752477608 ], [ -83.003294164586777, 39.968663633795899 ], [ -83.00328097160795, 39.968660015624771 ], [ -83.003267381217242, 39.968657409928639 ], [ -83.003253524316165, 39.968655841805379 ], [ -83.003239534373151, 39.968655326358999 ], [ -83.003225546138154, 39.968655868554229 ], [ -83.003211694344586, 39.968657463168697 ], [ -83.003198112411738, 39.968660094843237 ], [ -83.003184931159637, 39.968663738229736 ], [ -83.003172277549069, 39.968668358235426 ], [ -83.003160273458661, 39.968673910360813 ], [ -83.003155878880008, 39.968676424877032 ], [ -83.003152366463368, 39.968678235765609 ], [ -83.00314896938923, 39.968678759344428 ], [ -83.00309892575423, 39.968684524232174 ], [ -83.003095232156696, 39.968684799069095 ], [ -83.003092740401314, 39.968684783718722 ], [ -83.003083664871468, 39.968684348477723 ], [ -83.003069361291423, 39.968684767931123 ], [ -83.003055184269428, 39.968686287752334 ], [ -83.003041276428775, 39.968688892651635 ], [ -83.003027777684835, 39.968692556423342 ], [ -83.003014823837404, 39.968697242209203 ], [ -83.003002545204623, 39.968702902869417 ], [ -83.002997921756219, 39.968705284647037 ], [ -83.002994555827541, 39.968705811676578 ], [ -83.002098140945265, 39.968811535505111 ], [ -83.002094810056391, 39.968811800210574 ], [ -83.002094149847792, 39.968809274270747 ], [ -83.001724520007159, 39.966918278590313 ], [ -83.0017118335372, 39.966853557288964 ], [ -83.001618033787437, 39.966373714516941 ], [ -83.001617699104088, 39.966371150913979 ], [ -83.001620983690103, 39.966370649995625 ], [ -83.00228361275687, 39.966295419861019 ], [ -83.002340809125897, 39.966288925560342 ], [ -83.002398530271904, 39.966282372926962 ], [ -83.003061351232091, 39.966207116799673 ], [ -83.003064671078505, 39.966206866838732 ], [ -83.00306533201514, 39.966209382632272 ], [ -83.003159729641354, 39.966688362248021 ], [ -83.003304070115277, 39.967420719210388 ], [ -83.0034705392886, 39.968265392991107 ], [ -83.003470888645992, 39.968268037718502 ], [ -83.003469265193871, 39.968270384309868 ], [ -83.003465841575562, 39.968274795152595 ], [ -83.003459455166293, 39.968283988070816 ], [ -83.003454230439928, 39.96829360551871 ], [ -83.00345021448031, 39.968303560827188 ], [ -83.003447443478436, 39.96831376428247 ], [ -83.003445942406159, 39.968324123934536 ], [ -83.003445724791192, 39.968334546425702 ], [ -83.003446792595227, 39.968344937831993 ], [ -83.003449136196068, 39.96835520450945 ], [ -83.003452734474578, 39.968365253938181 ], [ -83.003457555004744, 39.968374995555997 ], [ -83.003463554345984, 39.968384341574527 ], [ -83.00347067843461, 39.968393207770426 ], [ -83.003478863070967, 39.968401514244306 ], [ -83.003488034498019, 39.968409186140796 ], [ -83.003498110065962, 39.968416154323094 ], [ -83.003500361801926, 39.968417568860289 ], [ -83.003501042567351, 39.968420159026287 ], [ -83.003543936958337, 39.96863780435131 ], [ -83.003544275583806, 39.968640366342548 ], [ -83.003540993902376, 39.968640872246418 ], [ -83.003309276014292, 39.968667561108369 ], [ -83.003305836413702, 39.968667825288861 ] ] ], [ [ [ -83.009438053271751, 39.970430359744206 ], [ -83.009419208673037, 39.970775568685021 ], [ -83.009419173557902, 39.970776140763029 ], [ -83.009410030331097, 39.970910249558074 ], [ -83.009409697320777, 39.970912793762601 ], [ -83.009408689502621, 39.970913135679105 ], [ -83.009395911459208, 39.970918073150685 ], [ -83.009383839702295, 39.97092396963896 ], [ -83.009372595413552, 39.970930765952481 ], [ -83.00936229146825, 39.970938393866916 ], [ -83.009353031302197, 39.970946776809917 ], [ -83.00934490787337, 39.970955830629826 ], [ -83.009338002728825, 39.970965464440411 ], [ -83.009332385185971, 39.970975581533189 ], [ -83.009328111636805, 39.970986080348176 ], [ -83.009325224981779, 39.970996855493574 ], [ -83.00932375419913, 39.971007798803477 ], [ -83.009307247675892, 39.971247541005432 ], [ -83.009306911040838, 39.971250104552333 ], [ -83.009304581124582, 39.971251955310358 ], [ -83.009204229439391, 39.97132440246542 ], [ -83.009201639515226, 39.971326098131726 ], [ -83.009198239915889, 39.971326164902649 ], [ -83.009049994748082, 39.971323539229765 ], [ -83.009042657840567, 39.971323554417971 ], [ -83.008894638582788, 39.971326789327478 ], [ -83.008887312384161, 39.971327094596376 ], [ -83.008739704770889, 39.971336177901165 ], [ -83.008732408641762, 39.971336772443998 ], [ -83.008585602749193, 39.971351680139961 ], [ -83.008578355970741, 39.971352562385555 ], [ -83.008431875637342, 39.971373377871238 ], [ -83.008426408494856, 39.97137424014673 ], [ -83.008346931632545, 39.971388026273416 ], [ -83.008342720556158, 39.971388808585999 ], [ -83.008261619646603, 39.971404881135157 ], [ -83.008260621302242, 39.971405073091034 ], [ -83.008117867610167, 39.971431680914684 ], [ -83.008113959547842, 39.971432320761316 ], [ -83.007970953232643, 39.971452531621011 ], [ -83.007967004741019, 39.971453002128918 ], [ -83.007822752064442, 39.971467021461407 ], [ -83.007818775528904, 39.971467321154741 ], [ -83.007675447743608, 39.971475012749515 ], [ -83.007671794584581, 39.971475061925915 ], [ -83.007668796049316, 39.971473455663215 ], [ -83.007589160265539, 39.971425869406978 ], [ -83.007586611744983, 39.971424189162896 ], [ -83.007586626638016, 39.9714216069287 ], [ -83.00760055475061, 39.971218023916045 ], [ -83.007600676537351, 39.971215823670583 ], [ -83.007601004046265, 39.971208081018069 ], [ -83.007600777860063, 39.97119737307122 ], [ -83.007599197012894, 39.971186733004807 ], [ -83.007596276542628, 39.971176262028472 ], [ -83.007592044229696, 39.971166059743446 ], [ -83.007586540332952, 39.971156223195102 ], [ -83.007579817206647, 39.971146845949789 ], [ -83.007571938802329, 39.97113801720495 ], [ -83.007562980060683, 39.97112982094049 ], [ -83.007553026198536, 39.971122335120207 ], [ -83.007542171898351, 39.971115630949932 ], [ -83.007530520407514, 39.971109772200414 ], [ -83.007518182556311, 39.971104814600636 ], [ -83.007505275703664, 39.971100805307721 ], [ -83.007491922620815, 39.971097782458479 ], [ -83.007478250323516, 39.971095774806521 ], [ -83.007464388863909, 39.9710948014488 ], [ -83.007450470093403, 39.971094871643928 ], [ -83.007436626408577, 39.971095984724307 ], [ -83.007422989491801, 39.971098130102149 ], [ -83.007409689058605, 39.971101287370445 ], [ -83.007396851624009, 39.971105426496948 ], [ -83.007384599298931, 39.971110508109945 ], [ -83.007373048628779, 39.971116483872635 ], [ -83.007362309484805, 39.971123296943013 ], [ -83.007352484019066, 39.97113088251443 ], [ -83.007343665692702, 39.971139168432188 ], [ -83.007335938386902, 39.971148075879789 ], [ -83.007329375605067, 39.971157520128592 ], [ -83.007324039773621, 39.971167411343878 ], [ -83.007319981648109, 39.971177655439227 ], [ -83.007317239830499, 39.971188154971607 ], [ -83.007315840401901, 39.971198810068145 ], [ -83.007304039981108, 39.971373502394144 ], [ -83.007303716381486, 39.971376022066224 ], [ -83.0073022229884, 39.971378278280199 ], [ -83.007203532306647, 39.971511637754979 ], [ -83.007200858668909, 39.971514863025185 ], [ -83.007194001799974, 39.971524091459465 ], [ -83.007188336840656, 39.971533786773904 ], [ -83.007183916881345, 39.971543858107573 ], [ -83.007180783344864, 39.971554211075599 ], [ -83.007178965598158, 39.971564748653677 ], [ -83.007178480677112, 39.971575372087393 ], [ -83.007179333126842, 39.971585981817661 ], [ -83.007181514959086, 39.971596478413765 ], [ -83.007185005727081, 39.971606763505214 ], [ -83.007189772717084, 39.971616740703595 ], [ -83.007195771254985, 39.971626316506004 ], [ -83.007202945125002, 39.971635401171142 ], [ -83.007211227096391, 39.971643909560512 ], [ -83.007220539553614, 39.971651761936258 ], [ -83.007230795223606, 39.971658884708461 ], [ -83.007241897993765, 39.971665211124709 ], [ -83.007253743812669, 39.971670681895858 ], [ -83.00726622166512, 39.971675245751541 ], [ -83.007268792079898, 39.971676071046197 ], [ -83.007268849752052, 39.971676519051755 ], [ -83.007269501274124, 39.971686399971084 ], [ -83.007271632233028, 39.971697219667583 ], [ -83.00727515234631, 39.971707822438475 ], [ -83.007280026652467, 39.971718102975942 ], [ -83.007286206739906, 39.971727959172533 ], [ -83.007293631227867, 39.971737293135384 ], [ -83.007302226375955, 39.971746012158498 ], [ -83.007311906816483, 39.971754029643463 ], [ -83.007322576402515, 39.971761265959657 ], [ -83.007334129162629, 39.971767649235005 ], [ -83.007346450353495, 39.971773116070025 ], [ -83.007359417599574, 39.971777612167372 ], [ -83.007372902108514, 39.971781092871197 ], [ -83.007386769950386, 39.971783523610675 ], [ -83.007400883387888, 39.971784880243369 ], [ -83.007415102244394, 39.971785149294995 ], [ -83.007429285296212, 39.9717843280933 ], [ -83.007443291675301, 39.971782424794611 ], [ -83.007456982268351, 39.971779458302706 ], [ -83.007470221098558, 39.971775458081225 ], [ -83.007482876676121, 39.971770463860892 ], [ -83.007494823304299, 39.971764525244986 ], [ -83.007505942327739, 39.971757701216603 ], [ -83.007509777159825, 39.971755096827607 ], [ -83.007512178800994, 39.97175360324794 ], [ -83.007514739659314, 39.971752275446285 ], [ -83.007518560675734, 39.971750474592767 ], [ -83.007521261476569, 39.971749322562808 ], [ -83.007524081892356, 39.971748354975453 ], [ -83.007527496125334, 39.971747317805807 ], [ -83.007531186553365, 39.971746372758915 ], [ -83.007534989090274, 39.971745743597936 ], [ -83.007618206821846, 39.971735602272453 ], [ -83.007621835496465, 39.971735233201244 ], [ -83.007626767359767, 39.971734830316059 ], [ -83.007631761814949, 39.971734353660359 ], [ -83.007834204469759, 39.971712237844208 ], [ -83.007837449377533, 39.97171185400714 ], [ -83.008040456344091, 39.971685997958929 ], [ -83.008042860268461, 39.971685675511139 ], [ -83.008144794961524, 39.971671310643529 ], [ -83.008146903762722, 39.971671038525614 ], [ -83.00815564721718, 39.971670013659839 ], [ -83.008330978953794, 39.971650407428932 ], [ -83.008332150022426, 39.97165028411203 ], [ -83.008506988436821, 39.971633008025201 ], [ -83.008507799999549, 39.971632931466424 ], [ -83.008579744518613, 39.971626466233097 ], [ -83.008581202602244, 39.971626346873485 ], [ -83.008660006047151, 39.971620525303869 ], [ -83.008669396635185, 39.971619588768277 ], [ -83.008824379531845, 39.971600090081232 ], [ -83.008831310125657, 39.971599484063134 ], [ -83.008894746485012, 39.971596344318712 ], [ -83.008897324898371, 39.971596252695683 ], [ -83.008957922978837, 39.971594943884845 ], [ -83.00896114278639, 39.971594930262881 ], [ -83.009041561335195, 39.971595986356846 ], [ -83.009044651442608, 39.971596078505513 ], [ -83.009123770733794, 39.971599760455064 ], [ -83.009129292623456, 39.971600183802877 ], [ -83.009143791441531, 39.971601735649841 ], [ -83.009152484113656, 39.971603094734405 ], [ -83.00916501036761, 39.971605686784052 ], [ -83.009173416383064, 39.971607865919843 ], [ -83.009186972936092, 39.971612119768913 ], [ -83.009189493636086, 39.97161300012948 ], [ -83.009191917842458, 39.971614028475059 ], [ -83.009211127792781, 39.971622943384688 ], [ -83.009213424552883, 39.971624104538279 ], [ -83.009215598098365, 39.971625398500834 ], [ -83.009232813394064, 39.971636490004016 ], [ -83.009234850781823, 39.971637909069486 ], [ -83.009236739878219, 39.971639444787456 ], [ -83.009251533788188, 39.971652441060634 ], [ -83.009253263343993, 39.971654084285433 ], [ -83.00925482305874, 39.971655825231601 ], [ -83.009266843706584, 39.971670417157156 ], [ -83.009268224292526, 39.971672245456979 ], [ -83.009269417527378, 39.971674150222768 ], [ -83.00927837899836, 39.97168999073007 ], [ -83.009279377776721, 39.971691960618571 ], [ -83.009280176150156, 39.971693983898859 ], [ -83.009285771168578, 39.971710419724701 ], [ -83.009287087581313, 39.971715117214629 ], [ -83.009296001032766, 39.971755415722036 ], [ -83.009296882394338, 39.971761317648017 ], [ -83.009298718033833, 39.971784739455366 ], [ -83.009298844782563, 39.97178851103498 ], [ -83.009298625483154, 39.971808301543113 ], [ -83.009298511207604, 39.971810974236057 ], [ -83.009256825050244, 39.972370641690489 ], [ -83.009256463331425, 39.972373269124418 ], [ -83.009255377325104, 39.972377347177137 ], [ -83.009253357994538, 39.972383743645977 ], [ -83.00925133851652, 39.972396905267566 ], [ -83.009249988933163, 39.97241506258586 ], [ -83.009249596910365, 39.972417821171206 ], [ -83.009246689753425, 39.972419463672189 ], [ -83.009097388267975, 39.972494988847714 ], [ -83.009052754662662, 39.972517567203425 ], [ -83.009049936482, 39.972518853294403 ], [ -83.009046768144742, 39.97251949607238 ], [ -83.008995645938612, 39.972527943658768 ], [ -83.00899058648038, 39.972528634065668 ], [ -83.008939950095623, 39.972534104819637 ], [ -83.008937836769817, 39.972534308447223 ], [ -83.008885048646775, 39.972538780223594 ], [ -83.008882728746059, 39.972538991545044 ], [ -83.008874113507076, 39.972539831377865 ], [ -83.008870935311492, 39.972540030412233 ], [ -83.008867746717726, 39.97254000978328 ], [ -83.008860655309519, 39.972539719131056 ], [ -83.008845596325159, 39.972539714039868 ], [ -83.008830620472594, 39.972540929790469 ], [ -83.008818383860145, 39.972542943238409 ], [ -83.008816859999698, 39.972543153254037 ], [ -83.008813804391451, 39.972543367840089 ], [ -83.00868251861759, 39.97254821111499 ], [ -83.008674982165815, 39.972548182370019 ], [ -83.008563798620656, 39.972543230186552 ], [ -83.008551142510825, 39.972543099022161 ], [ -83.008538521068843, 39.972543831104929 ], [ -83.008526033566412, 39.972545420676774 ], [ -83.00851377822184, 39.97254785523517 ], [ -83.008507765359425, 39.972549498955708 ], [ -83.008505082772174, 39.972550108805834 ], [ -83.008501599526966, 39.972550087248806 ], [ -83.008015017706157, 39.97252862336903 ], [ -83.008014196221879, 39.972528588957758 ], [ -83.007929677453618, 39.97252523646015 ], [ -83.007836931366953, 39.972521527776223 ], [ -83.007747356006135, 39.972517945279819 ], [ -83.007658949640316, 39.972514409912755 ], [ -83.007570587566619, 39.972510876979825 ], [ -83.007431221187815, 39.972505303282887 ], [ -83.007427796841753, 39.972505036054301 ], [ -83.007426463433205, 39.972504002398956 ], [ -83.007419716495903, 39.972498230433182 ], [ -83.007409368843312, 39.972490959392012 ], [ -83.007398144242387, 39.972484504195322 ], [ -83.007386150915721, 39.97247892708112 ], [ -83.007373504497551, 39.972474281821349 ], [ -83.007360326918857, 39.972470613203441 ], [ -83.007346745231686, 39.972467956598472 ], [ -83.007332890384319, 39.972466337620197 ], [ -83.007318895958662, 39.972465771878014 ], [ -83.007304896882331, 39.972466264826558 ], [ -83.007291028127796, 39.972467811713074 ], [ -83.007277423411054, 39.972470397623169 ], [ -83.007264213902403, 39.972473997624746 ], [ -83.007251526961767, 39.97247857700826 ], [ -83.007239484910784, 39.97248409162146 ], [ -83.007228203853472, 39.972490488294987 ], [ -83.007217792556773, 39.972497705355096 ], [ -83.007217437478857, 39.972497976950294 ], [ -83.007213992084317, 39.972497958119767 ], [ -83.007113993682054, 39.972493610213277 ], [ -83.007061658406343, 39.972491335067424 ], [ -83.007047242579461, 39.972491269446131 ], [ -83.007032891691424, 39.972492323071442 ], [ -83.007018752165877, 39.972494485193103 ], [ -83.007004968269868, 39.972497733750785 ], [ -83.006991680642031, 39.972502035599099 ], [ -83.006979024857557, 39.972507346845816 ], [ -83.006967130044956, 39.972513613299689 ], [ -83.006956117568549, 39.972520771023383 ], [ -83.006946099790213, 39.972528746985837 ], [ -83.006937178922854, 39.972537459807356 ], [ -83.006929445987609, 39.972546820589912 ], [ -83.006922979885104, 39.972556733824291 ], [ -83.006917846590355, 39.972567098364451 ], [ -83.006914098479655, 39.97257780845959 ], [ -83.006911773796176, 39.972588754833147 ], [ -83.006910896259669, 39.972599825797637 ], [ -83.006911474824449, 39.972610908394394 ], [ -83.006912056523078, 39.972615830847744 ], [ -83.00691202697989, 39.972618540602632 ], [ -83.006908313452527, 39.972667816459804 ], [ -83.006907957724138, 39.972670378108333 ], [ -83.006905826291955, 39.972670885134214 ], [ -83.006892338369553, 39.972674675387495 ], [ -83.006879413743775, 39.972679489237628 ], [ -83.006867183250861, 39.972685277953957 ], [ -83.006855770700426, 39.972691982937221 ], [ -83.006845291622184, 39.97269953631276 ], [ -83.006835852096373, 39.972707861617607 ], [ -83.006827547679876, 39.972716874574502 ], [ -83.006820462438995, 39.972726483945024 ], [ -83.006814668098372, 39.972736592453252 ], [ -83.006810223314872, 39.97274709777038 ], [ -83.006807173083843, 39.972757893550671 ], [ -83.006805548283566, 39.972768870507963 ], [ -83.006800889942468, 39.972825624321729 ], [ -83.006800528974523, 39.972828123094082 ], [ -83.006797287400204, 39.972828440750206 ], [ -83.006742813395149, 39.972831761307248 ], [ -83.006728689269778, 39.972833170738738 ], [ -83.006714818056537, 39.972835656240235 ], [ -83.006701337894441, 39.972839193059393 ], [ -83.006688383028262, 39.972843745974174 ], [ -83.006676082471515, 39.972849269643511 ], [ -83.006664558721781, 39.972855709058891 ], [ -83.00665392654075, 39.972863000092211 ], [ -83.006644291811355, 39.972871070134261 ], [ -83.006635750483269, 39.972879838817974 ], [ -83.00662838761744, 39.972889218818608 ], [ -83.006622276539005, 39.972899116723539 ], [ -83.006618004119389, 39.972908302968925 ], [ -83.006617750427409, 39.972908774348902 ], [ -83.006614344245648, 39.972908753018871 ], [ -83.006124873579736, 39.972887047534648 ], [ -83.006121490558385, 39.972886769478812 ], [ -83.00611999510275, 39.972885032711076 ], [ -83.006111680527809, 39.972876337268815 ], [ -83.00610229638491, 39.972868311988066 ], [ -83.00609193337182, 39.972861034432825 ], [ -83.006080691646986, 39.972854574940456 ], [ -83.006068679861414, 39.972848995941696 ], [ -83.006056014108665, 39.972844351357288 ], [ -83.00604281680279, 39.972840686076971 ], [ -83.006029215495204, 39.972838035525527 ], [ -83.006015341641913, 39.972836425320345 ], [ -83.006001329333046, 39.972835871024039 ], [ -83.005987313996869, 39.972836377993822 ], [ -83.005973431090894, 39.972837941329885 ], [ -83.00595981479276, 39.972840545922637 ], [ -83.005946596703353, 39.972844166598847 ], [ -83.005933904574945, 39.972848768364784 ], [ -83.005921861076516, 39.97285430674463 ], [ -83.005910582608095, 39.972860728210172 ], [ -83.005900178175835, 39.972867970698218 ], [ -83.005894602041565, 39.972872697492377 ], [ -83.005892489750352, 39.972874336165816 ], [ -83.005889758392499, 39.972875782202195 ], [ -83.005801824456512, 39.972917821581063 ], [ -83.005798673411618, 39.972919161164711 ], [ -83.005795073422803, 39.972919141464132 ], [ -83.005477225095575, 39.972904866818631 ], [ -83.005463182341842, 39.972904768621326 ], [ -83.00544919502687, 39.972905732728819 ], [ -83.005435398578413, 39.972907749806502 ], [ -83.005421926576233, 39.972910800324641 ], [ -83.005408909458765, 39.972914854747508 ], [ -83.005396473260248, 39.9729198738195 ], [ -83.005384738390433, 39.972925808944971 ], [ -83.00537381846874, 39.972932602658922 ], [ -83.0053638192242, 39.972940189183284 ], [ -83.005354837471771, 39.972948495063854 ], [ -83.005346960174933, 39.97295743988149 ], [ -83.005340263603713, 39.972966937030563 ], [ -83.005334812596189, 39.972976894557767 ], [ -83.005330659930706, 39.972987216052232 ], [ -83.005327845814847, 39.972997801579034 ], [ -83.005326397496091, 39.973008548646767 ], [ -83.005322989423874, 39.97305697204164 ], [ -83.005322636675956, 39.973059585479938 ], [ -83.005319466454694, 39.973060562458315 ], [ -83.005251400863358, 39.973078593519482 ], [ -83.00524850528933, 39.973079307852963 ], [ -83.005157851582197, 39.973100043686529 ], [ -83.005151362086735, 39.973101658886939 ], [ -83.005018001186301, 39.97313758183104 ], [ -83.005013539680462, 39.973138848189983 ], [ -83.004882265807183, 39.973178032779948 ], [ -83.00487859526379, 39.973178954309915 ], [ -83.004874734544657, 39.973178916907059 ], [ -83.00470119150161, 39.973169922591914 ], [ -83.004697840327964, 39.97316961990763 ], [ -83.004697955115148, 39.973167025382978 ], [ -83.004706625563742, 39.973087439737107 ], [ -83.004707104527469, 39.973080095509737 ], [ -83.004708332680963, 39.97302332778316 ], [ -83.004708473281383, 39.973020677993034 ], [ -83.004715443729893, 39.972938235468362 ], [ -83.004722553074345, 39.972854157564143 ], [ -83.004729516969533, 39.972771814030054 ], [ -83.004736150890182, 39.972693352301626 ], [ -83.004750040389382, 39.972529105949562 ], [ -83.004750132257698, 39.972527920709943 ], [ -83.004750286807337, 39.972525727283376 ], [ -83.004750643830235, 39.972523078210216 ], [ -83.004752627275664, 39.972520823361656 ], [ -83.00475680704028, 39.972516538997766 ], [ -83.004764116879883, 39.972507263303491 ], [ -83.004770201511406, 39.972497477953254 ], [ -83.004775001554265, 39.972487278444184 ], [ -83.004778470164581, 39.972476764315125 ], [ -83.004780573492141, 39.972466038175313 ], [ -83.004781291010872, 39.972455204703067 ], [ -83.004780615719, 39.972444369624078 ], [ -83.004778554207476, 39.97243363867964 ], [ -83.004775126595575, 39.972423116594776 ], [ -83.004770366334483, 39.972412906056213 ], [ -83.004764319880877, 39.972403106710104 ], [ -83.004762529485319, 39.972400819369604 ], [ -83.004760011959377, 39.972397218180475 ], [ -83.004759999857413, 39.972394563756872 ], [ -83.004763967161011, 39.972327508678717 ], [ -83.004776428484533, 39.97211662839468 ], [ -83.004808296428351, 39.971577565712025 ], [ -83.004808624855798, 39.971574907010904 ], [ -83.004809428102618, 39.971573979605473 ], [ -83.004816563375641, 39.971564802383099 ], [ -83.004822504542275, 39.971555134661756 ], [ -83.004827195252588, 39.971545068137274 ], [ -83.004830591016955, 39.971534698288053 ], [ -83.004832659628036, 39.971524123469344 ], [ -83.004833381466213, 39.971513443980513 ], [ -83.004832749685676, 39.971502761113534 ], [ -83.004830770279312, 39.971492176192498 ], [ -83.004827462021836, 39.971481789612412 ], [ -83.004822856291696, 39.97147169988699 ], [ -83.004816996773513, 39.971462002714368 ], [ -83.004809939043554, 39.971452790069385 ], [ -83.004801750042773, 39.971444149331283 ], [ -83.004792507441792, 39.971436162454829 ], [ -83.004782298904203, 39.971428905193129 ], [ -83.00477122125514, 39.971422446379073 ], [ -83.004766795297073, 39.97142011787173 ], [ -83.004765198586171, 39.971417694405723 ], [ -83.004742182524168, 39.971377931482664 ], [ -83.004741990827526, 39.971377601764495 ], [ -83.004680666162784, 39.971272586905556 ], [ -83.004674260450273, 39.971262924645366 ], [ -83.00466664700312, 39.971253795775986 ], [ -83.004657900110487, 39.971245289372938 ], [ -83.004648105121078, 39.971237488437936 ], [ -83.00463735761042, 39.971230469089093 ], [ -83.004625762448171, 39.971224299818068 ], [ -83.00461343277496, 39.97121904082185 ], [ -83.004600488898276, 39.971214743415352 ], [ -83.004587057118727, 39.97121144953072 ], [ -83.004573268497566, 39.971209191308155 ], [ -83.004559257577853, 39.971207990782403 ], [ -83.004545161071789, 39.971207859667658 ], [ -83.004531116526607, 39.971208799243215 ], [ -83.004517260982581, 39.971210800341176 ], [ -83.004503729635786, 39.971213843435734 ], [ -83.004490654518975, 39.971217898833736 ], [ -83.004478163213321, 39.971222926964487 ], [ -83.004466377603464, 39.971228878765693 ], [ -83.004455412688273, 39.971235696162402 ], [ -83.004445375458758, 39.971243312633483 ], [ -83.00443636385404, 39.971251653860762 ], [ -83.004428465805802, 39.971260638454254 ], [ -83.004421758380147, 39.971270178746224 ], [ -83.004416307025764, 39.971280181646598 ], [ -83.004412164935189, 39.971290549551377 ], [ -83.004409372525743, 39.971301181294947 ], [ -83.004407957045231, 39.971311973137233 ], [ -83.004407932305938, 39.971322819775907 ], [ -83.004409298549945, 39.971333615373965 ], [ -83.004412042446631, 39.971344254592324 ], [ -83.004416137222762, 39.971354633617779 ], [ -83.004439623976424, 39.971405057313838 ], [ -83.004440632712289, 39.971407614779871 ], [ -83.004438925712279, 39.971411874025094 ], [ -83.004438171491827, 39.971413468723597 ], [ -83.004434696238022, 39.971423902845096 ], [ -83.004432566395238, 39.971434548739204 ], [ -83.004431802458384, 39.971445303966483 ], [ -83.004432411779021, 39.971456065035433 ], [ -83.004434388494616, 39.971466728398369 ], [ -83.004437713584977, 39.971477191447605 ], [ -83.004442355055176, 39.971487353503015 ], [ -83.004448268243451, 39.971497116780654 ], [ -83.004455396250904, 39.971506387333804 ], [ -83.004463670489031, 39.97151507595693 ], [ -83.00447301133967, 39.971523099044049 ], [ -83.004483328921125, 39.971530379393272 ], [ -83.004494523953056, 39.971536846949625 ], [ -83.004506488711741, 39.971542439479229 ], [ -83.004519108066745, 39.971547103168085 ], [ -83.004521581536352, 39.971547904915084 ], [ -83.004521579675696, 39.971550497723243 ], [ -83.004477043711631, 39.972243405028472 ], [ -83.004476703306111, 39.972246049098487 ], [ -83.004474967038405, 39.972247374837224 ], [ -83.00446832362266, 39.972251967385006 ], [ -83.004458883190551, 39.972259910050809 ], [ -83.004450498772258, 39.972268525651202 ], [ -83.004443250922776, 39.972277731410507 ], [ -83.004437209277441, 39.972287438882894 ], [ -83.004432431882876, 39.972297554802246 ], [ -83.004428964639231, 39.972307981978155 ], [ -83.004426840859239, 39.972318620229792 ], [ -83.004426080948136, 39.972329367348252 ], [ -83.004426692207502, 39.972340120078655 ], [ -83.0044286687652, 39.972350775112183 ], [ -83.004431991631719, 39.972361230078569 ], [ -83.004436628882544, 39.972371384529744 ], [ -83.004442535964941, 39.972381140904801 ], [ -83.004449656125985, 39.972390405467372 ], [ -83.004457920957691, 39.972399089206306 ], [ -83.004467251054393, 39.972407108690774 ], [ -83.004469309268998, 39.972408712182812 ], [ -83.004469257879535, 39.972411376912575 ], [ -83.004461211895176, 39.972507278983649 ], [ -83.004453117683056, 39.972603754598872 ], [ -83.004453014261316, 39.972604991890044 ], [ -83.004445088160566, 39.972699470315156 ], [ -83.004437200271255, 39.972793475008693 ], [ -83.004436813338813, 39.972796095133361 ], [ -83.004435059539603, 39.972798068334811 ], [ -83.004427746500312, 39.972807228496045 ], [ -83.004421632715548, 39.972816894945289 ], [ -83.004416776785064, 39.972826975031801 ], [ -83.004413225252392, 39.972837372140255 ], [ -83.004411012158798, 39.972847986616621 ], [ -83.004410158716937, 39.972858716723415 ], [ -83.0044106731075, 39.972869459614856 ], [ -83.004412550400758, 39.972880112322564 ], [ -83.004415772603892, 39.972890572742472 ], [ -83.004420308833289, 39.972900740613532 ], [ -83.004425027853387, 39.972908686835751 ], [ -83.004425497263242, 39.972909592234856 ], [ -83.004425454080234, 39.972912253622894 ], [ -83.004419845665126, 39.972982342418568 ], [ -83.004410487322005, 39.973099300384902 ], [ -83.004394656338746, 39.973296193490562 ], [ -83.004380083946671, 39.973479191882689 ], [ -83.004379717039598, 39.973481750885341 ], [ -83.004376434396733, 39.97348225049538 ], [ -83.003879622316148, 39.973538697782139 ], [ -83.003848996299595, 39.973542177834865 ], [ -83.003822013103786, 39.973545243455092 ], [ -83.003704639952772, 39.973558578668069 ], [ -83.003585913484471, 39.973572069204153 ], [ -83.00336981684697, 39.973596620282365 ], [ -83.003340279353367, 39.973599975788368 ], [ -83.003314440387086, 39.973602910900581 ], [ -83.00300989317364, 39.973637511587313 ], [ -83.003006493038939, 39.973637766694765 ], [ -83.003004617216178, 39.973635569982662 ], [ -83.002983716642134, 39.973608242703961 ], [ -83.002982147861033, 39.973605949042813 ], [ -83.002981107991857, 39.973603311764492 ], [ -83.002976468774875, 39.973593313730511 ], [ -83.002970596344355, 39.973583707099912 ], [ -83.002963545590958, 39.973574581666838 ], [ -83.002955382419188, 39.97356602272751 ], [ -83.0029461831313, 39.973558110283044 ], [ -83.002936033714121, 39.973550918291771 ], [ -83.002925029035353, 39.973544513977778 ], [ -83.002913271956785, 39.97353895720272 ], [ -83.002900872372905, 39.973534299906156 ], [ -83.002887946183606, 39.973530585620182 ], [ -83.002874614210995, 39.973527849062506 ], [ -83.002861001069988, 39.97352611581195 ], [ -83.002847234003539, 39.973525402069299 ], [ -83.002833441693383, 39.973525714505968 ], [ -83.002819753057182, 39.973527050201582 ], [ -83.002819732998987, 39.97352705369908 ], [ -83.002818942794818, 39.973417874819731 ], [ -83.002793385746912, 39.973417984310267 ], [ -83.002792392391626, 39.973280729504054 ], [ -83.002766835394127, 39.973280838988828 ], [ -83.00276584209324, 39.97314358417573 ], [ -83.00274028514616, 39.97314369365472 ], [ -83.002739322559847, 39.973010675710341 ], [ -83.002750518279441, 39.973008315791972 ], [ -83.002763388365565, 39.973004543993639 ], [ -83.00277572600767, 39.972999835344261 ], [ -83.002787416318569, 39.97299423369045 ], [ -83.002798350439107, 39.972987791194384 ], [ -83.002808426551766, 39.972980567848118 ], [ -83.002817550828837, 39.972972630914938 ], [ -83.002825638306106, 39.972964054302878 ], [ -83.002832613674045, 39.972954917876656 ], [ -83.002838411979084, 39.972945306713896 ], [ -83.002842979228419, 39.972935310312877 ], [ -83.002846272892796, 39.972925021759124 ], [ -83.002846466446599, 39.972924260690654 ], [ -83.002849631328004, 39.972914414495293 ], [ -83.002851649795815, 39.972903667499068 ], [ -83.002852278759065, 39.972892819666157 ], [ -83.002851512067679, 39.972881977079076 ], [ -83.002849357219915, 39.97287124576895 ], [ -83.002845835288923, 39.972860730678683 ], [ -83.002840980716741, 39.97285053463672 ], [ -83.0028348409774, 39.972840757351435 ], [ -83.002827476112685, 39.972831494436015 ], [ -83.002818958144928, 39.972822836473654 ], [ -83.00281236475206, 39.97281678183186 ], [ -83.002802695124046, 39.972808751920276 ], [ -83.002792034387298, 39.972801502650206 ], [ -83.002780488490544, 39.972795106066272 ], [ -83.002768172179259, 39.972789625738933 ], [ -83.002755207855373, 39.972785116132641 ], [ -83.002741724360803, 39.972781622064716 ], [ -83.002727855697003, 39.972779178259849 ], [ -83.002713739693249, 39.972777809005009 ], [ -83.002699516636923, 39.972777527908079 ], [ -83.002686907161973, 39.972778247621683 ], [ -83.002686573587184, 39.972732146479828 ], [ -83.002662802837719, 39.972732248291983 ], [ -83.002661809750222, 39.97259499345148 ], [ -83.002638039047639, 39.972595095258626 ], [ -83.002637046011017, 39.972457840411295 ], [ -83.00261327535533, 39.972457942213424 ], [ -83.002612852023944, 39.972399427555082 ], [ -83.002617856540198, 39.972398764278879 ], [ -83.002631137837838, 39.972395968054713 ], [ -83.002644007081969, 39.972392200104913 ], [ -83.002656344477941, 39.972387495503845 ], [ -83.002668035181969, 39.97238189804478 ], [ -83.002678970370084, 39.972375459832186 ], [ -83.00268904825127, 39.97236824079684 ], [ -83.002698175014842, 39.972360308137837 ], [ -83.002706265703836, 39.972351735697011 ], [ -83.002713245005722, 39.972342603271713 ], [ -83.002716572517912, 39.972337724865831 ], [ -83.002720539119011, 39.972335702209925 ], [ -83.002724197949604, 39.97233403250349 ], [ -83.00273555125176, 39.972327607992227 ], [ -83.002746025627033, 39.972320353269119 ], [ -83.002755518934663, 39.972312339078798 ], [ -83.002763938600893, 39.972303643571692 ], [ -83.002771202521672, 39.972294351542125 ], [ -83.002777239863292, 39.972284553601384 ], [ -83.002781991753125, 39.972274345294146 ], [ -83.002785411853708, 39.972263826166667 ], [ -83.002787466814567, 39.972253098796159 ], [ -83.002788136597403, 39.972242267790477 ], [ -83.002787414671459, 39.972231438768027 ], [ -83.002785308077279, 39.972220717327772 ], [ -83.002781837357844, 39.972210208019625 ], [ -83.002777036358438, 39.972200013324795 ], [ -83.00277095189638, 39.972190232656544 ], [ -83.002763643304633, 39.972180961390691 ], [ -83.002755181853118, 39.972172289935578 ], [ -83.002750307122838, 39.972168205199822 ], [ -83.002748109338995, 39.9721661748993 ], [ -83.002747405963348, 39.972163583805042 ], [ -83.002723906106041, 39.972049399642039 ], [ -83.00271349002746, 39.971998834986856 ], [ -83.002713114926436, 39.971996173540802 ], [ -83.002713316065694, 39.971995355623051 ], [ -83.002715084028466, 39.971985957767039 ], [ -83.002715790067029, 39.97197647752936 ], [ -83.002715428901766, 39.97196698580774 ], [ -83.002714003234061, 39.971957553585753 ], [ -83.002709781324626, 39.97193729969888 ], [ -83.00270554026406, 39.971916898505775 ], [ -83.002702062568034, 39.971904680049022 ], [ -83.002696801401356, 39.971892845159829 ], [ -83.002689825031538, 39.971881547402589 ], [ -83.002689387233033, 39.971880931578653 ], [ -83.002688676543428, 39.971878316879099 ], [ -83.002666188947032, 39.971769087499148 ], [ -83.002654103919795, 39.97171037752085 ], [ -83.002642742418587, 39.97165519226251 ], [ -83.002642369653088, 39.971652539793105 ], [ -83.00264519032099, 39.971648421142035 ], [ -83.002651075054629, 39.971638706312604 ], [ -83.0026557007441, 39.971628596342335 ], [ -83.00265902331779, 39.971618187555997 ], [ -83.002661011119812, 39.971607579125305 ], [ -83.002661645211631, 39.971596872124131 ], [ -83.002660919552426, 39.971586168565416 ], [ -83.002658841056686, 39.971575570429238 ], [ -83.002655429528247, 39.971565178691222 ], [ -83.002650717471653, 39.971555092360518 ], [ -83.002644749782348, 39.971545407536276 ], [ -83.002637583318986, 39.971536216492289 ], [ -83.002629286361696, 39.971527606797714 ], [ -83.002619937961398, 39.971519660482784 ], [ -83.002618187960636, 39.971518311560054 ], [ -83.002617525754687, 39.971515694904674 ], [ -83.002605703494837, 39.971452502657272 ], [ -83.002594762763792, 39.97139402316057 ], [ -83.00258357219613, 39.971334207557902 ], [ -83.002566339801376, 39.971242095838043 ], [ -83.002412533050219, 39.970419967559856 ], [ -83.002412208033348, 39.970417301253647 ], [ -83.002413252265171, 39.970415405845323 ], [ -83.002417010711127, 39.970409426031324 ], [ -83.002421864097329, 39.970399248754781 ], [ -83.002425389528028, 39.970388752857126 ], [ -83.002427552641663, 39.9703780406413 ], [ -83.002428332355109, 39.970367216518603 ], [ -83.002427721069225, 39.970356385991096 ], [ -83.002425724742807, 39.970345654623159 ], [ -83.002422362834508, 39.97033512701266 ], [ -83.002417668113253, 39.970324905771378 ], [ -83.002411686338633, 39.970315090524956 ], [ -83.002404475815041, 39.970305776941728 ], [ -83.002396106823284, 39.970297055800373 ], [ -83.002386660935528, 39.97028901210502 ], [ -83.002385196759633, 39.970287882733111 ], [ -83.002384520064652, 39.970285298682349 ], [ -83.002333108666917, 39.970023656283338 ], [ -83.002332774832695, 39.970021118064636 ], [ -83.002336090576478, 39.970021120713938 ], [ -83.00266996695099, 39.970034035967828 ], [ -83.002683902557578, 39.970034050851659 ], [ -83.002697773612141, 39.97003301990906 ], [ -83.002711447852747, 39.970030952970184 ], [ -83.002724794894121, 39.970027869743511 ], [ -83.00273768747094, 39.970023799627839 ], [ -83.002750002651297, 39.970018781432209 ], [ -83.002761623008865, 39.970012863005572 ], [ -83.002772437742607, 39.970006100780701 ], [ -83.002782343733301, 39.969998559235982 ], [ -83.002791246526755, 39.969990310280771 ], [ -83.002799061234384, 39.96998143256954 ], [ -83.002805713342781, 39.969972010752016 ], [ -83.002811139424011, 39.969962134665984 ], [ -83.002815287740532, 39.969951898480609 ], [ -83.002818118738432, 39.969941399798707 ], [ -83.002819605424534, 39.969930738725886 ], [ -83.002829104867416, 39.969804955265843 ], [ -83.00282922710133, 39.96979411927213 ], [ -83.002827960585151, 39.969783326774895 ], [ -83.002825317654299, 39.969772682883736 ], [ -83.002821324049251, 39.969762291260878 ], [ -83.002816018664817, 39.96975225311165 ], [ -83.002809453171338, 39.969742666198826 ], [ -83.002801691511422, 39.969733623890441 ], [ -83.002792809277224, 39.96972521425063 ], [ -83.002782892974182, 39.969717519181756 ], [ -83.002772039178552, 39.969710613626937 ], [ -83.002760353596841, 39.969704564840107 ], [ -83.002747950036294, 39.969699431730959 ], [ -83.002734949296567, 39.969695264291417 ], [ -83.002721477993205, 39.969692103108564 ], [ -83.002707667324557, 39.969689978969434 ], [ -83.002693651794075, 39.96968891256126 ], [ -83.002268042042047, 39.969672785244526 ], [ -83.002264275240819, 39.969672507066925 ], [ -83.002263611617039, 39.969669975949564 ], [ -83.002249795677372, 39.969599658610392 ], [ -83.002171854327699, 39.969202991438657 ], [ -83.00217151776728, 39.969200439014713 ], [ -83.002174783127487, 39.969199919836299 ], [ -83.002788044003807, 39.969126267736421 ], [ -83.003613707398287, 39.969027100262423 ], [ -83.003617052473913, 39.969026827907946 ], [ -83.003617698956248, 39.969029367815082 ], [ -83.003813050902934, 39.970066182586386 ], [ -83.003816201855685, 39.970078163487607 ], [ -83.003821064037865, 39.970089800684171 ], [ -83.003840012138809, 39.970127756487791 ], [ -83.003845621942517, 39.970137541281431 ], [ -83.003852442262328, 39.970146859784748 ], [ -83.003860408402801, 39.970155623604633 ], [ -83.003869444799406, 39.970163749609604 ], [ -83.00387946573538, 39.970171160718266 ], [ -83.003886161185562, 39.970175226874382 ], [ -83.003885159349167, 39.970177563832443 ], [ -83.003882124141981, 39.970187912082544 ], [ -83.00388040096307, 39.970198437394366 ], [ -83.003880068946287, 39.970207349190275 ], [ -83.003879987174955, 39.970208138988397 ], [ -83.003878914959273, 39.970209738690741 ], [ -83.003873010478983, 39.970219748357145 ], [ -83.003868436298376, 39.970230162083261 ], [ -83.003865238258129, 39.97024087550809 ], [ -83.003863448408026, 39.970251781267152 ], [ -83.003863084685705, 39.970262770068466 ], [ -83.003864150736874, 39.970273731787756 ], [ -83.003866635878765, 39.970284556572153 ], [ -83.003870515207169, 39.970295135940937 ], [ -83.003875749845989, 39.970305363872939 ], [ -83.003882287336765, 39.970315137868667 ], [ -83.003890062164459, 39.970324359977838 ], [ -83.003898996413866, 39.970332937780903 ], [ -83.003909000550607, 39.970340785315123 ], [ -83.003919974318208, 39.970347823936244 ], [ -83.003931807742958, 39.970353983106392 ], [ -83.003944382235929, 39.970359201101246 ], [ -83.003957571781498, 39.97036342562847 ], [ -83.00397124420013, 39.970366614351789 ], [ -83.003985262473151, 39.970368735315262 ], [ -83.003999486115802, 39.97036976726357 ], [ -83.004043314171241, 39.97037125002398 ], [ -83.004057048661934, 39.970371205681452 ], [ -83.004070714008719, 39.970370145722498 ], [ -83.004084183644125, 39.970368079964395 ], [ -83.00409733281343, 39.970365027540034 ], [ -83.004110039730051, 39.970361016720744 ], [ -83.004122186703583, 39.970356084654412 ], [ -83.004133661229858, 39.970350277021467 ], [ -83.004144357032885, 39.970343647611692 ], [ -83.00415417504928, 39.970336257826169 ], [ -83.004163024345715, 39.970328176108424 ], [ -83.004170822961129, 39.970319477310639 ], [ -83.004177498665854, 39.970310242000245 ], [ -83.00418298963065, 39.970300555713791 ], [ -83.004187244999201, 39.970290508164737 ], [ -83.004190225359309, 39.970280192412403 ], [ -83.004191903107767, 39.970269704000181 ], [ -83.004192262706013, 39.970259140070624 ], [ -83.004191300824118, 39.970248598465567 ], [ -83.00418902637152, 39.970238176820096 ], [ -83.004185460414476, 39.970227971658232 ], [ -83.004180635981015, 39.970218077498863 ], [ -83.004179921870886, 39.970216803086416 ], [ -83.004156335624899, 39.970168360812664 ], [ -83.004150880640552, 39.970158617912908 ], [ -83.004144229174415, 39.970149325499783 ], [ -83.004136443310102, 39.970140570306448 ], [ -83.004127595719382, 39.970132434051678 ], [ -83.004117768983804, 39.970124992677263 ], [ -83.004109735011397, 39.970119985925599 ], [ -83.00411180466179, 39.970114655740673 ], [ -83.004114469019186, 39.970104159561025 ], [ -83.004115793676263, 39.97009351374173 ], [ -83.004115766068281, 39.97008281926631 ], [ -83.004114386457729, 39.970072177579731 ], [ -83.003993132872907, 39.969446998761185 ], [ -83.003926423735564, 39.969103038037929 ], [ -83.0038905662133, 39.968918152726467 ], [ -83.003890231340122, 39.968915531296908 ], [ -83.003893535814328, 39.968914843026745 ], [ -83.004285583439199, 39.968849219457283 ], [ -83.00459748240263, 39.968796993475834 ], [ -83.004603046319886, 39.968796238017589 ], [ -83.004610942930555, 39.968795412430424 ], [ -83.007343891251779, 39.968509710759143 ], [ -83.007345432608318, 39.968509543014775 ], [ -83.007502677078506, 39.968491756527229 ], [ -83.0075061226092, 39.968491499111124 ], [ -83.007508349726649, 39.968492213352853 ], [ -83.007521524402563, 39.968495865761334 ], [ -83.007535100888674, 39.968498507065185 ], [ -83.007548948457142, 39.968500111831354 ], [ -83.007562933769876, 39.968500664607554 ], [ -83.007576922162372, 39.968500160071102 ], [ -83.007590778940511, 39.968498603080164 ], [ -83.007604370677512, 39.968496008627014 ], [ -83.007617566498681, 39.968492401693602 ], [ -83.007630239341651, 39.968487817011066 ], [ -83.007642267179861, 39.968482298725228 ], [ -83.007653534197644, 39.968475899971615 ], [ -83.007663931905228, 39.968468682363699 ], [ -83.007673360183603, 39.968460715399694 ], [ -83.007676182883245, 39.9684580814112 ], [ -83.007679548918787, 39.968457568933651 ], [ -83.009388736003714, 39.96826369697952 ], [ -83.009392034901254, 39.968263449484354 ], [ -83.009392021565219, 39.968265999785835 ], [ -83.009359066071269, 39.968742179232784 ], [ -83.009335627389575, 39.969082763264723 ], [ -83.009335274146849, 39.969085417774195 ], [ -83.009333122981445, 39.969088483208886 ], [ -83.009331572128389, 39.969090437589792 ], [ -83.009325872115554, 39.969099340238024 ], [ -83.009321240064352, 39.969108602504676 ], [ -83.00931771381272, 39.969118148729663 ], [ -83.009315322165833, 39.969127900933344 ], [ -83.009314084660645, 39.969137779453476 ], [ -83.009313771433085, 39.969142511624902 ], [ -83.009313134872571, 39.969147626542998 ], [ -83.009311853876071, 39.969154546481022 ], [ -83.009311284137084, 39.969156888905609 ], [ -83.009310451891437, 39.969159184352002 ], [ -83.009307577188068, 39.969165959207686 ], [ -83.009306488737323, 39.969168190294653 ], [ -83.009305152323407, 39.969170340128393 ], [ -83.0093007959251, 39.969176629458438 ], [ -83.009299221667064, 39.969178681760297 ], [ -83.009297421485499, 39.969180620990215 ], [ -83.009291715089006, 39.969186234663205 ], [ -83.009289702614566, 39.969188046137219 ], [ -83.009287493086077, 39.969189716138871 ], [ -83.00928060919982, 39.969194484448941 ], [ -83.009278219347578, 39.969196000332794 ], [ -83.009275667267858, 39.969197350620675 ], [ -83.009267813996971, 39.969201129417961 ], [ -83.009265119013961, 39.969202303885261 ], [ -83.00926230153442, 39.969203293639062 ], [ -83.009256501673462, 39.969205100798824 ], [ -83.009243644240669, 39.969209691322796 ], [ -83.009231442058066, 39.969215240553147 ], [ -83.009220015495245, 39.969221693748977 ], [ -83.009209477270687, 39.969228987252251 ], [ -83.009199931339921, 39.969237049115563 ], [ -83.009191471869997, 39.969245799811915 ], [ -83.009184182310577, 39.969255153019269 ], [ -83.009178134570661, 39.969265016471965 ], [ -83.009173388309392, 39.969275292871032 ], [ -83.009169990347303, 39.96928588084382 ], [ -83.009167974204601, 39.969296675944108 ], [ -83.009167359770387, 39.969307571682407 ], [ -83.009168153106501, 39.969318460576424 ], [ -83.009170346387634, 39.969329235211298 ], [ -83.009173917978515, 39.969339789299298 ], [ -83.009178832647336, 39.969350018728214 ], [ -83.00918504191327, 39.969359822588466 ], [ -83.009192484524661, 39.969369104168472 ], [ -83.009201087063261, 39.969377771908782 ], [ -83.009210764668481, 39.969385740305142 ], [ -83.009221421874443, 39.969392930752164 ], [ -83.009225934071324, 39.969395682540224 ], [ -83.009228369883871, 39.969397482423652 ], [ -83.009308491554776, 39.969462586371165 ], [ -83.009312360540591, 39.969465610893202 ], [ -83.009339076129677, 39.969485703550333 ], [ -83.009341429084117, 39.969487657293392 ], [ -83.009341619689152, 39.969490316840783 ], [ -83.009341684599661, 39.969499170901237 ], [ -83.009339823817243, 39.969895525821656 ], [ -83.009339304177573, 39.970006049166443 ], [ -83.009339811489355, 39.970015705242503 ], [ -83.009341420279753, 39.970025289602169 ], [ -83.009343409448348, 39.970032248799797 ], [ -83.009343642272839, 39.970033349410059 ], [ -83.009343861392352, 39.970036056463009 ], [ -83.009346890634532, 39.970220664865678 ], [ -83.009347736472279, 39.970231295682339 ], [ -83.009349916930645, 39.97024181343977 ], [ -83.009353411495937, 39.970252119184352 ], [ -83.009358187291028, 39.970262115957063 ], [ -83.009364199384535, 39.970271709705735 ], [ -83.009371391213662, 39.970280810169925 ], [ -83.009379695116252, 39.9702893317301 ], [ -83.009389032967348, 39.970297194213174 ], [ -83.009399316914326, 39.970304323646779 ], [ -83.009410450203291, 39.970310652955341 ], [ -83.009422328089428, 39.970316122590951 ], [ -83.009434838822472, 39.970320681093803 ], [ -83.009441025142308, 39.970322392954451 ], [ -83.009444246942323, 39.970323424947019 ], [ -83.009444257579517, 39.970326018816621 ], [ -83.009438076730774, 39.970429948398539 ], [ -83.009438053271751, 39.970430359744206 ] ], [ [ -83.003299912147895, 39.972175299907526 ], [ -83.003292665174882, 39.972166040545012 ], [ -83.003284270132085, 39.97215737421493 ], [ -83.003274808360544, 39.972149384886478 ], [ -83.003264371536929, 39.97214214996928 ], [ -83.003253060785156, 39.972135739563328 ], [ -83.003240985696721, 39.972130215779806 ], [ -83.003228263268696, 39.972125632139324 ], [ -83.003215016770298, 39.972122033053296 ], [ -83.003201374548411, 39.972119453393702 ], [ -83.003187468784063, 39.972117918155142 ], [ -83.003173434211803, 39.972117442212699 ], [ -83.00315940681412, 39.972118030177853 ], [ -83.00314552250407, 39.972119676353714 ], [ -83.003134971550011, 39.972121339962655 ], [ -83.003022962027956, 39.972134333015028 ], [ -83.003009295069802, 39.972136448140255 ], [ -83.002995961523496, 39.972139579077805 ], [ -83.002983088609767, 39.972143695954188 ], [ -83.002970799154298, 39.972148759488597 ], [ -83.002959210415867, 39.972154721367843 ], [ -83.002948432967472, 39.972161524707218 ], [ -83.002938569641387, 39.972169104593299 ], [ -83.00292971454796, 39.972177388703273 ], [ -83.002921952177658, 39.972186297995037 ], [ -83.002915356594897, 39.972195747461356 ], [ -83.002909990731396, 39.972205646940878 ], [ -83.002905905785667, 39.972215901978466 ], [ -83.002903140734503, 39.972226414726435 ], [ -83.002901721961024, 39.972237084878103 ], [ -83.002901663003016, 39.972247810624928 ], [ -83.002902964423654, 39.972258489627819 ], [ -83.002905613806121, 39.972269019993682 ], [ -83.002909585872061, 39.972279301247511 ], [ -83.002914842722788, 39.972289235291264 ], [ -83.002921334200792, 39.972298727339663 ], [ -83.002928998368418, 39.972307686824671 ], [ -83.002937762098682, 39.972316028259712 ], [ -83.002947541773125, 39.972323672055275 ], [ -83.002958244079565, 39.97233054527824 ], [ -83.002969766902467, 39.972336582347978 ], [ -83.002982000297266, 39.972341725661906 ], [ -83.002994827539439, 39.972345926145188 ], [ -83.003008126238143, 39.972349143719015 ], [ -83.003021769504144, 39.972351347682952 ], [ -83.003035627160443, 39.972352517007927 ], [ -83.003177895170751, 39.972359133770617 ], [ -83.003191654995859, 39.972359262369288 ], [ -83.003205366957104, 39.972358370794709 ], [ -83.003218903577022, 39.972356467335658 ], [ -83.003232139008418, 39.972353569688217 ], [ -83.003244950204106, 39.972349704791242 ], [ -83.00325721806108, 39.97234490857592 ], [ -83.003268828527666, 39.972339225631657 ], [ -83.003279673663869, 39.972332708791647 ], [ -83.003289652644938, 39.972325418641603 ], [ -83.003298672698648, 39.972317422956522 ], [ -83.00330664996784, 39.972308796070578 ], [ -83.003313510289942, 39.972299618186071 ], [ -83.003319189886497, 39.972289974627792 ], [ -83.003323635956065, 39.972279955049721 ], [ -83.003326807165081, 39.972269652601625 ], [ -83.003328674032133, 39.972259163062979 ], [ -83.003329219201959, 39.972248583952577 ], [ -83.003328437606882, 39.972238013621855 ], [ -83.003326336513766, 39.972227550340612 ], [ -83.00332293545658, 39.972217291383416 ], [ -83.003318266054634, 39.972207332125151 ], [ -83.003312371718735, 39.972197765154554 ], [ -83.003310798417374, 39.972195500568219 ], [ -83.003310692819156, 39.972195233992302 ], [ -83.003305940833755, 39.972185062587286 ], [ -83.003299912147895, 39.972175299907526 ] ], [ [ -83.004304976706521, 39.971102316356237 ], [ -83.004313710595994, 39.9711105678888 ], [ -83.004323441609458, 39.971118130189836 ], [ -83.004334078351192, 39.971124932232442 ], [ -83.004345520918577, 39.971130910130192 ], [ -83.00435766184043, 39.971136007737194 ], [ -83.004370387086325, 39.971140177175435 ], [ -83.004383577137659, 39.97114337928457 ], [ -83.00439710811024, 39.971145583989561 ], [ -83.004410852917786, 39.971146770583246 ], [ -83.004424682465569, 39.971146927920898 ], [ -83.004438466862993, 39.971146054524688 ], [ -83.004452076643517, 39.971144158597816 ], [ -83.004465383980644, 39.971141257947295 ], [ -83.004478263888601, 39.97113737981676 ], [ -83.004490595396121, 39.971132560630586 ], [ -83.004502262682735, 39.97112684565176 ], [ -83.004513156166638, 39.971120288556769 ], [ -83.004523173533769, 39.971112950931435 ], [ -83.004532220698906, 39.971104901692485 ], [ -83.004540212689264, 39.971096216440294 ], [ -83.004547074442627, 39.971086976748779 ], [ -83.004552741512271, 39.971077269399252 ], [ -83.004557160672292, 39.971067185565353 ], [ -83.004560290417515, 39.971056819956672 ], [ -83.004562101353258, 39.971046269929289 ], [ -83.004562576471457, 39.971035634571329 ], [ -83.004561711310288, 39.971025013772277 ], [ -83.004559513996142, 39.971014507284885 ], [ -83.004556005167217, 39.971004213788234 ], [ -83.004547158638204, 39.970982591402574 ], [ -83.004542164582318, 39.970972235386078 ], [ -83.004535843523854, 39.970962317807917 ], [ -83.004528259428042, 39.970952939026972 ], [ -83.004519489041073, 39.97094419394994 ], [ -83.004509621113485, 39.970936171070818 ], [ -83.004498755502013, 39.97092895157536 ], [ -83.004487002159152, 39.970922608519736 ], [ -83.004474480020505, 39.970917206091116 ], [ -83.004461315801223, 39.970912798958132 ], [ -83.004447642713799, 39.970909431717871 ], [ -83.004433599119992, 39.970907138444289 ], [ -83.004419327130805, 39.970905942343649 ], [ -83.004418076089792, 39.970905886279887 ], [ -83.004404002831365, 39.970905790430947 ], [ -83.004389985732857, 39.970906761549863 ], [ -83.004376161107857, 39.970908790192688 ], [ -83.004362663398283, 39.970911856631218 ], [ -83.004349623866887, 39.970915931044914 ], [ -83.004337169320777, 39.97092097381087 ], [ -83.004325420878232, 39.970926935889104 ], [ -83.004314492790954, 39.970933759299506 ], [ -83.004304491332874, 39.970941377685612 ], [ -83.004295513766735, 39.970949716959915 ], [ -83.004287647398172, 39.970958696024461 ], [ -83.004280968726775, 39.970968227559332 ], [ -83.004275542702004, 39.970978218871934 ], [ -83.004271422091605, 39.970988572798362 ], [ -83.004268646968498, 39.970999188648285 ], [ -83.004267244320914, 39.971009963184173 ], [ -83.004267227790052, 39.971020791625286 ], [ -83.004268597537333, 39.971031568666575 ], [ -83.004271340242752, 39.971042189502818 ], [ -83.004275429234539, 39.971052550847794 ], [ -83.00428552673182, 39.971074229318617 ], [ -83.004290818285284, 39.97108406134349 ], [ -83.004297321971407, 39.971093453092536 ], [ -83.004304976706521, 39.971102316356237 ] ], [ [ -83.006159880777815, 39.972557565831046 ], [ -83.006164543861004, 39.972547472293655 ], [ -83.006167906443309, 39.97253707720111 ], [ -83.006169936522994, 39.97252647948546 ], [ -83.006170614780018, 39.972515780007143 ], [ -83.006169934759924, 39.972505080595056 ], [ -83.006167902935189, 39.972494483077348 ], [ -83.00616453864366, 39.972484088312477 ], [ -83.006159873904465, 39.972473995229151 ], [ -83.006153953113227, 39.972464299884905 ], [ -83.006146832619592, 39.972455094551876 ], [ -83.006142204662225, 39.972449725983516 ], [ -83.006133873753072, 39.972441024156666 ], [ -83.006124471346737, 39.972432994592218 ], [ -83.006114088530026, 39.972425715077122 ], [ -83.00610282588741, 39.972419256132156 ], [ -83.006090792526678, 39.972413680328721 ], [ -83.006078105021842, 39.972409041682738 ], [ -83.006064886283966, 39.972405385131388 ], [ -83.006051264370356, 39.972402746097707 ], [ -83.006037371244034, 39.972401150147462 ], [ -83.006023341495421, 39.972400612741502 ], [ -83.006009311038412, 39.972401139085996 ], [ -83.005995415793791, 39.972402724081924 ], [ -83.005981790372488, 39.972405352374565 ], [ -83.005968566771486, 39.972408998502218 ], [ -83.00595587309526, 39.972413627142771 ], [ -83.005943832314586, 39.972419193456076 ], [ -83.005932561075426, 39.972425643518079 ], [ -83.005922168568802, 39.972432914843431 ], [ -83.005912755473048, 39.972440936990715 ], [ -83.005910369170493, 39.972443183763431 ], [ -83.005902015119418, 39.972451892395007 ], [ -83.005894816021765, 39.972461191517127 ], [ -83.005888841826945, 39.972470990776223 ], [ -83.005884150582972, 39.972481194959187 ], [ -83.005880787872243, 39.97249170491839 ], [ -83.005878786368683, 39.972502418535214 ], [ -83.005878165520286, 39.972513231712199 ], [ -83.005878931360101, 39.972524039384375 ], [ -83.005881076447565, 39.972534736540318 ], [ -83.00588457994084, 39.972545219242306 ], [ -83.005889407799188, 39.972555385636319 ], [ -83.005895513113813, 39.972565136941661 ], [ -83.00590283656355, 39.972574378410748 ], [ -83.005907530767786, 39.97257969362817 ], [ -83.005915943651459, 39.972588282379377 ], [ -83.005925408223902, 39.972596196735424 ], [ -83.005935833693272, 39.97260336077516 ], [ -83.005947120049896, 39.972609705775028 ], [ -83.005959159025608, 39.972615170868387 ], [ -83.00597183513247, 39.972619703629427 ], [ -83.005985026770489, 39.972623260575965 ], [ -83.005998607394247, 39.972625807586773 ], [ -83.006012446726757, 39.97262732022871 ], [ -83.00602641200922, 39.972627783991243 ], [ -83.006040369274658, 39.972627194425527 ], [ -83.006054184632944, 39.972625557187179 ], [ -83.006067725555312, 39.972622887982034 ], [ -83.006080862145609, 39.972619212415388 ], [ -83.006093468386496, 39.97261456574639 ], [ -83.006105423348203, 39.972608992549929 ], [ -83.006116612348706, 39.972602546288805 ], [ -83.006126928053817, 39.972595288801074 ], [ -83.00613627150679, 39.972587289706688 ], [ -83.006138591550112, 39.972585096289748 ], [ -83.006146842579298, 39.97257646777588 ], [ -83.006153961572664, 39.972567261751109 ], [ -83.006159880777815, 39.972557565831046 ] ], [ [ -83.006218407269429, 39.971610816072079 ], [ -83.006225611476395, 39.971601503291282 ], [ -83.006231587416778, 39.971591689467552 ], [ -83.006236276878582, 39.971581470198792 ], [ -83.00623963418164, 39.971570945032468 ], [ -83.006241626622554, 39.971560216495725 ], [ -83.006242234793334, 39.971549389096772 ], [ -83.00624145277034, 39.971538568306762 ], [ -83.006239288172011, 39.971527859532443 ], [ -83.006235762084614, 39.971517367089348 ], [ -83.006230908856807, 39.97150719318568 ], [ -83.006224775765006, 39.971497436926619 ], [ -83.006217422552908, 39.971488193349018 ], [ -83.006208920849431, 39.971479552495595 ], [ -83.006204099249487, 39.971475124293455 ], [ -83.006201068666186, 39.971471663611723 ], [ -83.00619270653435, 39.971463055845589 ], [ -83.006183290843609, 39.971455118215033 ], [ -83.006172911779771, 39.971447926748326 ], [ -83.006161668755965, 39.971441550326858 ], [ -83.006149669460441, 39.971436050025318 ], [ -83.006137028825052, 39.971431478526739 ], [ -83.006123867924487, 39.971427879617835 ], [ -83.006110312816546, 39.971425287769719 ], [ -83.006096493334809, 39.971423727807604 ], [ -83.006082541844989, 39.971423214673102 ], [ -83.006068591977254, 39.971423753281165 ], [ -83.006054777346179, 39.971425338472834 ], [ -83.00604123027108, 39.971427955064911 ], [ -83.006028080508557, 39.971431577995098 ], [ -83.006015454009756, 39.971436172562214 ], [ -83.006003471713939, 39.971441694758617 ], [ -83.005992248390157, 39.971448091691556 ], [ -83.005981891537957, 39.971455302089886 ], [ -83.005972500357686, 39.971463256890857 ], [ -83.005969268707091, 39.971466279087842 ], [ -83.005967246818372, 39.971467831094657 ], [ -83.005957851968091, 39.971475785672055 ], [ -83.005949512907222, 39.971484408837647 ], [ -83.005942309535271, 39.971493617970282 ], [ -83.00593631087041, 39.97150332483438 ], [ -83.005931574388242, 39.971513436425454 ], [ -83.005928145471074, 39.971523855861143 ], [ -83.005926056973038, 39.971534483309526 ], [ -83.005925328905334, 39.971545216945515 ], [ -83.005925968244441, 39.971555953926618 ], [ -83.005927968865279, 39.971566591378284 ], [ -83.005931311599838, 39.971577027379446 ], [ -83.005935964420829, 39.97158716193924 ], [ -83.00594188274853, 39.971596897954932 ], [ -83.005949009877881, 39.971606142142306 ], [ -83.005957277521787, 39.971614805929597 ], [ -83.005961589474097, 39.971618503802084 ], [ -83.005963959654807, 39.971620746842937 ], [ -83.005965578742931, 39.971622627488451 ], [ -83.005973907001234, 39.971631337090194 ], [ -83.005983308239152, 39.971639374247303 ], [ -83.00599369129543, 39.971646661025325 ], [ -83.006004955488308, 39.971653126766107 ], [ -83.006016991591721, 39.971658708772885 ], [ -83.006029682894493, 39.971663352918171 ], [ -83.006042906332027, 39.971667014168737 ], [ -83.006056533679711, 39.971669657022296 ], [ -83.006070432796207, 39.97167125585166 ], [ -83.006084468904888, 39.971671795153341 ], [ -83.006098505900695, 39.971671269697872 ], [ -83.006112407670017, 39.971669684580455 ], [ -83.006126039410475, 39.971667055171636 ], [ -83.006139268938156, 39.971663406968176 ], [ -83.006151967969359, 39.971658775345915 ], [ -83.006164013364568, 39.97165320521664 ], [ -83.006175288322495, 39.971646750592583 ], [ -83.006185683512726, 39.971639474062812 ], [ -83.006192971674025, 39.971633259426468 ], [ -83.006197632489716, 39.971629660807153 ], [ -83.006200606044416, 39.971627581400085 ], [ -83.006210044972747, 39.971619537092629 ], [ -83.006218407269429, 39.971610816072079 ] ] ], [ [ [ -83.004463149916958, 39.966563541316901 ], [ -83.004352862634249, 39.9665759777928 ], [ -83.004243021464902, 39.966588364620222 ], [ -83.004239584964665, 39.966588620882462 ], [ -83.004236166092284, 39.966587822461726 ], [ -83.004229904626428, 39.966586097730364 ], [ -83.004216424143621, 39.96658348970756 ], [ -83.004202677857137, 39.966581903181755 ], [ -83.004188796182959, 39.966581353204873 ], [ -83.004174910821519, 39.966581844994742 ], [ -83.004161153508278, 39.96658337388557 ], [ -83.004147654763855, 39.966585925372229 ], [ -83.004134542655763, 39.966589475247844 ], [ -83.004121941583378, 39.966593989833434 ], [ -83.004109971097819, 39.966599426297478 ], [ -83.004098744767632, 39.966605733062245 ], [ -83.004093530075096, 39.966609310102299 ], [ -83.004090905651125, 39.966610937305163 ], [ -83.004087496555869, 39.966611429670728 ], [ -83.003463677842817, 39.96667724518489 ], [ -83.003460345109687, 39.966677469209131 ], [ -83.003459732305956, 39.966674938617899 ], [ -83.003419537310833, 39.966447392367819 ], [ -83.003417478453812, 39.966438497069404 ], [ -83.003414476126608, 39.966429762128179 ], [ -83.003413807235248, 39.966428096572216 ], [ -83.003413108110266, 39.966425461997204 ], [ -83.003396153345435, 39.966340450823481 ], [ -83.003363359399216, 39.966175996801837 ], [ -83.003363014897317, 39.966173434501293 ], [ -83.003366296623, 39.966172925316208 ], [ -83.004019564212584, 39.966097049255801 ], [ -83.004022998806008, 39.966096781317837 ], [ -83.004026726646487, 39.96609733787524 ], [ -83.004032846337083, 39.96609849194612 ], [ -83.004046645123466, 39.966100016609602 ], [ -83.004060571403755, 39.966100498042586 ], [ -83.004074492284659, 39.966099931650966 ], [ -83.004088274924385, 39.966098322839606 ], [ -83.004101787800352, 39.966095686960806 ], [ -83.004114901964257, 39.966092049167727 ], [ -83.004127492272659, 39.966087444174526 ], [ -83.004139144871985, 39.966082051841092 ], [ -83.004139264926664, 39.966082002341345 ], [ -83.004142679337392, 39.966081478813102 ], [ -83.004247393999762, 39.966069508093995 ], [ -83.004360348523349, 39.966056595725433 ], [ -83.004411043168304, 39.96605080187485 ], [ -83.004799498258407, 39.96600639601305 ], [ -83.004802820899855, 39.966006143436353 ], [ -83.004803480403851, 39.966008661904354 ], [ -83.004819200987086, 39.966088796447252 ], [ -83.004835752652241, 39.96617315427762 ], [ -83.004852886754051, 39.966260491172946 ], [ -83.004869059328044, 39.966342924188453 ], [ -83.004885523493314, 39.96642684468209 ], [ -83.004902095580235, 39.966511308177175 ], [ -83.004902432208937, 39.96651387381069 ], [ -83.004899144258687, 39.966514372847421 ], [ -83.00451812295907, 39.966557342605505 ], [ -83.004463149916958, 39.966563541316901 ] ] ], [ [ [ -83.009536904803213, 39.966255984657344 ], [ -83.009536365513014, 39.966258712933374 ], [ -83.009535626638311, 39.96626946906342 ], [ -83.009536260891736, 39.966280229146506 ], [ -83.009538262171048, 39.966290889647233 ], [ -83.009541611220158, 39.966301347988406 ], [ -83.009542673627564, 39.966303661015345 ], [ -83.009544213578678, 39.966307623110204 ], [ -83.009544199808175, 39.966310296149537 ], [ -83.009536847872923, 39.966416815427301 ], [ -83.009508855209887, 39.96682238764614 ], [ -83.009501007171366, 39.966936067463344 ], [ -83.00949937175362, 39.966959763404333 ], [ -83.009499239979988, 39.96696127731861 ], [ -83.009418409094366, 39.967730354517009 ], [ -83.009397087847773, 39.967933223965161 ], [ -83.00939683163071, 39.967936146567254 ], [ -83.00939324466367, 39.967987193794997 ], [ -83.009392899109613, 39.967989767214142 ], [ -83.009389600756975, 39.967990269575381 ], [ -83.008558527941616, 39.968084610084865 ], [ -83.008404892015506, 39.968102049098292 ], [ -83.007691470281117, 39.968182995937049 ], [ -83.007688016124874, 39.968183255178708 ], [ -83.007687458193374, 39.968183124206675 ], [ -83.007675462838719, 39.968179803349123 ], [ -83.007661887168311, 39.968177166937814 ], [ -83.007648041071263, 39.968175566809691 ], [ -83.007634057826735, 39.968175018367184 ], [ -83.007620072034015, 39.968175526889517 ], [ -83.007606218316923, 39.968177087481713 ], [ -83.007592630028014, 39.968179685121953 ], [ -83.007579437964864, 39.968183294805932 ], [ -83.007566769111165, 39.968187881787706 ], [ -83.007554745414382, 39.968193401914121 ], [ -83.0075443007009, 39.968199337167235 ], [ -83.007543911384957, 39.968199536532623 ], [ -83.007540519154958, 39.968200052940112 ], [ -83.007293263958317, 39.968228093838469 ], [ -83.007289839328138, 39.968228351142265 ], [ -83.007286162392418, 39.968226839766999 ], [ -83.00727353216746, 39.968222244771859 ], [ -83.007260378533445, 39.96821862203425 ], [ -83.007246827553089, 39.96821600627397 ], [ -83.007233009097234, 39.968214422560109 ], [ -83.007219055600103, 39.968213886070785 ], [ -83.007205100790102, 39.96821440194767 ], [ -83.007191278408257, 39.9682159652466 ], [ -83.007177720926393, 39.968218560985207 ], [ -83.007164558277651, 39.968222164286196 ], [ -83.007151916611178, 39.968226740616075 ], [ -83.007139917083137, 39.968232246115875 ], [ -83.007128674695622, 39.968238628021574 ], [ -83.007118297194495, 39.968245825169781 ], [ -83.007116819161112, 39.968246955918204 ], [ -83.007113436083827, 39.968247465756392 ], [ -83.007011022519322, 39.968258917800064 ], [ -83.006750807183437, 39.968288018727044 ], [ -83.005565362368301, 39.968420580042121 ], [ -83.005562034177274, 39.968420824644205 ], [ -83.005561952361049, 39.968420503194302 ], [ -83.005558578872822, 39.968410014949114 ], [ -83.005553882064135, 39.968399832577809 ], [ -83.005547907410786, 39.968390054667644 ], [ -83.005540712760777, 39.968380775889798 ], [ -83.005532367774236, 39.968372086082731 ], [ -83.005522953248871, 39.968364069382403 ], [ -83.005512560337806, 39.968356803407588 ], [ -83.005501289666825, 39.968350358508417 ], [ -83.005489250360313, 39.968344797085287 ], [ -83.00547655898454, 39.968340172984604 ], [ -83.005463338419105, 39.968336530977474 ], [ -83.005449716667258, 39.968333906326301 ], [ -83.005435825616502, 39.968332324443274 ], [ -83.00542179976172, 39.968331800644371 ], [ -83.005407774902935, 39.968332340001062 ], [ -83.005393886830532, 39.96833393729127 ], [ -83.005380270010548, 39.968336577049797 ], [ -83.005367056282751, 39.968340233718187 ], [ -83.005354373584169, 39.968344871892121 ], [ -83.0053423447104, 39.968350446664225 ], [ -83.005331086126716, 39.968356904058787 ], [ -83.005320706840408, 39.968364181554527 ], [ -83.005311307345451, 39.968372208689686 ], [ -83.005302978649354, 39.968380907744503 ], [ -83.005295801392165, 39.968390194493459 ], [ -83.005289845065562, 39.968399979020916 ], [ -83.005285167340134, 39.968410166591624 ], [ -83.005281813506897, 39.968420658567979 ], [ -83.005279816038794, 39.968431353365013 ], [ -83.005279273964788, 39.968435800683956 ], [ -83.005275976711346, 39.968436323293552 ], [ -83.004615946121717, 39.968515230828785 ], [ -83.004612482402578, 39.968515511479808 ], [ -83.004611591213575, 39.968515379318113 ], [ -83.004599887118758, 39.968513175812831 ], [ -83.004586083866329, 39.968511655054009 ], [ -83.004572153616124, 39.968511178044778 ], [ -83.004558229359603, 39.968511749339072 ], [ -83.004544444031026, 39.968513363482835 ], [ -83.004530929238328, 39.968516005065887 ], [ -83.004517814006661, 39.968519648869112 ], [ -83.004505223546701, 39.968524260105312 ], [ -83.004493373523843, 39.968529750519984 ], [ -83.004493354095445, 39.968529758551085 ], [ -83.004489958939189, 39.968530286254662 ], [ -83.003841667008629, 39.968605865235162 ], [ -83.003838341947429, 39.968606125293675 ], [ -83.003837677830418, 39.96860360498745 ], [ -83.003743597425682, 39.968127760746526 ], [ -83.003743252124451, 39.968125179475912 ], [ -83.003745596556712, 39.968123314126622 ], [ -83.003750389669136, 39.968119852513773 ], [ -83.003760340820918, 39.968111905164584 ], [ -83.003769204960733, 39.968103229402729 ], [ -83.003776892555209, 39.96809391285926 ], [ -83.003783325954942, 39.968084049637518 ], [ -83.00378844017888, 39.968073739362609 ], [ -83.003792183570539, 39.968063086175128 ], [ -83.003794518319893, 39.968052197679299 ], [ -83.003795420845051, 39.968041183856023 ], [ -83.003794882030647, 39.968030155952064 ], [ -83.00379290731972, 39.968019225356372 ], [ -83.003789516658784, 39.968008502474881 ], [ -83.003784744296311, 39.967998095615542 ], [ -83.003778638436785, 39.967988109894208 ], [ -83.003771260753737, 39.967978646172888 ], [ -83.003762685766887, 39.967969800041047 ], [ -83.003753000089276, 39.967961660850094 ], [ -83.003742301552634, 39.967954310810839 ], [ -83.003730698218945, 39.967947824163176 ], [ -83.003718307289191, 39.967942266426185 ], [ -83.003707073677546, 39.967938331210938 ], [ -83.003706255863804, 39.967938006581036 ], [ -83.003705567225168, 39.967935401105436 ], [ -83.003638755911382, 39.967597476924318 ], [ -83.003638395724948, 39.967594711801809 ], [ -83.003638704818826, 39.967593576799175 ], [ -83.003641550092098, 39.967585302800295 ], [ -83.003643804552794, 39.96757445744155 ], [ -83.003644639652038, 39.967563493043393 ], [ -83.003644047035436, 39.967552519302458 ], [ -83.00364203263274, 39.967541646008769 ], [ -83.003638616598224, 39.967530981947334 ], [ -83.003633833109248, 39.967520633809841 ], [ -83.003627730024164, 39.967510705127133 ], [ -83.003621396169748, 39.967502608962128 ], [ -83.003620932608897, 39.967501945622296 ], [ -83.003620247698251, 39.967499315625652 ], [ -83.003548072319319, 39.96712808248185 ], [ -83.003547440257918, 39.967123249830578 ], [ -83.003545700316181, 39.967099326046856 ], [ -83.003545653718575, 39.967097178284824 ], [ -83.003545825934864, 39.967095034314717 ], [ -83.003549001195651, 39.967070911687216 ], [ -83.003549391167027, 39.967068784687058 ], [ -83.003549996496645, 39.967066687730686 ], [ -83.003558029688321, 39.967043242814356 ], [ -83.003558846654911, 39.967041188790844 ], [ -83.003559870237382, 39.967039190325508 ], [ -83.003572564151042, 39.967016998659155 ], [ -83.003573788057054, 39.967015068035572 ], [ -83.003575204764459, 39.967013217120652 ], [ -83.003592247778229, 39.966992823476986 ], [ -83.003593848578163, 39.966991063647292 ], [ -83.003595623632023, 39.966989405720028 ], [ -83.003616597361258, 39.966971310732411 ], [ -83.003618535757525, 39.966969764897776 ], [ -83.003620625582656, 39.966968340657729 ], [ -83.003645015150923, 39.966952988530579 ], [ -83.003647243558618, 39.966951694638894 ], [ -83.003649596852753, 39.966950539048987 ], [ -83.003676803531476, 39.96693830665334 ], [ -83.003679267246468, 39.966937296467592 ], [ -83.00368182623977, 39.966936437895761 ], [ -83.003710045624132, 39.966927966691614 ], [ -83.003713847004391, 39.966927011398077 ], [ -83.003717763808737, 39.966926390795713 ], [ -83.004952506471156, 39.966785917344907 ], [ -83.00495583043373, 39.966785666494566 ], [ -83.004956486113258, 39.966788186384363 ], [ -83.005002114158785, 39.967022757770138 ], [ -83.005002462412492, 39.967025499368972 ], [ -83.0049947237043, 39.967034832920163 ], [ -83.004988224536945, 39.967044761808083 ], [ -83.004983063439539, 39.96705514545566 ], [ -83.004979293315174, 39.967065877428055 ], [ -83.004976952809201, 39.967076847719902 ], [ -83.004976065913056, 39.967087943882959 ], [ -83.004976641718372, 39.967099052178803 ], [ -83.004978674323652, 39.967110058744488 ], [ -83.004982142894875, 39.967120850759834 ], [ -83.004987011878896, 39.967131317603794 ], [ -83.004993231367934, 39.967141351988374 ], [ -83.00500073761107, 39.967150851058342 ], [ -83.005009453667711, 39.967159717445561 ], [ -83.00501929019623, 39.967167860267033 ], [ -83.005030146369734, 39.967175196056537 ], [ -83.00503177667072, 39.96717618987114 ], [ -83.005032469309768, 39.967178836709081 ], [ -83.005061573890202, 39.967328483623561 ], [ -83.005159665125433, 39.967832837769024 ], [ -83.005160009161415, 39.967835490464729 ], [ -83.005159772834958, 39.967836092745728 ], [ -83.00515638593923, 39.967846556095957 ], [ -83.005154349161018, 39.967857224598333 ], [ -83.005153682142307, 39.967867995372586 ], [ -83.005154391316069, 39.967878764552282 ], [ -83.00515646984411, 39.96788942828627 ], [ -83.005159897683029, 39.967899883740195 ], [ -83.005164641777498, 39.967910030088191 ], [ -83.005170656378951, 39.967919769485185 ], [ -83.005177883486823, 39.967929008010422 ], [ -83.005178907511535, 39.967930182389225 ], [ -83.005179593440801, 39.96793278147782 ], [ -83.005214651260289, 39.968109452232035 ], [ -83.005217433897954, 39.96811998797736 ], [ -83.005221542257203, 39.968130263842333 ], [ -83.005226936954188, 39.968140181318333 ], [ -83.005233566273645, 39.968149645332346 ], [ -83.005241366664677, 39.968158565158383 ], [ -83.005250263349851, 39.968166855287244 ], [ -83.005260171042138, 39.968174436246244 ], [ -83.005270994762526, 39.968181235361058 ], [ -83.005282630750358, 39.968187187452465 ], [ -83.005294967458255, 39.968192235461153 ], [ -83.005307886621296, 39.968196330994672 ], [ -83.005321264390801, 39.968199434791501 ], [ -83.005334972521652, 39.96820151709727 ], [ -83.005348879601712, 39.96820255795005 ], [ -83.005362852311592, 39.968202547371824 ], [ -83.005376756702717, 39.96820148546395 ], [ -83.005390459481504, 39.968199382406361 ], [ -83.005403829287076, 39.968196258359903 ], [ -83.005416737950682, 39.968192143273036 ], [ -83.0054290617243, 39.968187076594795 ], [ -83.005440682467039, 39.968181106896552 ], [ -83.005451488777581, 39.968174291406406 ], [ -83.005461377062275, 39.968166695460589 ], [ -83.00547025252807, 39.968158391877068 ], [ -83.005478030091396, 39.968149460257507 ], [ -83.005484635193653, 39.968139986224195 ], [ -83.005490004516119, 39.968130060599137 ], [ -83.005494086586751, 39.968119778533463 ], [ -83.005496842273743, 39.968109238595289 ], [ -83.005498245160581, 39.968098541824688 ], [ -83.005498281799234, 39.968087790765196 ], [ -83.00549695183912, 39.96807708848074 ], [ -83.005466183184069, 39.967914165835282 ], [ -83.005454456815471, 39.967852063216078 ], [ -83.005351249460929, 39.967305552586211 ], [ -83.005351131476317, 39.967304900356986 ], [ -83.005350921176301, 39.96730368443901 ], [ -83.005350365695691, 39.967298837456951 ], [ -83.005349052403545, 39.967275677771958 ], [ -83.005349039105965, 39.967273552664977 ], [ -83.00534923989818, 39.967271433156839 ], [ -83.005352638010763, 39.967248092077007 ], [ -83.005353051684622, 39.967245990917803 ], [ -83.005353675751806, 39.967243920747244 ], [ -83.005361720918899, 39.967221264127765 ], [ -83.005362551624742, 39.967219237399043 ], [ -83.005363583972496, 39.967217266304132 ], [ -83.005376082895111, 39.967195838494682 ], [ -83.005377310673879, 39.967193934890709 ], [ -83.00537872649852, 39.967192110229128 ], [ -83.005395378872265, 39.967172426055328 ], [ -83.005396974224894, 39.967170691312212 ], [ -83.005398739509388, 39.967169056923296 ], [ -83.005419050398402, 39.967151670503434 ], [ -83.005423110933208, 39.967148467484037 ], [ -83.005691687585099, 39.966953207387057 ], [ -83.005899416719672, 39.966801926058828 ], [ -83.005901596081515, 39.966800463340647 ], [ -83.005903922539176, 39.966799141547106 ], [ -83.00607355679675, 39.966710721699805 ], [ -83.00608284972769, 39.9667054434207 ], [ -83.006091557446211, 39.966699604151586 ], [ -83.006239457235054, 39.966592017494044 ], [ -83.006242775689643, 39.966589749742241 ], [ -83.00628271806228, 39.966564119082314 ], [ -83.00629323193904, 39.966556653951763 ], [ -83.006302721598701, 39.966548416340437 ], [ -83.006311091670824, 39.966539489036023 ], [ -83.006318258036913, 39.966529961757658 ], [ -83.006324148675731, 39.966519930254158 ], [ -83.006328704387201, 39.966509495341676 ], [ -83.006331879387204, 39.966498761890634 ], [ -83.006333641767824, 39.966487837771687 ], [ -83.006333973817874, 39.966476832771619 ], [ -83.006332872200957, 39.96646585749005 ], [ -83.006330347988907, 39.966455022227848 ], [ -83.006326426550572, 39.966444435878664 ], [ -83.006321147296731, 39.966434204834535 ], [ -83.006314563284079, 39.966424431916657 ], [ -83.006306740681907, 39.966415215342103 ], [ -83.006297758107195, 39.966406647736591 ], [ -83.006287705834424, 39.966398815203824 ], [ -83.00627668488832, 39.966391796460059 ], [ -83.006264806028611, 39.96638566204296 ], [ -83.006252188636878, 39.966380473602818 ], [ -83.006238959516764, 39.966376283282948 ], [ -83.006236107885258, 39.966375506205914 ], [ -83.006238374238166, 39.96637368327761 ], [ -83.006594997823356, 39.9661140596303 ], [ -83.006597643181678, 39.966112316275137 ], [ -83.006601047161183, 39.966111748647378 ], [ -83.006636485526414, 39.966107237970391 ], [ -83.006639945383313, 39.966106932293869 ], [ -83.006645845285874, 39.966109301783732 ], [ -83.006646666569367, 39.966109672280957 ], [ -83.00665963245163, 39.966114250958327 ], [ -83.006673127671007, 39.966117810637485 ], [ -83.006687017357748, 39.966120315743353 ], [ -83.006701162699841, 39.966121741240187 ], [ -83.006715422330217, 39.966122072881703 ], [ -83.006729653739612, 39.966121307353525 ], [ -83.006743714700832, 39.966119452306259 ], [ -83.006757464690054, 39.966116526279045 ], [ -83.006770766291467, 39.96611255851429 ], [ -83.006783486570313, 39.96610758866543 ], [ -83.006795498401701, 39.966101666400547 ], [ -83.006806681740898, 39.966094850906117 ], [ -83.006816924823141, 39.966087210295377 ], [ -83.006826125280597, 39.966078820927727 ], [ -83.00683419116541, 39.966069766645475 ], [ -83.006841041868583, 39.966060137935969 ], [ -83.006846608925571, 39.966050031027315 ], [ -83.006850836700551, 39.966039546926602 ], [ -83.006853682942292, 39.966028790410483 ], [ -83.00685511920652, 39.966017868978049 ], [ -83.0068551311401, 39.96600689177653 ], [ -83.006853718624441, 39.965995968510391 ], [ -83.006836687723222, 39.965908776740797 ], [ -83.006836358419775, 39.965906246731976 ], [ -83.006839644225508, 39.965906516643123 ], [ -83.007001048992009, 39.965926013135935 ], [ -83.007004804208805, 39.965926427460658 ], [ -83.007155143880127, 39.965941448426378 ], [ -83.007162774648762, 39.965942050870169 ], [ -83.007314002493672, 39.965950837271748 ], [ -83.007317675921186, 39.965951014070917 ], [ -83.007693973088195, 39.965965378502204 ], [ -83.007697409999366, 39.965965640522441 ], [ -83.007702412129717, 39.965968810877065 ], [ -83.007703312912597, 39.965969440905596 ], [ -83.007714686817437, 39.965975936044821 ], [ -83.007726841484811, 39.965981531615043 ], [ -83.007739657175165, 39.965986172492372 ], [ -83.007753007636907, 39.965989812957986 ], [ -83.007766761350112, 39.965992417148399 ], [ -83.007780782822294, 39.965993959408841 ], [ -83.00779493392308, 39.965994424545961 ], [ -83.007809075245149, 39.965993807977576 ], [ -83.007823067477418, 39.965992115777681 ], [ -83.007836772777651, 39.965989364616711 ], [ -83.007850056130223, 39.965985581597323 ], [ -83.007862786676412, 39.965980803987286 ], [ -83.007874839003364, 39.965975078852495 ], [ -83.007878285897092, 39.965973253727313 ], [ -83.007878863995387, 39.965973199268745 ], [ -83.00789213207986, 39.965971457304832 ], [ -83.007905127856318, 39.96596876122868 ], [ -83.007917735712169, 39.965965135025044 ], [ -83.007924246500608, 39.965962988014198 ], [ -83.00792770080001, 39.965962972179469 ], [ -83.008032033016775, 39.965966475763004 ], [ -83.008048980452642, 39.965966269607769 ], [ -83.008065776582342, 39.965964518788205 ], [ -83.008068390433564, 39.965964123482692 ], [ -83.008071852878345, 39.965964126566597 ], [ -83.008137230970561, 39.965966642179758 ], [ -83.008140682661093, 39.965966905284937 ], [ -83.008143790904754, 39.965967380878723 ], [ -83.008147825911166, 39.965968182805483 ], [ -83.008159377848401, 39.96596971409781 ], [ -83.008171054145649, 39.965970510696962 ], [ -83.008216076815373, 39.965972152278219 ], [ -83.008227384719348, 39.965972219436409 ], [ -83.008238664031055, 39.965971597440195 ], [ -83.008242948217358, 39.965971229429407 ], [ -83.008246397231261, 39.965971191827578 ], [ -83.008301292317526, 39.96597264274665 ], [ -83.008304865531755, 39.965972876395476 ], [ -83.008307649309799, 39.965973278709235 ], [ -83.008319466678969, 39.965975379789647 ], [ -83.00833632774787, 39.965976788578025 ], [ -83.008378729275393, 39.96597837883737 ], [ -83.008390190901309, 39.965978454086027 ], [ -83.008401623404509, 39.965977821300534 ], [ -83.008407441126479, 39.965977317914401 ], [ -83.008411021552419, 39.965977286910956 ], [ -83.008413221545624, 39.965977353151303 ], [ -83.00846613102722, 39.965978946208708 ], [ -83.008469659358866, 39.965979188921004 ], [ -83.008469774203547, 39.965979215211107 ], [ -83.008486226526458, 39.965982178389915 ], [ -83.008503018697851, 39.965983624484934 ], [ -83.008542417614848, 39.96598520895067 ], [ -83.008553527831864, 39.965985322459929 ], [ -83.00856461584884, 39.965984770502907 ], [ -83.008571318900039, 39.965984234530218 ], [ -83.008574921599589, 39.96598422845215 ], [ -83.008640218941864, 39.965986666336924 ], [ -83.008643649592059, 39.965986923068904 ], [ -83.008643727943394, 39.965986934906788 ], [ -83.008656087421386, 39.96598931719074 ], [ -83.008668879237277, 39.965990852096503 ], [ -83.008681799196097, 39.965991488650793 ], [ -83.008687327054204, 39.965991567633878 ], [ -83.008690790897816, 39.965991749598651 ], [ -83.008690824078442, 39.965991773989352 ], [ -83.008700122495711, 39.965999342076593 ], [ -83.008710508710166, 39.966006307444196 ], [ -83.008721719453291, 39.966012469685076 ], [ -83.008733650230909, 39.966017771361479 ], [ -83.008746189837382, 39.966022163056955 ], [ -83.008759221392168, 39.966025603836854 ], [ -83.008772623429252, 39.966028061629942 ], [ -83.008786271029336, 39.96602951352736 ], [ -83.008800036984212, 39.966029945996048 ], [ -83.00881379298248, 39.96602935500502 ], [ -83.00882741080558, 39.966027746062835 ], [ -83.008840763522826, 39.966025134166344 ], [ -83.008853726674644, 39.966021543660823 ], [ -83.008866179432616, 39.966017008013068 ], [ -83.008878005725705, 39.966011569499479 ], [ -83.008889095322175, 39.966005278811963 ], [ -83.008893089514899, 39.966002775336719 ], [ -83.008896526973729, 39.966002785017196 ], [ -83.009070810785545, 39.966009865084757 ], [ -83.009088309502133, 39.966009749201135 ], [ -83.009102784505544, 39.966008278219967 ], [ -83.009104573018504, 39.966008147785601 ], [ -83.009108063165471, 39.96600815763324 ], [ -83.009161179800685, 39.966010315529942 ], [ -83.009164650608895, 39.966010588377252 ], [ -83.009166232101464, 39.96601083497719 ], [ -83.009187051239067, 39.96601286975072 ], [ -83.009236679560814, 39.966014885776957 ], [ -83.009254179007257, 39.966014769840953 ], [ -83.009259443288414, 39.966014234837921 ], [ -83.009259449015346, 39.966014281327212 ], [ -83.009266410973538, 39.966013773551197 ], [ -83.009269901201691, 39.966013783381364 ], [ -83.009322979427282, 39.966015939494568 ], [ -83.009326452236365, 39.966016212561662 ], [ -83.009330082406052, 39.966016778842523 ], [ -83.009332746600691, 39.966017318247196 ], [ -83.009344240447945, 39.966018886254837 ], [ -83.009355862392937, 39.966019726188669 ], [ -83.009484476361266, 39.966024950209736 ], [ -83.009487923083654, 39.966025221193689 ], [ -83.009491348073553, 39.966026642172878 ], [ -83.009496607601008, 39.966029087869593 ], [ -83.009509244813273, 39.966033730255418 ], [ -83.009522412514457, 39.966037397244463 ], [ -83.009535983907327, 39.966040053525759 ], [ -83.009549828307243, 39.966041673520863 ], [ -83.009551861282944, 39.966041833370056 ], [ -83.00955184905591, 39.966044405807743 ], [ -83.009537789262367, 39.966249324655394 ], [ -83.009536904803213, 39.966255984657344 ] ] ], [ [ [ -83.006506401166959, 39.965761373961399 ], [ -83.006509810479045, 39.965771861201588 ], [ -83.006514543446954, 39.965782039664298 ], [ -83.006520554197493, 39.965791810695791 ], [ -83.006527784472581, 39.965801079591429 ], [ -83.006536164194003, 39.965809756513352 ], [ -83.006539922160158, 39.965813272087239 ], [ -83.006540597585072, 39.965815886568684 ], [ -83.006541216498121, 39.965819102518481 ], [ -83.006545853485321, 39.965843224079926 ], [ -83.006546185198729, 39.965845810260653 ], [ -83.006543823935445, 39.965847668314204 ], [ -83.006340138321846, 39.965993125685564 ], [ -83.005951733611766, 39.966270494104862 ], [ -83.005902312666095, 39.966305787346585 ], [ -83.005899639430908, 39.966307514716988 ], [ -83.005895365536958, 39.96630819011272 ], [ -83.005881951719928, 39.966310837666157 ], [ -83.005868934559658, 39.966314473151414 ], [ -83.005856436633906, 39.966319062334492 ], [ -83.005844575631102, 39.966324562000786 ], [ -83.005833463242084, 39.966330920361955 ], [ -83.005823204108324, 39.966338077543639 ], [ -83.005723843125537, 39.966414474249824 ], [ -83.005714276056239, 39.966422604510328 ], [ -83.005705810783525, 39.966431428579796 ], [ -83.005698531762818, 39.966440858423731 ], [ -83.005692511614754, 39.966450799963987 ], [ -83.005687810400772, 39.96646115401731 ], [ -83.005684475023813, 39.966471817284962 ], [ -83.005682538760425, 39.966482683383234 ], [ -83.005682490532294, 39.966483112322251 ], [ -83.005680122225982, 39.966484999999295 ], [ -83.005607993991546, 39.966537154723838 ], [ -83.005606840049595, 39.966537998493934 ], [ -83.005260431524462, 39.966794137553457 ], [ -83.005257984887095, 39.966795774544238 ], [ -83.005257350747371, 39.966793327972432 ], [ -83.005216672995346, 39.96658208828984 ], [ -83.005199401620644, 39.966492377470111 ], [ -83.005101400815533, 39.965983381098873 ], [ -83.005093766976358, 39.965943738139224 ], [ -83.005093430080294, 39.965941097343361 ], [ -83.005095535291403, 39.965938686717536 ], [ -83.005102784671379, 39.965929432407584 ], [ -83.00510881686543, 39.965919674655211 ], [ -83.00511357346096, 39.965909507950194 ], [ -83.005117008397747, 39.965899030742428 ], [ -83.005119088414034, 39.965888344488505 ], [ -83.005119793368465, 39.96587755266934 ], [ -83.005119116435253, 39.965866759787978 ], [ -83.00511724653299, 39.965857020213271 ], [ -83.005216265953536, 39.965856593958804 ], [ -83.005216124473861, 39.965837136915468 ], [ -83.00539450260213, 39.965836368830253 ], [ -83.00539436107259, 39.965816911786995 ], [ -83.00557273914697, 39.965816143430843 ], [ -83.00557259756755, 39.965796686387634 ], [ -83.005750975588029, 39.965795917760566 ], [ -83.005750833958743, 39.965776460717464 ], [ -83.005929211925334, 39.965775691819459 ], [ -83.005929070246168, 39.965756234776421 ], [ -83.006107448158858, 39.965755465607494 ], [ -83.006107308766872, 39.965736329402297 ], [ -83.006285686626484, 39.965735559962425 ], [ -83.00628571038753, 39.965738820810806 ], [ -83.006464088251548, 39.965738051099756 ], [ -83.00646414040699, 39.965745206132219 ], [ -83.006503995109583, 39.965745034119742 ], [ -83.006504348554472, 39.965750679590059 ], [ -83.006506401166959, 39.965761373961399 ] ] ], [ [ [ -83.01247212603208, 39.973051090134184 ], [ -83.012468779097745, 39.973051102719964 ], [ -83.012177833531567, 39.97304118903552 ], [ -83.012070905694799, 39.973037545051639 ], [ -83.011968006093639, 39.973034038321146 ], [ -83.010083541834462, 39.972969800205867 ], [ -83.010080197048381, 39.972969558521584 ], [ -83.010080208640545, 39.972966973798592 ], [ -83.010108851601586, 39.972550017563911 ], [ -83.010109202891826, 39.972547364808023 ], [ -83.010110198178282, 39.972543567666534 ], [ -83.010112255069231, 39.972533174719288 ], [ -83.01011301075431, 39.97252267806499 ], [ -83.010112458307461, 39.972512173916712 ], [ -83.010110602793034, 39.972501758556248 ], [ -83.010107461219405, 39.97249152745151 ], [ -83.010103062382967, 39.972481574381504 ], [ -83.010097446604263, 39.972471990576665 ], [ -83.010090665358334, 39.972462863882669 ], [ -83.010082780802918, 39.972454277955322 ], [ -83.010073865208582, 39.972446311493655 ], [ -83.010064000296452, 39.972439037518569 ], [ -83.010053276489003, 39.972432522703755 ], [ -83.010041792081353, 39.972426826764199 ], [ -83.010029652340165, 39.972422001909152 ], [ -83.010016968538878, 39.972418092363363 ], [ -83.010003856937743, 39.972415133961874 ], [ -83.009990437718159, 39.972413153821563 ], [ -83.009976833881183, 39.972412170092369 ], [ -83.009595884167027, 39.972398729154449 ], [ -83.009592540710813, 39.972398483601253 ], [ -83.00959255604532, 39.972395899522162 ], [ -83.009629013662362, 39.971876043940043 ], [ -83.009634812490404, 39.971793340838495 ], [ -83.009635155093747, 39.971790796712888 ], [ -83.009638406254055, 39.971791330507934 ], [ -83.01015992273706, 39.971897894640584 ], [ -83.011282563599494, 39.972127295038348 ], [ -83.011285715136609, 39.972128065993992 ], [ -83.011285423802875, 39.972130600476582 ], [ -83.011227775571626, 39.972453596919685 ], [ -83.01122687951873, 39.97245726452681 ], [ -83.01122493721283, 39.972468237266405 ], [ -83.0112244412623, 39.972479304723009 ], [ -83.011225396712092, 39.97249035432975 ], [ -83.011227793845066, 39.972501273701297 ], [ -83.011231608280653, 39.972511951776845 ], [ -83.011236801222921, 39.972522279949828 ], [ -83.011243319855069, 39.972532153172367 ], [ -83.011251097876638, 39.972541471023966 ], [ -83.011260056177804, 39.972550138732679 ], [ -83.011270103644051, 39.972558068139222 ], [ -83.011281138082808, 39.97256517859342 ], [ -83.011293047262924, 39.972571397774836 ], [ -83.011305710056106, 39.97257666242799 ], [ -83.01131899766898, 39.972580919006028 ], [ -83.011332774953033, 39.972584124215189 ], [ -83.011346901779206, 39.97258624545519 ], [ -83.011361234463209, 39.972587261150892 ], [ -83.011620442240158, 39.972595522143763 ], [ -83.012492384872232, 39.972623307280173 ], [ -83.012495716642022, 39.972623539926452 ], [ -83.012495739036595, 39.972626113817107 ], [ -83.012472432088373, 39.973048525828169 ], [ -83.01247212603208, 39.973051090134184 ] ] ], [ [ [ -83.018541040113277, 39.974049693507254 ], [ -83.018499733103781, 39.974045490572991 ], [ -83.018496336258394, 39.974045012013839 ], [ -83.018493478758003, 39.97404095390737 ], [ -83.018486260475598, 39.974031798841672 ], [ -83.018482309884874, 39.974027740449962 ], [ -83.018487257283454, 39.974020504843153 ], [ -83.018492469264814, 39.97401068348173 ], [ -83.018496425074986, 39.974000521002942 ], [ -83.018499087792122, 39.97399011226041 ], [ -83.018500432563798, 39.973979554406277 ], [ -83.01853508124384, 39.9734399192658 ], [ -83.018535085953488, 39.973429157684841 ], [ -83.018533721439013, 39.973418447432394 ], [ -83.018531000807386, 39.973407891381832 ], [ -83.01852695019123, 39.973397590925451 ], [ -83.018521608497835, 39.973387645000415 ], [ -83.018515027035335, 39.973378149138547 ], [ -83.018507269019949, 39.973369194548773 ], [ -83.018498408968767, 39.973360867240892 ], [ -83.018488531983891, 39.973353247199654 ], [ -83.018477732935182, 39.973346407616376 ], [ -83.018466115548875, 39.973340414185984 ], [ -83.018453791411332, 39.973335324475975 ], [ -83.018440878897252, 39.973331187373532 ], [ -83.018427502032722, 39.973328042615925 ], [ -83.018413789303835, 39.973325920408861 ], [ -83.018399872422691, 39.973324841136353 ], [ -83.018373635514138, 39.973323801929929 ], [ -83.018359931848579, 39.97332376599239 ], [ -83.018346286873495, 39.973324741399793 ], [ -83.018332826388374, 39.973326719159445 ], [ -83.018319674491821, 39.973329681037377 ], [ -83.018306952437456, 39.973333599726658 ], [ -83.018294777516076, 39.973338439099024 ], [ -83.018283261974219, 39.973344154537997 ], [ -83.018272511979362, 39.973350693350142 ], [ -83.018262626641132, 39.973357995251042 ], [ -83.018253697097549, 39.973365992920904 ], [ -83.018245805674781, 39.973374612625292 ], [ -83.018239025128139, 39.973383774894884 ], [ -83.018233417971274, 39.973393395258213 ], [ -83.018229035899878, 39.973403385020333 ], [ -83.018225919315014, 39.973413652080581 ], [ -83.018224096950604, 39.973424101781738 ], [ -83.018223585608567, 39.973434637782653 ], [ -83.018224390003795, 39.973445162946511 ], [ -83.018226502720751, 39.97345558023634 ], [ -83.018229904281796, 39.973465793609748 ], [ -83.018234563326686, 39.973475708904211 ], [ -83.018236688286549, 39.973479155177877 ], [ -83.018238312077415, 39.973482170209515 ], [ -83.018238312731853, 39.973484835795603 ], [ -83.018207984449461, 39.973961720556744 ], [ -83.018208027116884, 39.973973086634238 ], [ -83.018209596705205, 39.973984388426651 ], [ -83.018212676397596, 39.973995504839664 ], [ -83.018217233197049, 39.974006316765077 ], [ -83.018223218279815, 39.974016708357162 ], [ -83.018230567518543, 39.9740265682738 ], [ -83.018239202169397, 39.974035790869557 ], [ -83.018243189411294, 39.974039615456441 ], [ -83.018240058166924, 39.974039603117504 ], [ -83.018225795326956, 39.974039009131651 ], [ -83.018224656841937, 39.974038954694073 ], [ -83.018205129506327, 39.974037900372551 ], [ -83.018204059361423, 39.974037845701076 ], [ -83.018123509929026, 39.974033964389903 ], [ -83.018120253237583, 39.974033749749651 ], [ -83.018002311379234, 39.974023878094826 ], [ -83.017999070882894, 39.974023548924819 ], [ -83.017881687287087, 39.974009513435462 ], [ -83.017878773604579, 39.974009117281014 ], [ -83.0177846954047, 39.973994772420035 ], [ -83.01778104274328, 39.973994138401103 ], [ -83.017597575064784, 39.973958375358379 ], [ -83.01759429679926, 39.973957603191622 ], [ -83.017590962738453, 39.973953759197926 ], [ -83.017589827145457, 39.973952302371373 ], [ -83.017581369910118, 39.973943554782764 ], [ -83.017571826885501, 39.973935495544076 ], [ -83.017561292144933, 39.973928204101391 ], [ -83.017549869537632, 39.97392175233206 ], [ -83.017537671665252, 39.973916203836069 ], [ -83.017524818771591, 39.973911613309212 ], [ -83.017478611357348, 39.973897209281866 ], [ -83.017475596594664, 39.973896136948305 ], [ -83.017475651543137, 39.973893581943805 ], [ -83.017481075628837, 39.97382911241575 ], [ -83.017481288189899, 39.97381821916926 ], [ -83.017480096670184, 39.973807363332682 ], [ -83.017477512799474, 39.973796651768993 ], [ -83.017473562013549, 39.973786189920958 ], [ -83.017468283203854, 39.973776080773071 ], [ -83.017461728334553, 39.973766423837915 ], [ -83.017453961931068, 39.973757314176488 ], [ -83.017445060444786, 39.973748841462559 ], [ -83.017435111500589, 39.973741089099853 ], [ -83.01742421303419, 39.973734133401031 ], [ -83.017412472328147, 39.973728042836576 ], [ -83.017400004955704, 39.973722877360771 ], [ -83.017386933643195, 39.973718687821453 ], [ -83.017373387061966, 39.973715515459567 ], [ -83.017359498561689, 39.973713391503146 ], [ -83.017345404857835, 39.973712336860011 ], [ -83.017331244685735, 39.973712361911808 ], [ -83.017317157435116, 39.973713466411937 ], [ -83.017303281777799, 39.973715639487928 ], [ -83.017289754302837, 39.973718859748502 ], [ -83.017276708171806, 39.973723095494094 ], [ -83.017264271808173, 39.973728305028942 ], [ -83.017252567633037, 39.973734437071421 ], [ -83.017241710860077, 39.973741431259036 ], [ -83.01723341252243, 39.973747340102136 ], [ -83.017231360483393, 39.973748693732965 ], [ -83.017229180923124, 39.973749923732242 ], [ -83.017202869107166, 39.973763622083055 ], [ -83.017200461346079, 39.973764770900253 ], [ -83.017197942498157, 39.973765768811617 ], [ -83.017191268919632, 39.973768159309763 ], [ -83.017178691105997, 39.973773266075376 ], [ -83.017166836332393, 39.97377931057698 ], [ -83.017155822311636, 39.973786232795348 ], [ -83.01714575840839, 39.973793963995838 ], [ -83.017136744553113, 39.973802427411073 ], [ -83.01712887024992, 39.973811539002995 ], [ -83.017122213687671, 39.973821208297402 ], [ -83.017116840963723, 39.973831339282313 ], [ -83.017112805427558, 39.973841831361305 ], [ -83.01711014715093, 39.973852580352471 ], [ -83.017108892530104, 39.973863479522691 ], [ -83.017108451373986, 39.973872293662168 ], [ -83.01710816466165, 39.973874783171418 ], [ -83.017105507399236, 39.973873345581652 ], [ -83.016984818036249, 39.973800871376284 ], [ -83.016982312999474, 39.973799214469864 ], [ -83.016982285580028, 39.973796672936196 ], [ -83.016983815141884, 39.97376655646876 ], [ -83.016983679291783, 39.973755842052967 ], [ -83.016982186777071, 39.973745188835572 ], [ -83.016979351810136, 39.973734698256884 ], [ -83.016975201386217, 39.973724470208495 ], [ -83.016969775026325, 39.973714602082126 ], [ -83.016963124400903, 39.973705187842285 ], [ -83.016955312837766, 39.973696317131505 ], [ -83.016946414719172, 39.973688074416827 ], [ -83.016936514773462, 39.973680538185434 ], [ -83.016925707268243, 39.973673780197394 ], [ -83.016914095112895, 39.973667864802252 ], [ -83.01687332228019, 39.973649229616569 ], [ -83.016865699222535, 39.973645209364626 ], [ -83.016845270955343, 39.973632865232354 ], [ -83.016834942232833, 39.973627176905588 ], [ -83.016823997051162, 39.973622217659788 ], [ -83.0168125221075, 39.973618026777281 ], [ -83.016800608295227, 39.973614637454169 ], [ -83.016797903305402, 39.973613971590467 ], [ -83.016795753994188, 39.973611877346684 ], [ -83.016753854981772, 39.973566624830497 ], [ -83.016752042149562, 39.973564455547795 ], [ -83.016751978863027, 39.973563948516457 ], [ -83.016750013807368, 39.973553507203157 ], [ -83.016746755399012, 39.973543259177568 ], [ -83.016742233718531, 39.973533299044426 ], [ -83.016736490508379, 39.973523718750684 ], [ -83.016729578787476, 39.973514606736828 ], [ -83.016721562361766, 39.97350604712036 ], [ -83.016712515235199, 39.973498118919274 ], [ -83.016702520926557, 39.973490895322684 ], [ -83.016691671698396, 39.973484443015131 ], [ -83.016680067705408, 39.973478821560967 ], [ -83.016667816069784, 39.973474082854487 ], [ -83.01665502989232, 39.973470270641009 ], [ -83.016641827208389, 39.973467420112875 ], [ -83.016628329898253, 39.973465557584667 ], [ -83.016614662561992, 39.973464700250261 ], [ -83.016569201290849, 39.973463535319993 ], [ -83.016565820054907, 39.973463322632519 ], [ -83.016563142000663, 39.973461720335543 ], [ -83.016433355186848, 39.973376022719101 ], [ -83.016422225961961, 39.973369378933583 ], [ -83.016410299685703, 39.973363611600035 ], [ -83.016397692539115, 39.973358776901371 ], [ -83.016384527336029, 39.973354921935339 ], [ -83.016370932326453, 39.973352084255382 ], [ -83.01635703994738, 39.973350291504993 ], [ -83.016342985532631, 39.97334956114841 ], [ -83.016322987484159, 39.973349283072501 ], [ -83.016319601879289, 39.973349105691057 ], [ -83.016319584362179, 39.973346494888283 ], [ -83.016324254240985, 39.973266276951314 ], [ -83.016324212465108, 39.973255778994442 ], [ -83.016322867860595, 39.973245332084666 ], [ -83.016320232718215, 39.973235031710814 ], [ -83.016316331124784, 39.973224972022351 ], [ -83.016311198742898, 39.973215244968635 ], [ -83.016304882484974, 39.973205939458701 ], [ -83.016297440084472, 39.973197140548379 ], [ -83.016288939568113, 39.973188928663021 ], [ -83.016279458634116, 39.973181378862307 ], [ -83.016269083942021, 39.973174560154177 ], [ -83.016257910320505, 39.973168534864122 ], [ -83.016246039900736, 39.973163358065463 ], [ -83.016233581182746, 39.973159077076005 ], [ -83.01622064804377, 39.97315573102555 ], [ -83.016207358697343, 39.973153350498151 ], [ -83.016193834612864, 39.973151957252718 ], [ -83.016180199405241, 39.973151564023979 ], [ -83.016166577705107, 39.973152174406209 ], [ -83.016153094019614, 39.973153782820283 ], [ -83.016147411262409, 39.973154676566168 ], [ -83.016143942271356, 39.97315469271642 ], [ -83.016009980513516, 39.973150273942892 ], [ -83.015873129747561, 39.973145758964527 ], [ -83.01555992320165, 39.973135426815574 ], [ -83.015487053208645, 39.973133022440557 ], [ -83.014902507159505, 39.973113737635842 ], [ -83.014899186546984, 39.973113502451518 ], [ -83.014899150498934, 39.973110936989066 ], [ -83.014919059146465, 39.972709409312188 ], [ -83.014919366299651, 39.972706716511972 ], [ -83.01491964094258, 39.97270559573321 ], [ -83.014921550697494, 39.972694978942442 ], [ -83.014922106048573, 39.972684269478158 ], [ -83.014921301705328, 39.972673569374486 ], [ -83.014919145331746, 39.972662980576295 ], [ -83.01491565747321, 39.972652603967916 ], [ -83.014910871360712, 39.972642538412067 ], [ -83.014904832594269, 39.972632879807819 ], [ -83.014897598708444, 39.972623720177062 ], [ -83.014889238624107, 39.972615146787653 ], [ -83.014879831991905, 39.972607241322073 ], [ -83.014869468433247, 39.972600079099145 ], [ -83.014858246686529, 39.972593728356479 ], [ -83.014846273666436, 39.972588249600392 ], [ -83.014833663445174, 39.972583695029272 ], [ -83.014820536165871, 39.972580108036517 ], [ -83.014817453322621, 39.972579393946781 ], [ -83.014817481213328, 39.972576780776159 ], [ -83.014823745481849, 39.972493337294779 ], [ -83.014823802979734, 39.972492646965001 ], [ -83.014828469805082, 39.972441652085131 ], [ -83.014828883870422, 39.972439025570722 ], [ -83.014832320095735, 39.972438923289666 ], [ -83.014967800809757, 39.972440147009294 ], [ -83.014975814419557, 39.972440046230794 ], [ -83.015253403994279, 39.972430551355764 ], [ -83.015260937319866, 39.972430139777167 ], [ -83.0153437820058, 39.97242391481533 ], [ -83.015348810356898, 39.972423467589785 ], [ -83.015511143724382, 39.972406779962945 ], [ -83.015517309582052, 39.972406040216775 ], [ -83.015659701042466, 39.972386494408042 ], [ -83.0156654779787, 39.972385606390816 ], [ -83.015806870237697, 39.972361526795474 ], [ -83.015812594615753, 39.972360456098698 ], [ -83.01594983007908, 39.972332467127586 ], [ -83.015960876619602, 39.972329841437698 ], [ -83.016200312108637, 39.972264644387849 ], [ -83.016203577857084, 39.97226389130001 ], [ -83.016204611202554, 39.972264423617254 ], [ -83.016216147569565, 39.972269777650482 ], [ -83.016228288719645, 39.972274270864325 ], [ -83.016240926456717, 39.972277863217393 ], [ -83.016253948159317, 39.972280522696344 ], [ -83.016267237784234, 39.972282225601191 ], [ -83.016280676900564, 39.972282956756402 ], [ -83.016294145745263, 39.972282709646279 ], [ -83.016307524290298, 39.97228148647298 ], [ -83.016320693312394, 39.972279298136804 ], [ -83.016333535455445, 39.972276164139231 ], [ -83.016406889951156, 39.972255282827952 ], [ -83.01641396124846, 39.972253103107711 ], [ -83.016535198935344, 39.972212810333417 ], [ -83.016542108987707, 39.972210343417949 ], [ -83.016660379518825, 39.97216513083147 ], [ -83.016667108638359, 39.972162383749563 ], [ -83.016782075042045, 39.972112380171019 ], [ -83.016788604056472, 39.972109360749684 ], [ -83.016900175723379, 39.972054592336917 ], [ -83.016902980180674, 39.972053361324605 ], [ -83.016903020586014, 39.972055845313605 ], [ -83.016898959698963, 39.972140406577587 ], [ -83.016898650976032, 39.972143109148632 ], [ -83.016895682189727, 39.97214457302892 ], [ -83.016749278168007, 39.972208948845221 ], [ -83.016746504111666, 39.972210106777517 ], [ -83.016594726422255, 39.972270156886104 ], [ -83.016591888520807, 39.972271219297738 ], [ -83.016436807577819, 39.972326046392098 ], [ -83.016433911384198, 39.972327011204207 ], [ -83.016358718703799, 39.972350554883548 ], [ -83.016346465064117, 39.972354922368254 ], [ -83.016334802822385, 39.972360161401184 ], [ -83.016323836399664, 39.972366225073237 ], [ -83.016313663986963, 39.972373059091673 ], [ -83.016304376665943, 39.97238060226632 ], [ -83.016296057593465, 39.972388787057291 ], [ -83.016288781256975, 39.972397540179777 ], [ -83.016282612807586, 39.972406783260318 ], [ -83.016277607476695, 39.972416433538363 ], [ -83.016273810081415, 39.97242640460739 ], [ -83.016271254623405, 39.972436607188548 ], [ -83.016269963984215, 39.97244694993006 ], [ -83.016258663238006, 39.97262650209548 ], [ -83.016258331051063, 39.97262913574091 ], [ -83.016258187369203, 39.97262970004045 ], [ -83.016256178327026, 39.972640316688619 ], [ -83.016255525487708, 39.972651033507027 ], [ -83.0162562350841, 39.972661748189559 ], [ -83.016258300342798, 39.972672358450424 ], [ -83.016261701548757, 39.972682763000591 ], [ -83.016266406233555, 39.972692862514812 ], [ -83.016272369485264, 39.972702560579755 ], [ -83.016279534377162, 39.972711764614402 ], [ -83.01628783251121, 39.97272038675392 ], [ -83.016297184670961, 39.972728344688406 ], [ -83.016307501577785, 39.972735562448626 ], [ -83.01631868474314, 39.972741971131285 ], [ -83.016330627408777, 39.972747509556847 ], [ -83.016343215565911, 39.972752124853542 ], [ -83.016352732865911, 39.972754772522357 ], [ -83.016354461478741, 39.972755329472079 ], [ -83.016358032255965, 39.972757183213993 ], [ -83.016362499579685, 39.972759755268434 ], [ -83.016374627003756, 39.972765388092697 ], [ -83.016387420482033, 39.972770068170909 ], [ -83.016400753971325, 39.972773749394186 ], [ -83.01641449610814, 39.972776395494606 ], [ -83.016428511502852, 39.972777980402363 ], [ -83.016442662073658, 39.972778488502676 ], [ -83.016456808406872, 39.972777914789688 ], [ -83.016470811130645, 39.972776264915716 ], [ -83.016484532287961, 39.972773555135547 ], [ -83.016497836695919, 39.972769812146375 ], [ -83.016510593277502, 39.972765072824686 ], [ -83.016522676353091, 39.972759383863007 ], [ -83.016533966878555, 39.972752801309802 ], [ -83.016544353618272, 39.972745390017359 ], [ -83.016553734240858, 39.97273722300281 ], [ -83.01656201632747, 39.972728380728704 ], [ -83.01656911828232, 39.97271895031033 ], [ -83.016574970136489, 39.972709024657419 ], [ -83.016579514237264, 39.972698701558798 ], [ -83.016582705816234, 39.972688082718889 ], [ -83.016584513430189, 39.972677272755789 ], [ -83.016584919270954, 39.972666378170501 ], [ -83.016584822258139, 39.972662823781498 ], [ -83.01658487504146, 39.972660650466942 ], [ -83.016585151596431, 39.972658487212108 ], [ -83.016589132446342, 39.972636389370422 ], [ -83.016589631031778, 39.972634249792549 ], [ -83.016590348509425, 39.972632147359789 ], [ -83.016598818893655, 39.972610811373869 ], [ -83.016599750746579, 39.972608759320451 ], [ -83.01660089110942, 39.972606770563686 ], [ -83.01661363808266, 39.972586732807905 ], [ -83.016614979776335, 39.972584819866405 ], [ -83.016616514355917, 39.97258299478181 ], [ -83.016633217462712, 39.972564758993265 ], [ -83.016634935267447, 39.972563033253827 ], [ -83.016636825484994, 39.972561417722929 ], [ -83.016657064816258, 39.972545442337911 ], [ -83.016659115547213, 39.972543947184569 ], [ -83.016661313883574, 39.972542581820719 ], [ -83.016683534484841, 39.972529867062441 ], [ -83.01669043462249, 39.972526377246119 ], [ -83.01731594750386, 39.972248524321962 ], [ -83.017325927379943, 39.97224365663444 ], [ -83.017350827817395, 39.972230368629319 ], [ -83.017360870268845, 39.972224486982569 ], [ -83.017384136203532, 39.972209565613753 ], [ -83.017392912605857, 39.972203444554424 ], [ -83.017498986009969, 39.972123047074867 ], [ -83.017508557196408, 39.972115035800918 ], [ -83.017517050787916, 39.972106335000312 ], [ -83.017524383373143, 39.97209703011972 ], [ -83.017530482942547, 39.972087212538192 ], [ -83.017535289595571, 39.972076978669712 ], [ -83.017538756128872, 39.97206642901638 ], [ -83.017540848499834, 39.972055667181472 ], [ -83.017541546160913, 39.972044798851918 ], [ -83.017540842261369, 39.972033930760453 ], [ -83.01753874371451, 39.97202316963741 ], [ -83.017535271129773, 39.972012621162591 ], [ -83.017530458610381, 39.972002388927436 ], [ -83.017524353418281, 39.971992573417722 ], [ -83.01751701551008, 39.97198327102673 ], [ -83.017508516948197, 39.971974573108554 ], [ -83.017498941193125, 39.971966565081132 ], [ -83.017474005398824, 39.971947681765947 ], [ -83.01746372997674, 39.971940618501847 ], [ -83.017452617140933, 39.971934350558712 ], [ -83.017440770479553, 39.971928936362985 ], [ -83.017428300421003, 39.971924426382913 ], [ -83.017415323204602, 39.971920862658116 ], [ -83.017401959797041, 39.971918278407706 ], [ -83.017388334764831, 39.97191669772068 ], [ -83.01737457511318, 39.971916135331355 ], [ -83.017360809102129, 39.971916596482046 ], [ -83.017347165050978, 39.971918076874097 ], [ -83.01733377014223, 39.971920562708135 ], [ -83.017320749236035, 39.971924030812552 ], [ -83.017308223706323, 39.971928448859529 ], [ -83.017296310309462, 39.971933775666393 ], [ -83.017285120095949, 39.971939961579523 ], [ -83.017278251480306, 39.971944159714283 ], [ -83.017275610259034, 39.971945620378229 ], [ -83.01727388589677, 39.971943498362279 ], [ -83.017220493107175, 39.971870169991981 ], [ -83.01721895945721, 39.971867789949862 ], [ -83.017221553049538, 39.971866036392761 ], [ -83.017258406179039, 39.971843546221393 ], [ -83.017261196086793, 39.971842013592401 ], [ -83.017263555685076, 39.971844278563232 ], [ -83.017267255627786, 39.971848226260541 ], [ -83.01727673113659, 39.971856456406144 ], [ -83.01728722888187, 39.971863916225416 ], [ -83.017298643614112, 39.971870530926587 ], [ -83.017310860889992, 39.971876234190979 ], [ -83.017323758219817, 39.971880968837972 ], [ -83.017337206295721, 39.971884687398152 ], [ -83.017351070287873, 39.971887352589455 ], [ -83.01736521119652, 39.971888937690721 ], [ -83.017379487245492, 39.971889426809852 ], [ -83.017393755303644, 39.971888815042917 ], [ -83.017407872320035, 39.971887108523468 ], [ -83.017421696758021, 39.971884324361035 ], [ -83.017435090014359, 39.971880490469466 ], [ -83.017447917808951, 39.971875645287213 ], [ -83.017460051531017, 39.971869837391864 ], [ -83.017607351608291, 39.971791197460114 ], [ -83.01761023627131, 39.971789811514462 ], [ -83.017614187582467, 39.971789880458353 ], [ -83.017620392188363, 39.971790215854838 ], [ -83.017634465527138, 39.97178990665671 ], [ -83.017648430788824, 39.97178853208132 ], [ -83.017662152064432, 39.971786105505906 ], [ -83.017675495819518, 39.971782650545748 ], [ -83.0176883321936, 39.971778200824289 ], [ -83.01770053626413, 39.971772799645912 ], [ -83.017711989262139, 39.971766499574436 ], [ -83.017733139347229, 39.971753606450797 ], [ -83.017743766405928, 39.971746441552519 ], [ -83.017753420519483, 39.971738503243571 ], [ -83.01776200705514, 39.971729869338176 ], [ -83.017769441845047, 39.971720624468858 ], [ -83.017775652011252, 39.971710859257087 ], [ -83.017780576680067, 39.97170066942487 ], [ -83.017784167578796, 39.971690154856439 ], [ -83.017786389508828, 39.971679418619168 ], [ -83.017787220690707, 39.971668565953195 ], [ -83.017786652977549, 39.971657703239977 ], [ -83.017784691934935, 39.971646936959331 ], [ -83.017781356786259, 39.971636372645818 ], [ -83.017776680224344, 39.971626113854178 ], [ -83.017770708090865, 39.971616261144263 ], [ -83.017763498927053, 39.971606911095414 ], [ -83.017755123399809, 39.971598155359608 ], [ -83.017745663608991, 39.971590079763253 ], [ -83.017735212282616, 39.971582763465683 ], [ -83.017723871867958, 39.97157627818342 ], [ -83.017711753527266, 39.971570687487095 ], [ -83.017698976048194, 39.97156604617831 ], [ -83.017685664679334, 39.971562399752536 ], [ -83.017671949902578, 39.971559783953026 ], [ -83.017626813513317, 39.971552979992751 ], [ -83.017624909339744, 39.971552703267811 ], [ -83.017349812325392, 39.971514210689776 ], [ -83.016693684832262, 39.971422665830147 ], [ -83.016576594693475, 39.971406293654496 ], [ -83.016526269490285, 39.971399270143223 ], [ -83.016420001532907, 39.971384405028431 ], [ -83.016405831916785, 39.971382982375346 ], [ -83.016391548421851, 39.971382657077235 ], [ -83.016377294245657, 39.971383432395342 ], [ -83.016363212291864, 39.97138530055679 ], [ -83.016349443737539, 39.971388242832553 ], [ -83.016336126617816, 39.97139222972514 ], [ -83.016323394442153, 39.971397221264432 ], [ -83.016311374855718, 39.971403167408255 ], [ -83.016300188359807, 39.971410008544147 ], [ -83.016289947103758, 39.971417676087029 ], [ -83.016280753760611, 39.971426093166698 ], [ -83.016272700497709, 39.971435175398518 ], [ -83.016265868052784, 39.971444831729393 ], [ -83.016260324924431, 39.971454965350645 ], [ -83.016256126685377, 39.971465474668463 ], [ -83.016253315425374, 39.971476254322553 ], [ -83.016251919329122, 39.9714871962423 ], [ -83.016243203987585, 39.971627459215718 ], [ -83.016238203306045, 39.971707917022954 ], [ -83.016237853505373, 39.97171063176323 ], [ -83.016234837041139, 39.971712065600933 ], [ -83.01554003281403, 39.972005756812223 ], [ -83.015368775303827, 39.972078144704007 ], [ -83.015187940269414, 39.972154582305571 ], [ -83.015135269148047, 39.972176845207237 ], [ -83.015132182413979, 39.972178002586539 ], [ -83.015128779065861, 39.972177651679317 ], [ -83.015020141387438, 39.972162259709393 ], [ -83.014849926219497, 39.972138140880901 ], [ -83.014185516688983, 39.972043999170147 ], [ -83.013509205025841, 39.971948166281734 ], [ -83.012839050862638, 39.971853201450351 ], [ -83.012164811864736, 39.971757652418368 ], [ -83.012162864373991, 39.971757377207638 ], [ -83.011777563661653, 39.971702772604395 ], [ -83.011774134002366, 39.971702219223282 ], [ -83.011498776287013, 39.971652328088467 ], [ -83.011169161207306, 39.971592606631155 ], [ -83.011166406594015, 39.971592062732832 ], [ -83.010823378575168, 39.971518695256243 ], [ -83.010720113399827, 39.971496608442983 ], [ -83.010713082567861, 39.971495104911611 ], [ -83.010496319972447, 39.971448742391573 ], [ -83.010019950017096, 39.971346813713005 ], [ -83.009752814004145, 39.971289713245952 ], [ -83.009749462623986, 39.971288854036949 ], [ -83.009747962456203, 39.971286393335205 ], [ -83.009725401563998, 39.97124391526313 ], [ -83.00972274827437, 39.971238918472885 ], [ -83.009721433128973, 39.971235970369328 ], [ -83.009721021739168, 39.971232869558271 ], [ -83.009716435256649, 39.971153620587522 ], [ -83.009711291950111, 39.971064786929624 ], [ -83.009705853655049, 39.97097084363017 ], [ -83.009702569650671, 39.970914116169766 ], [ -83.00970261425546, 39.970908556724027 ], [ -83.00970458225764, 39.970881954411453 ], [ -83.009714841965376, 39.970743276081848 ], [ -83.009715025173122, 39.970734204829832 ], [ -83.009714234480455, 39.970725152903093 ], [ -83.009712475285326, 39.97071618209349 ], [ -83.009711833490982, 39.970713629296895 ], [ -83.009711848368312, 39.970710963244201 ], [ -83.009725738019583, 39.970510029360113 ], [ -83.009737271746317, 39.970343188093956 ], [ -83.009737625564028, 39.970340537167303 ], [ -83.00973877564077, 39.970339227741079 ], [ -83.009746029896107, 39.970330026495638 ], [ -83.009752078662274, 39.970320323068748 ], [ -83.009756863838348, 39.970310210666717 ], [ -83.009760339460826, 39.970299786424178 ], [ -83.009762472145241, 39.970289150471295 ], [ -83.009763241406731, 39.970278404971566 ], [ -83.009762639856774, 39.97026765314078 ], [ -83.009760673274201, 39.970256998255486 ], [ -83.0097573605496, 39.970246542660973 ], [ -83.009752733503859, 39.970236386788258 ], [ -83.009746836582508, 39.970226628189216 ], [ -83.009745619413579, 39.970224847766964 ], [ -83.009745634162016, 39.970222201000844 ], [ -83.009787780515424, 39.969612525697748 ], [ -83.009787805800158, 39.969601239363485 ], [ -83.009786325230962, 39.969590010650563 ], [ -83.009783354450306, 39.969578958186965 ], [ -83.009778924844312, 39.969568198738664 ], [ -83.009773083211059, 39.969557845975842 ], [ -83.009765891266142, 39.969548009272259 ], [ -83.009757424990767, 39.969538792549507 ], [ -83.009747773828863, 39.969530293179318 ], [ -83.00973703974222, 39.969522600954754 ], [ -83.009725336133258, 39.969515797141639 ], [ -83.009724801010094, 39.969515518089345 ], [ -83.009724760095978, 39.969512943931051 ], [ -83.009730676291667, 39.969386263747062 ], [ -83.009730976305192, 39.969383585837562 ], [ -83.00973447099085, 39.969381394984183 ], [ -83.00973847362684, 39.969379133878846 ], [ -83.009749025684755, 39.969371826646146 ], [ -83.009758581968867, 39.969363748919996 ], [ -83.009767047914565, 39.969354980634172 ], [ -83.009774339746897, 39.969345608555919 ], [ -83.009780385309483, 39.969335725427257 ], [ -83.009785124778602, 39.96932542904738 ], [ -83.00978851125511, 39.969314821304771 ], [ -83.009790511228573, 39.969304007168965 ], [ -83.009791104908771, 39.969293093651828 ], [ -83.009790286421591, 39.969282188748572 ], [ -83.009788063867077, 39.969271400369209 ], [ -83.009784459239228, 39.969260835270575 ], [ -83.009779508208439, 39.969250597999981 ], [ -83.009773259768309, 39.96924078986067 ], [ -83.009771426953492, 39.969238241984392 ], [ -83.009724730790779, 39.969165352622589 ], [ -83.009723304876843, 39.969162806651617 ], [ -83.009723311533918, 39.969160034352655 ], [ -83.009787095465214, 39.968233837900868 ], [ -83.009787451425566, 39.968231177609852 ], [ -83.009789939333317, 39.96822931007501 ], [ -83.009899333665061, 39.968154980273759 ], [ -83.009902050422824, 39.968153308905038 ], [ -83.009905250288838, 39.968151707608428 ], [ -83.009910863930003, 39.968149187331456 ], [ -83.00992227158352, 39.968142828644829 ], [ -83.00993280892672, 39.968135635588524 ], [ -83.009942373292176, 39.968127678246063 ], [ -83.009950871492492, 39.968119034147648 ], [ -83.009958220728265, 39.968109787514592 ], [ -83.009964349394792, 39.968100028438819 ], [ -83.009969197779697, 39.96808985200505 ], [ -83.009972718644732, 39.968079357364381 ], [ -83.009974877686005, 39.968068646768245 ], [ -83.009975653868182, 39.968057824572064 ], [ -83.009975039629424, 39.968046996218618 ], [ -83.009973040955003, 39.968036267210586 ], [ -83.009969677319035, 39.968025742082652 ], [ -83.009964981494619, 39.96801552338308 ], [ -83.009958999234584, 39.968005710674397 ], [ -83.009951788825632, 39.967996399563575 ], [ -83.009943420520472, 39.967987680770328 ], [ -83.009933975853301, 39.967979639243225 ], [ -83.009923546845357, 39.9679723533322 ], [ -83.009816366011961, 39.96790458994775 ], [ -83.009813931623299, 39.967902897246979 ], [ -83.009813965942328, 39.967900372749675 ], [ -83.009856867663672, 39.967326734063455 ], [ -83.009857042637151, 39.96731722265141 ], [ -83.009856147104031, 39.967307735276819 ], [ -83.009854187785322, 39.967298343138424 ], [ -83.009852839089234, 39.967294206842247 ], [ -83.009852278978045, 39.967291967810723 ], [ -83.00985230640805, 39.967289266727683 ], [ -83.009879810711141, 39.96692037248129 ], [ -83.009880177326181, 39.96691772800591 ], [ -83.009880458052777, 39.966917330709386 ], [ -83.00988659360759, 39.966909631651056 ], [ -83.009892381851003, 39.966900605242095 ], [ -83.009897071579246, 39.966891208928558 ], [ -83.009900623387082, 39.966881521663502 ], [ -83.009903007430736, 39.96687162484465 ], [ -83.009904203678673, 39.966861601630534 ], [ -83.009952943252671, 39.966042012212611 ], [ -83.009953237386298, 39.966039543192231 ], [ -83.00995491679322, 39.966037427202764 ], [ -83.009965857036093, 39.966024960944253 ], [ -83.009967553423238, 39.966023186218102 ], [ -83.009969429650369, 39.966021522111831 ], [ -83.009983091085147, 39.966010346569696 ], [ -83.009985135018781, 39.966008803844282 ], [ -83.009987333442041, 39.966007392476243 ], [ -83.010003144925619, 39.965998045049922 ], [ -83.010005483621498, 39.965996774165731 ], [ -83.010007947467059, 39.965995651984066 ], [ -83.010024513886208, 39.965988783209539 ], [ -83.010028099281357, 39.965987490068429 ], [ -83.010031968139245, 39.965986841091784 ], [ -83.010101689535034, 39.965978253608945 ], [ -83.010108746725606, 39.965977659765514 ], [ -83.010179668517026, 39.965974429342772 ], [ -83.010186767472689, 39.965974378386704 ], [ -83.01025775524252, 39.965976590186983 ], [ -83.010264825602533, 39.96597708262329 ], [ -83.010335729632999, 39.965984774812391 ], [ -83.010351708386111, 39.965985808240255 ], [ -83.010367736940154, 39.965985455791085 ], [ -83.010383612918261, 39.965983721914874 ], [ -83.010390761754593, 39.96598262284887 ], [ -83.010394002888759, 39.965982637288022 ], [ -83.010441523137771, 39.965984646882269 ], [ -83.011143937309285, 39.966014350743222 ], [ -83.011147352312335, 39.966014624822371 ], [ -83.011149474086025, 39.966016273615772 ], [ -83.01115981695888, 39.96602355763077 ], [ -83.011171038876526, 39.966030025505042 ], [ -83.011183031509859, 39.966035614801768 ], [ -83.011195679089596, 39.966040271565397 ], [ -83.011208859524018, 39.966043950842426 ], [ -83.011222445577445, 39.966046617115374 ], [ -83.011236306098553, 39.966048244645727 ], [ -83.01125030728646, 39.966048817722296 ], [ -83.011264313982323, 39.966048330812939 ], [ -83.011278190974167, 39.96604678861803 ], [ -83.011291804302076, 39.966044206024904 ], [ -83.011305022551454, 39.966040607964345 ], [ -83.01131771812156, 39.9660360291698 ], [ -83.011329768457401, 39.966030513842099 ], [ -83.01134105723267, 39.96602411522278 ], [ -83.011344367820712, 39.966021820889445 ], [ -83.011348031922992, 39.96601952113344 ], [ -83.011351466611615, 39.966019527486836 ], [ -83.01136039816457, 39.966019881386529 ], [ -83.011480474087506, 39.966024555332858 ], [ -83.011494177232379, 39.966024581822886 ], [ -83.011507820502644, 39.966023596872901 ], [ -83.011521278097149, 39.966021609564876 ], [ -83.01153442592684, 39.966018638223304 ], [ -83.011547142758943, 39.966014710246142 ], [ -83.011559311334878, 39.966009861852285 ], [ -83.011570819451464, 39.966004137747504 ], [ -83.011581560995509, 39.965997590712291 ], [ -83.011591436922274, 39.965990281115126 ], [ -83.011600356168714, 39.965982276355909 ], [ -83.011608236493188, 39.965973650244329 ], [ -83.011615005233779, 39.965964482319492 ], [ -83.011620599978215, 39.965954857116245 ], [ -83.011624969139405, 39.96594486338595 ], [ -83.011627275067497, 39.965937232092415 ], [ -83.011638676188809, 39.965937182385211 ], [ -83.01163872907955, 39.965944364885452 ], [ -83.011817107411645, 39.965943587037742 ], [ -83.011817160320831, 39.965950769537862 ], [ -83.011995538667364, 39.965949991418938 ], [ -83.011995591595024, 39.965957173918937 ], [ -83.012055930618317, 39.965956910647733 ], [ -83.012057927108131, 39.965966070569898 ], [ -83.012061694772569, 39.965976691405267 ], [ -83.012066825679454, 39.965986968555264 ], [ -83.012073268250589, 39.965996798708204 ], [ -83.012080957722191, 39.966006083045826 ], [ -83.012089816795779, 39.966014728236715 ], [ -83.012099756415282, 39.966022647374459 ], [ -83.012110676662289, 39.966029760851335 ], [ -83.012122467760406, 39.966035997158563 ], [ -83.012135011178884, 39.966041293605123 ], [ -83.012148180824113, 39.966045596948057 ], [ -83.012161844307158, 39.966048863927682 ], [ -83.012175864274724, 39.966051061702338 ], [ -83.012190099789848, 39.966052168178734 ], [ -83.012229777439273, 39.966053711897288 ], [ -83.012264130490479, 39.966055048930095 ], [ -83.012267549004122, 39.966055311779186 ], [ -83.012269975828829, 39.966057182918398 ], [ -83.012305921895816, 39.96608776050661 ], [ -83.0123160726409, 39.966095567445663 ], [ -83.012327191154668, 39.966102550379944 ], [ -83.012339164979053, 39.966108638680481 ], [ -83.012351873004818, 39.966113770767073 ], [ -83.012365186696542, 39.966117894731113 ], [ -83.012378971392735, 39.966120968860707 ], [ -83.012393087667832, 39.966122962062492 ], [ -83.012407392742475, 39.966123854176217 ], [ -83.012421741927653, 39.966123636178558 ], [ -83.012435990088193, 39.966122310274464 ], [ -83.012449993110749, 39.966119889874804 ], [ -83.012463609361475, 39.96611639946078 ], [ -83.012476701118587, 39.966111874336264 ], [ -83.012489135965367, 39.966106360270672 ], [ -83.012500788129486, 39.966099913036146 ], [ -83.012511539755238, 39.966092597843335 ], [ -83.012521282095449, 39.966084488681787 ], [ -83.012529916611527, 39.966075667571729 ], [ -83.012537355970039, 39.966066223734281 ], [ -83.012539290963133, 39.966063463093661 ], [ -83.012542675306037, 39.96606346249542 ], [ -83.013522434779716, 39.966100184370106 ], [ -83.013691074232312, 39.966107669222275 ], [ -83.013692691749014, 39.966107733928112 ], [ -83.013697421290942, 39.966107902422394 ], [ -83.013700689804693, 39.966108138528597 ], [ -83.01370207546222, 39.966110428529994 ], [ -83.013980006946397, 39.966633055401864 ], [ -83.013981538936065, 39.966636208748433 ], [ -83.014033764320359, 39.966754660151501 ], [ -83.014034782366181, 39.966757164342809 ], [ -83.014079725449605, 39.966877757934931 ], [ -83.014080586822217, 39.966880296696125 ], [ -83.014117989683768, 39.96700240495381 ], [ -83.014118692414471, 39.967004972484979 ], [ -83.014148469564773, 39.967128316445901 ], [ -83.014149012047284, 39.96713090688143 ], [ -83.014171095417055, 39.967255204758899 ], [ -83.014171476411164, 39.967257812180712 ], [ -83.014185815507091, 39.967382780007206 ], [ -83.014186034141517, 39.967385398458518 ], [ -83.014192523885299, 39.967509370057051 ], [ -83.014192493401552, 39.96751203454324 ], [ -83.014191422580552, 39.967513976368991 ], [ -83.014186492840295, 39.967524334420986 ], [ -83.014182938592143, 39.967535020775415 ], [ -83.014180795704618, 39.967545927590237 ], [ -83.014180085803531, 39.967556944798538 ], [ -83.014180816053553, 39.967567961219395 ], [ -83.014182979086002, 39.967578865679691 ], [ -83.014186553073117, 39.967589548136111 ], [ -83.014191501948332, 39.967599900785778 ], [ -83.014197775770199, 39.967609819153957 ], [ -83.014205311226405, 39.967619203148381 ], [ -83.014214032272633, 39.967627958069627 ], [ -83.014223850899896, 39.967635995566432 ], [ -83.014234668022851, 39.967643234527529 ], [ -83.014246374479555, 39.967649601900135 ], [ -83.014258852133196, 39.967655033427206 ], [ -83.01427197506419, 39.967659474295814 ], [ -83.014285610841029, 39.967662879690394 ], [ -83.014299621856679, 39.967665215245042 ], [ -83.014313866717245, 39.96766645739018 ], [ -83.014328201668988, 39.96766659359055 ], [ -83.014342482048932, 39.967665622471699 ], [ -83.014449731351633, 39.967654127782744 ], [ -83.014463184122206, 39.967652175829997 ], [ -83.01447633191637, 39.967649241028354 ], [ -83.014489053742849, 39.967645350385048 ], [ -83.014501232530364, 39.967640539703332 ], [ -83.014512756204951, 39.967634853253003 ], [ -83.014523518721305, 39.967628343363096 ], [ -83.01453342103872, 39.967621069940144 ], [ -83.01454237203248, 39.967613099917045 ], [ -83.014550289332334, 39.967604506637102 ], [ -83.01455710008068, 39.967595369178994 ], [ -83.014562741602774, 39.967585771629054 ], [ -83.014567161983706, 39.967575802307692 ], [ -83.014570320546014, 39.967565552956245 ], [ -83.01457218822398, 39.967555117893149 ], [ -83.01457274783111, 39.967544593145632 ], [ -83.014571994218329, 39.967534075566284 ], [ -83.014569934321202, 39.967523661941691 ], [ -83.014566587096255, 39.967513448101663 ], [ -83.014561983346354, 39.967503528037632 ], [ -83.014556165437369, 39.967493993037408 ], [ -83.01454918690817, 39.96748493084538 ], [ -83.014541111978005, 39.967476424854951 ], [ -83.014539253279835, 39.967474652148127 ], [ -83.01453894473984, 39.967472009693388 ], [ -83.01453235808799, 39.967346932380259 ], [ -83.014531944995682, 39.967341922354386 ], [ -83.014517914712442, 39.967217022271768 ], [ -83.014517204452048, 39.967212032009151 ], [ -83.014495769680593, 39.967087755867595 ], [ -83.01449476373827, 39.96708279579839 ], [ -83.014465969320625, 39.966959403347609 ], [ -83.014464669800518, 39.966954483838862 ], [ -83.014428575960139, 39.966832232980067 ], [ -83.014426985579973, 39.966827364313929 ], [ -83.01438366779557, 39.966706510560954 ], [ -83.014381789880943, 39.966701702913305 ], [ -83.014331338728496, 39.966582498858692 ], [ -83.014329177205866, 39.966577762277787 ], [ -83.01427131040073, 39.966459665692561 ], [ -83.014269722636314, 39.966456568407708 ], [ -83.014249319604872, 39.966418470320278 ], [ -83.014091858751144, 39.966124459617731 ], [ -83.014090747863321, 39.96612204844903 ], [ -83.014094072513416, 39.966122038430363 ], [ -83.014698505188832, 39.966143577720892 ], [ -83.014701835652787, 39.966143820014828 ], [ -83.014703759408334, 39.96614592590133 ], [ -83.014762627954781, 39.966217428951339 ], [ -83.01477083779433, 39.966226379567658 ], [ -83.014780165894223, 39.966234656160161 ], [ -83.014790519401842, 39.966242176342668 ], [ -83.014801795257455, 39.966248865258457 ], [ -83.014813881220135, 39.966254656325212 ], [ -83.014826656984837, 39.966259491897986 ], [ -83.014839995380157, 39.966263323842874 ], [ -83.014853763634079, 39.966266114016186 ], [ -83.014867824695685, 39.966267834644192 ], [ -83.014882038599339, 39.966268468599559 ], [ -83.014896263857992, 39.966268009571785 ], [ -83.01491035887156, 39.966266462130108 ], [ -83.014924183336447, 39.966263841677971 ], [ -83.014937599642195, 39.966260174299649 ], [ -83.01495047424126, 39.966255496500729 ], [ -83.014962678978364, 39.966249854844627 ], [ -83.014974092366231, 39.966243305489037 ], [ -83.014984600794847, 39.966235913627024 ], [ -83.014994099662374, 39.966227752838101 ], [ -83.014998809455491, 39.966222788485517 ], [ -83.015000718309594, 39.966220974015101 ], [ -83.015004190161108, 39.966220995679762 ], [ -83.01584720824188, 39.966258671320041 ], [ -83.015850687449543, 39.966258960495878 ], [ -83.015852306295614, 39.966259647983712 ], [ -83.015863670400392, 39.966263978841546 ], [ -83.015875489315945, 39.96626751631004 ], [ -83.015887669707425, 39.966270232453496 ], [ -83.015900115385307, 39.96627210582237 ], [ -83.015912728065118, 39.966273121622457 ], [ -83.016056245369768, 39.966279737758079 ], [ -83.016059381788793, 39.966279855713267 ], [ -83.016330695342404, 39.966287757758749 ], [ -83.016333247210397, 39.966287814495892 ], [ -83.01660499470168, 39.966291984613576 ], [ -83.016607547480632, 39.966292006210104 ], [ -83.01687957601726, 39.966292434875974 ], [ -83.016881673826532, 39.966292426314553 ], [ -83.017106919545256, 39.966290232801256 ], [ -83.01710962703099, 39.966290186658334 ], [ -83.017334473028171, 39.966284711616275 ], [ -83.0173371788879, 39.966284625943217 ], [ -83.017562210432686, 39.966275854297052 ], [ -83.017564192216525, 39.966275766408849 ], [ -83.01766848564796, 39.966270580916571 ], [ -83.017670053098499, 39.966270496311708 ], [ -83.017825590816201, 39.966261438494477 ], [ -83.017827769368012, 39.966261298702847 ], [ -83.018034163212391, 39.966246829099177 ], [ -83.018036643956833, 39.966246638353695 ], [ -83.018240197335643, 39.966229603802155 ], [ -83.018243718823257, 39.966229446305803 ], [ -83.018246734769065, 39.966230853979951 ], [ -83.018337728450646, 39.966278295754329 ], [ -83.018345949106461, 39.96628227463259 ], [ -83.018439827819165, 39.966324352218535 ], [ -83.018448381157356, 39.966327891649236 ], [ -83.018546621988946, 39.966365285938657 ], [ -83.018553402570006, 39.966368231912888 ], [ -83.018612599306778, 39.966397341099082 ], [ -83.018617908695731, 39.966400222149026 ], [ -83.018673928594197, 39.966433661084416 ], [ -83.018678875208749, 39.966436901963469 ], [ -83.018731382288905, 39.966474609242134 ], [ -83.018734680600687, 39.966477137804432 ], [ -83.01874913264102, 39.966488964929567 ], [ -83.01875096362275, 39.966490586261777 ], [ -83.018752623916725, 39.966492312974673 ], [ -83.018764234046955, 39.966505433666967 ], [ -83.018765713449881, 39.966507255148336 ], [ -83.018767002868969, 39.966509160203806 ], [ -83.018775807193592, 39.966523515174259 ], [ -83.018776898704772, 39.966525492095641 ], [ -83.01877787577601, 39.966527735812242 ], [ -83.018782427408411, 39.966536827555721 ], [ -83.018788008502767, 39.966545573062106 ], [ -83.018794575120111, 39.966553903478989 ], [ -83.018802075562533, 39.966561753221917 ], [ -83.018823652487441, 39.966582353409585 ], [ -83.018831664576467, 39.966589369783037 ], [ -83.01887076656655, 39.966620808408479 ], [ -83.018879524605353, 39.966627275485841 ], [ -83.018921957430649, 39.966656043484321 ], [ -83.018931398053866, 39.966661914474756 ], [ -83.018977017542312, 39.966687896443283 ], [ -83.018986728373122, 39.966692965265359 ], [ -83.019103007815644, 39.966748430363538 ], [ -83.019105852379568, 39.966749942160916 ], [ -83.019106450509653, 39.966752562153403 ], [ -83.019119047696208, 39.966830102436425 ], [ -83.019120967862435, 39.966838960893845 ], [ -83.019125512625976, 39.966855681385319 ], [ -83.019128364286416, 39.966864381936354 ], [ -83.01913212966592, 39.966872874283894 ], [ -83.019137884412146, 39.966884302513755 ], [ -83.019141791574015, 39.967407214444698 ], [ -83.019125845290077, 39.967388679056612 ], [ -83.019117395631909, 39.967379849325198 ], [ -83.019107843601972, 39.967371712047552 ], [ -83.019097284452158, 39.967364348367404 ], [ -83.019085823477099, 39.967357831714367 ], [ -83.01907357496421, 39.967352227071551 ], [ -83.019060661054027, 39.967347590327613 ], [ -83.019047210522217, 39.967343967719515 ], [ -83.019033357495545, 39.967341395371342 ], [ -83.019019240114289, 39.967339898934121 ], [ -83.019004999154802, 39.967339493330137 ], [ -83.018990776625728, 39.967340182603991 ], [ -83.01897671435195, 39.967341959882347 ], [ -83.018962952560301, 39.967344807442487 ], [ -83.01894962848128, 39.967348696888926 ], [ -83.01893687498071, 39.96735358943674 ], [ -83.018924819234684, 39.967359436298132 ], [ -83.018913581461547, 39.967366179169055 ], [ -83.018903273722984, 39.967373750810623 ], [ -83.018893998806604, 39.967382075719428 ], [ -83.018885849201013, 39.967391070880666 ], [ -83.018878906173384, 39.967400646595785 ], [ -83.018873238959245, 39.967410707376978 ], [ -83.01886890407188, 39.967421152899441 ], [ -83.018865944738863, 39.967431879001659 ], [ -83.018864390470966, 39.967442778724219 ], [ -83.018864256767827, 39.967453743376332 ], [ -83.01886554496339, 39.967464663619602 ], [ -83.018894672672388, 39.967623164498669 ], [ -83.018897241961625, 39.967633526390351 ], [ -83.018901091624798, 39.967643650768132 ], [ -83.018906186133819, 39.967653444193878 ], [ -83.018912478471847, 39.967662816283834 ], [ -83.018919910567163, 39.967671680542693 ], [ -83.018928413829158, 39.967679955161941 ], [ -83.018937909781258, 39.96768756377476 ], [ -83.018948310785277, 39.96769443616104 ], [ -83.018959520850132, 39.967700508895192 ], [ -83.018971436517845, 39.96770572593168 ], [ -83.018983947818271, 39.96771003912226 ], [ -83.018996939284122, 39.967713408660266 ], [ -83.019010291016528, 39.967715803448051 ], [ -83.019023879791703, 39.967717201384005 ], [ -83.019037580198145, 39.967717589566512 ], [ -83.019051265794033, 39.967716964413015 ], [ -83.019064810274315, 39.967715331693086 ], [ -83.019078088636235, 39.96771270647519 ], [ -83.019090978333168, 39.967709112987571 ], [ -83.019103360405509, 39.96770458439471 ], [ -83.019115120578618, 39.967699162491272 ], [ -83.019118800841596, 39.967697275185785 ], [ -83.019121772814003, 39.967695908488565 ], [ -83.01912644597968, 39.967695739714586 ], [ -83.019131491805794, 39.967695744748255 ], [ -83.019143940367741, 39.967694793166544 ], [ -83.019167282303769, 39.970818550654002 ], [ -83.019021898594673, 39.970916607687407 ], [ -83.018904919297754, 39.970995505065353 ], [ -83.01889471566831, 39.971003110408752 ], [ -83.018885545332878, 39.971011458590191 ], [ -83.018877499159814, 39.971020466888262 ], [ -83.01887065687842, 39.971030046040575 ], [ -83.01886508628877, 39.971040101128096 ], [ -83.018860842589945, 39.971050532515797 ], [ -83.018857967833057, 39.971061236839844 ], [ -83.01885649050449, 39.971072108031827 ], [ -83.018856425243641, 39.971083038369848 ], [ -83.018857772697871, 39.971093919545872 ], [ -83.018860519515954, 39.971104643738968 ], [ -83.018864638480494, 39.971115104683669 ], [ -83.018870088777447, 39.971125198723001 ], [ -83.018876816400649, 39.971134825835591 ], [ -83.018884754686866, 39.97114389062672 ], [ -83.018893824976359, 39.971152303273762 ], [ -83.018903937392309, 39.971159980416054 ], [ -83.018914991731435, 39.971166845981017 ], [ -83.018926878456824, 39.971172831937963 ], [ -83.018939479783384, 39.97117787897222 ], [ -83.018952670844996, 39.971181937072764 ], [ -83.018966320931739, 39.971184966028005 ], [ -83.018980294785223, 39.9711869358241 ], [ -83.01899445393876, 39.97118782694232 ], [ -83.019008658089547, 39.971187630552627 ], [ -83.01902276648886, 39.971186348601044 ], [ -83.019036639336818, 39.971183993790397 ], [ -83.019050139167604, 39.97118058945447 ], [ -83.019063132211755, 39.971176169326718 ], [ -83.019169646618423, 39.971134941523033 ], [ -83.019191612898155, 39.974074313686081 ], [ -83.018546914112974, 39.974050101945089 ], [ -83.018541040113277, 39.974049693507254 ] ], [ [ -83.012947112916606, 39.969894149232978 ], [ -83.012943288228286, 39.969883700591829 ], [ -83.012938141386911, 39.969873593567421 ], [ -83.012931722692258, 39.969863926933947 ], [ -83.01292409487364, 39.969854795161758 ], [ -83.012915332476837, 39.96984628749405 ], [ -83.012905521135565, 39.969838487074711 ], [ -83.012894756734568, 39.969831470135809 ], [ -83.012883144472596, 39.969825305252606 ], [ -83.012870797834282, 39.969820052673285 ], [ -83.012857837481093, 39.96981576373031 ], [ -83.012844390072118, 39.969812480338717 ], [ -83.012830587026329, 39.969810234586433 ], [ -83.012816563238147, 39.969809048420728 ], [ -83.012802455759314, 39.969808933433789 ], [ -83.012788402459407, 39.969809890749382 ], [ -83.012774540678521, 39.969811911011803 ], [ -83.012761005885139, 39.969814974477458 ], [ -83.012747930352162, 39.969819051207693 ], [ -83.012735441864322, 39.969824101361411 ], [ -83.012271933324271, 39.970034661751079 ], [ -83.012268761659371, 39.970035940213364 ], [ -83.01226687688893, 39.970036051325536 ], [ -83.012258312523983, 39.970036184346128 ], [ -83.012245483269169, 39.970037281184162 ], [ -83.012232835298292, 39.97003926543902 ], [ -83.012220472083172, 39.970042120877743 ], [ -83.012208494766028, 39.97004582414025 ], [ -83.011918980990416, 39.970147268046425 ], [ -83.011915654340896, 39.970148280352859 ], [ -83.011914322841662, 39.970148250516147 ], [ -83.011900708890323, 39.970148445445616 ], [ -83.011887181047456, 39.970149637744555 ], [ -83.011873862457477, 39.970151816559465 ], [ -83.011860874359954, 39.970154962056505 ], [ -83.011848334986013, 39.970159045602109 ], [ -83.0118363584821, 39.970164030023632 ], [ -83.011825053870908, 39.970169869947696 ], [ -83.01181452405892, 39.970176512213207 ], [ -83.011804864899702, 39.970183896355401 ], [ -83.011796164321268, 39.970191955156068 ], [ -83.011788501525757, 39.97020061525555 ], [ -83.011781946268357, 39.970209797820544 ], [ -83.01177655822238, 39.970219419261689 ], [ -83.01177238643605, 39.970229391994394 ], [ -83.011769468885873, 39.97023962523631 ], [ -83.011767832131085, 39.970250025833572 ], [ -83.011757541442648, 39.970358633690878 ], [ -83.011757201583137, 39.97036914741787 ], [ -83.011758170555751, 39.97037963793769 ], [ -83.011760439472241, 39.970390009016107 ], [ -83.011763987519387, 39.970400165514484 ], [ -83.011768782149915, 39.970410014262661 ], [ -83.011774779380957, 39.970419464913554 ], [ -83.011781924197621, 39.970428430771939 ], [ -83.011790151057582, 39.970436829589765 ], [ -83.011799384492349, 39.970444584320788 ], [ -83.011809539799572, 39.970451623827145 ], [ -83.01182052382002, 39.970457883532077 ], [ -83.011832235792227, 39.970463306012363 ], [ -83.011844568276771, 39.970467841524922 ], [ -83.011857408141879, 39.970471448463329 ], [ -83.011870637601348, 39.970474093739377 ], [ -83.011924839291723, 39.970482823344788 ], [ -83.011994067285102, 39.970493973119339 ], [ -83.01210197907389, 39.970511353102665 ], [ -83.012273779924399, 39.970539023326907 ], [ -83.01244995111422, 39.970567396528388 ], [ -83.0126302302385, 39.970596431519148 ], [ -83.012719278224992, 39.970610772856602 ], [ -83.012733366592997, 39.970612481596142 ], [ -83.012747606275468, 39.97061309987707 ], [ -83.01276185505678, 39.970612621524495 ], [ -83.012775970630443, 39.970611051315778 ], [ -83.012789812020316, 39.970608404933081 ], [ -83.012803240988703, 39.970604708806505 ], [ -83.012816123416883, 39.970599999850336 ], [ -83.012828330644709, 39.970594325094133 ], [ -83.012839740755496, 39.970587741213251 ], [ -83.012850239793636, 39.970580313962607 ], [ -83.012859722902789, 39.970572117520142 ], [ -83.012868095373065, 39.970563233745828 ], [ -83.0128752735869, 39.970553751364193 ], [ -83.012881185854141, 39.970543765078176 ], [ -83.01288577312809, 39.970533374623322 ], [ -83.01288898959514, 39.97052268377157 ], [ -83.012890803132251, 39.970511799295046 ], [ -83.012893334513322, 39.970486722376755 ], [ -83.012893760187723, 39.970484159802368 ], [ -83.012897083227202, 39.970484529868322 ], [ -83.014234405797239, 39.970685983272126 ], [ -83.01424098296782, 39.970687226136647 ], [ -83.014270457685001, 39.970693952419481 ], [ -83.014338559555725, 39.970709493532262 ], [ -83.014339904509598, 39.970709811588826 ], [ -83.014729686065408, 39.970805233044814 ], [ -83.014743576032586, 39.970808049718393 ], [ -83.014757763642649, 39.970809777835349 ], [ -83.014772105167765, 39.970810399888947 ], [ -83.014786455320802, 39.970809909577504 ], [ -83.014800668727247, 39.970808311868062 ], [ -83.014814601397902, 39.970805622946308 ], [ -83.014828112187629, 39.970801870052384 ], [ -83.014841064225209, 39.970797091205064 ], [ -83.014853326299928, 39.970791334816482 ], [ -83.014864774190869, 39.97078465920189 ], [ -83.014875291925307, 39.970777131988591 ], [ -83.014884772953536, 39.97076882943113 ], [ -83.014893121228383, 39.970759835638539 ], [ -83.014900252178066, 39.970750241722499 ], [ -83.014906093563056, 39.970740144874114 ], [ -83.014910586207819, 39.9707296473794 ], [ -83.014913684600288, 39.970718855583122 ], [ -83.014915357352891, 39.970707878811382 ], [ -83.014915586775643, 39.970705223120028 ], [ -83.014915843198011, 39.970694815868235 ], [ -83.014914817668839, 39.970684436695976 ], [ -83.01491251940439, 39.970674178873082 ], [ -83.01490896905797, 39.970664134578989 ], [ -83.014904198534438, 39.97065439407411 ], [ -83.014898250703339, 39.970645044889011 ], [ -83.014891179013759, 39.970636171037704 ], [ -83.014883047013996, 39.970627852262659 ], [ -83.014873927780414, 39.970620163318351 ], [ -83.014863903260874, 39.97061317329937 ], [ -83.014853063538183, 39.970606945019632 ], [ -83.014841506020744, 39.970601534447816 ], [ -83.014829334567068, 39.970596990204527 ], [ -83.014816658552604, 39.970593353125345 ], [ -83.014367620878517, 39.970482860713069 ], [ -83.0143580426938, 39.970480784091912 ], [ -83.014289742540143, 39.970467935635568 ], [ -83.012924644825446, 39.970211109552125 ], [ -83.0129215242886, 39.97021039518431 ], [ -83.012923940356615, 39.970208156968482 ], [ -83.012927780537325, 39.970204941475636 ], [ -83.01293613873635, 39.970196407940911 ], [ -83.012943379353302, 39.970187289748402 ], [ -83.012949433822712, 39.970177673243995 ], [ -83.01295424481151, 39.970167649492318 ], [ -83.012957766762057, 39.970157313414504 ], [ -83.012959966323393, 39.970146762889193 ], [ -83.012960822667168, 39.970136097825765 ], [ -83.012960327684709, 39.970125419218171 ], [ -83.012958486063994, 39.970114828188507 ], [ -83.012955315244966, 39.970104425029618 ], [ -83.012950845254622, 39.970094308255156 ], [ -83.012945118422479, 39.97008457366681 ], [ -83.012938188979774, 39.970075313447104 ], [ -83.012936800477959, 39.970073650640423 ], [ -83.012936877488869, 39.970070980741291 ], [ -83.012938001358521, 39.970058929040185 ], [ -83.012950346944535, 39.969926513045614 ], [ -83.012950659606005, 39.969915660573342 ], [ -83.012949578073247, 39.969904837377989 ], [ -83.012947112916606, 39.969894149232978 ] ], [ [ -83.012200542528589, 39.967734216723414 ], [ -83.01218845948398, 39.967739661240266 ], [ -83.012177128051746, 39.96774599068155 ], [ -83.012166657323775, 39.967753144111484 ], [ -83.012157148105715, 39.967761052661508 ], [ -83.012148691946507, 39.967769640193161 ], [ -83.012141370257027, 39.967778824031271 ], [ -83.012135253526282, 39.967788515759644 ], [ -83.012130400642789, 39.9677986220725 ], [ -83.012126858327633, 39.967809045672631 ], [ -83.012124660684549, 39.967819686208131 ], [ -83.012123828871751, 39.967830441238533 ], [ -83.012124370898022, 39.967841207221056 ], [ -83.012126281545704, 39.967851880507453 ], [ -83.01212954242088, 39.96786235834179 ], [ -83.012134122130405, 39.967872539849836 ], [ -83.012139976584166, 39.967882327010116 ], [ -83.012147049419482, 39.96789162559773 ], [ -83.012155272543751, 39.967900346091341 ], [ -83.01216456679002, 39.967908404535216 ], [ -83.012169492895595, 39.967912275227938 ], [ -83.01216952425014, 39.967912251603408 ], [ -83.012172331307468, 39.967914597017838 ], [ -83.012183030666776, 39.967921908924701 ], [ -83.012194627946357, 39.967928359591198 ], [ -83.012207006533657, 39.967933884154668 ], [ -83.01222004195985, 39.967938427064624 ], [ -83.01223360315133, 39.967941942641232 ], [ -83.012247553747827, 39.967944395534715 ], [ -83.012261753473439, 39.967945761080756 ], [ -83.012276059547176, 39.967946025548514 ], [ -83.012290328118709, 39.967945186278712 ], [ -83.012304415714766, 39.967943251710423 ], [ -83.012318180681916, 39.96794024129602 ], [ -83.012331484610783, 39.967936185305838 ], [ -83.012344193727927, 39.967931124523631 ], [ -83.012356180240943, 39.967925109836507 ], [ -83.012367323623408, 39.967918201723265 ], [ -83.012377511826827, 39.967910469646206 ], [ -83.012386642407336, 39.967901991352797 ], [ -83.012394623555707, 39.967892852093769 ], [ -83.012399489169937, 39.96788662746166 ], [ -83.0124062173021, 39.967876957132248 ], [ -83.012411657970944, 39.967866818561269 ], [ -83.012415756886512, 39.967856312917945 ], [ -83.012418473147804, 39.967845545034372 ], [ -83.012419779650855, 39.967834622359412 ], [ -83.012419663359225, 39.967823653886413 ], [ -83.01241812543401, 39.967812749065757 ], [ -83.012415181222252, 39.967802016712596 ], [ -83.01241086010377, 39.967791563920969 ], [ -83.012405205197965, 39.967781494995357 ], [ -83.012398272933524, 39.967771910409617 ], [ -83.012390132485322, 39.967762905804612 ], [ -83.012380865084097, 39.967754571033758 ], [ -83.012370563205963, 39.967746989266402 ], [ -83.012359329649541, 39.967740236157937 ], [ -83.01234727651017, 39.967734379094935 ], [ -83.012334524061401, 39.967729476522642 ], [ -83.012321199554833, 39.967725577361769 ], [ -83.012307435950319, 39.967722720520484 ], [ -83.012293370589205, 39.967720934506033 ], [ -83.012279143823918, 39.967720237140284 ], [ -83.012264897617442, 39.967720635381994 ], [ -83.012250774126741, 39.967722125257247 ], [ -83.012240108657323, 39.96772367134345 ], [ -83.012226492027708, 39.967726183103785 ], [ -83.012213260857777, 39.967729709547214 ], [ -83.012200542528589, 39.967734216723414 ] ], [ [ -83.013720743402175, 39.968829136683361 ], [ -83.013722996870968, 39.968818464720123 ], [ -83.01372387537765, 39.968807673972158 ], [ -83.0137233704056, 39.968796869057336 ], [ -83.013721486851253, 39.968786154730765 ], [ -83.013718242976537, 39.968775634869239 ], [ -83.013713670231837, 39.968765411464148 ], [ -83.013707812951068, 39.968755583632685 ], [ -83.013700727921758, 39.968746246656792 ], [ -83.013692483834575, 39.968737491059549 ], [ -83.013683160617262, 39.968729401727458 ], [ -83.013672848659795, 39.96872205708744 ], [ -83.013661647937937, 39.968715528346586 ], [ -83.013649667044064, 39.968709878801633 ], [ -83.01363702213429, 39.968705163225543 ], [ -83.013623835802363, 39.968701427336271 ], [ -83.013610235891065, 39.96869870735361 ], [ -83.013596354252869, 39.968697029648041 ], [ -83.013582325471546, 39.968696410485087 ], [ -83.013568285557426, 39.968696855867584 ], [ -83.013563807735679, 39.968697340372792 ], [ -83.013555532636673, 39.968697919052566 ], [ -83.013541741858219, 39.968699408395011 ], [ -83.013528205396995, 39.96870192485499 ], [ -83.013515052149444, 39.968705444470338 ], [ -83.013502407363021, 39.968709933726721 ], [ -83.01349039144354, 39.968715349876646 ], [ -83.013479118808789, 39.968721641346697 ], [ -83.01346869679891, 39.968728748228358 ], [ -83.013459224654341, 39.968736602848693 ], [ -83.013450792570893, 39.968745130414618 ], [ -83.013443480840721, 39.968754249725109 ], [ -83.013437359087931, 39.968763873944432 ], [ -83.013432485605492, 39.968773911429011 ], [ -83.013428906800172, 39.96878426659994 ], [ -83.013426656750667, 39.968794840853313 ], [ -83.013425756882967, 39.96880553349893 ], [ -83.013426215766444, 39.968816242719292 ], [ -83.013428029032113, 39.968826866538961 ], [ -83.013431179414326, 39.968837303795688 ], [ -83.013435636915034, 39.968847455103656 ], [ -83.013441359089498, 39.968857223799844 ], [ -83.013448291450402, 39.968866516864573 ], [ -83.013456367986706, 39.968875245807155 ], [ -83.013465511792162, 39.968883327508593 ], [ -83.013475635797647, 39.968890685012965 ], [ -83.013486643600288, 39.968897248260447 ], [ -83.013498430381333, 39.968902954754164 ], [ -83.013510883904345, 39.968907750155509 ], [ -83.013523885583979, 39.968911588801475 ], [ -83.013537311615053, 39.968914434139585 ], [ -83.013551034151604, 39.968916259075726 ], [ -83.013562234689402, 39.968917318686991 ], [ -83.013576311634466, 39.968918109333686 ], [ -83.01359042123724, 39.968917826197845 ], [ -83.013604425482697, 39.968916472048967 ], [ -83.013618187386385, 39.96891406013291 ], [ -83.013631572334361, 39.968910614042116 ], [ -83.013644449400005, 39.968906167484974 ], [ -83.013656692624679, 39.968900763956135 ], [ -83.013668182249802, 39.968894456310871 ], [ -83.013678805888361, 39.968887306248263 ], [ -83.01368845962412, 39.968879383707566 ], [ -83.013697049028238, 39.968870766184025 ], [ -83.01370449008283, 39.968861537971058 ], [ -83.01370601694839, 39.968859416958573 ], [ -83.013712212085267, 39.968849712545641 ], [ -83.013717136818357, 39.968839586395688 ], [ -83.013720743402175, 39.968829136683361 ] ], [ [ -83.014185610536558, 39.967658072888497 ], [ -83.014187394272568, 39.967647264614882 ], [ -83.014187777191736, 39.967636373532706 ], [ -83.014186755524932, 39.967625506863129 ], [ -83.014184339330967, 39.967614771586945 ], [ -83.014180552397576, 39.967604273391316 ], [ -83.014175432007107, 39.967594115629424 ], [ -83.014169028569597, 39.967584398302797 ], [ -83.014161405126373, 39.967575217076956 ], [ -83.01415263672942, 39.967566662339529 ], [ -83.01414280970252, 39.967558818310494 ], [ -83.014132020791394, 39.967551762212935 ], [ -83.014120376211238, 39.967545563512886 ], [ -83.01410799060109, 39.967540283235472 ], [ -83.014094985895156, 39.967535973364036 ], [ -83.014081490122479, 39.967532676328524 ], [ -83.014067636146493, 39.967530424587558 ], [ -83.01405356035707, 39.967529240309197 ], [ -83.014039401327679, 39.967529135152397 ], [ -83.01402529845133, 39.96753011015241 ], [ -83.013724038139443, 39.967562596348586 ], [ -83.01369421755463, 39.967565811901594 ], [ -83.013680720304208, 39.967567781055095 ], [ -83.013667531665192, 39.967570739664474 ], [ -83.013654773854086, 39.967574660312891 ], [ -83.013642565095026, 39.967579506668478 ], [ -83.013631018524265, 39.967585233821012 ], [ -83.013620241141751, 39.967591788698115 ], [ -83.013610332819624, 39.967599110557025 ], [ -83.013601385376703, 39.967607131547453 ], [ -83.013593481727554, 39.967615777340413 ], [ -83.01358669511427, 39.967624967816924 ], [ -83.013581088427571, 39.967634617810553 ], [ -83.013576713624133, 39.967644637896491 ], [ -83.01357361124505, 39.967654935220381 ], [ -83.013571810040091, 39.967665414358692 ], [ -83.01357132670131, 39.967675978202941 ], [ -83.013572165708339, 39.967686528859744 ], [ -83.013574319286832, 39.96769696855786 ], [ -83.01357776748047, 39.967707200554152 ], [ -83.013582478335977, 39.967717130030273 ], [ -83.013588408199013, 39.967726664971252 ], [ -83.013595502118918, 39.967735717018137 ], [ -83.013603694357741, 39.967744202286845 ], [ -83.013612908999491, 39.967752042145577 ], [ -83.013619507276729, 39.967756671105384 ], [ -83.013621134319351, 39.967757930352718 ], [ -83.013621150916478, 39.967760542826738 ], [ -83.013613812698537, 39.96788963397541 ], [ -83.013609754042122, 39.967961168654654 ], [ -83.013605869187316, 39.968029697514808 ], [ -83.013600983374843, 39.96811559393921 ], [ -83.013601108569574, 39.968127041614103 ], [ -83.013602782120572, 39.968138417043455 ], [ -83.013605985837657, 39.968149596580446 ], [ -83.013610684898296, 39.968160458707331 ], [ -83.013616828225977, 39.968170885356578 ], [ -83.013624349045472, 39.968180763194027 ], [ -83.013633165608525, 39.968189984850916 ], [ -83.013643182082518, 39.968198450090824 ], [ -83.013644714045355, 39.968199616400227 ], [ -83.013644714793884, 39.968202270235246 ], [ -83.013642177920616, 39.968241921643873 ], [ -83.013635171533807, 39.968351387725185 ], [ -83.013634832570546, 39.968354025565553 ], [ -83.013630184450392, 39.968356933910691 ], [ -83.013619198588984, 39.968364569315192 ], [ -83.013609299865962, 39.968373039324639 ], [ -83.013600594803236, 39.968382252792054 ], [ -83.013593177077752, 39.968392110570051 ], [ -83.013587126513258, 39.968402506577604 ], [ -83.013582508221432, 39.968413328941729 ], [ -83.013579371901116, 39.968424461201224 ], [ -83.013577751303472, 39.968435783560132 ], [ -83.013576179154072, 39.968456689589182 ], [ -83.013576153439615, 39.9684570413161 ], [ -83.013569308682321, 39.968553421817752 ], [ -83.013566028908997, 39.968599616192101 ], [ -83.01356574212744, 39.968603663739067 ], [ -83.013565676248973, 39.968614601991355 ], [ -83.013567025080192, 39.968625491015089 ], [ -83.013569775236917, 39.968636222755386 ], [ -83.013573899429176, 39.968646690718096 ], [ -83.013579356732023, 39.968656791026596 ], [ -83.013586092991602, 39.968666423452483 ], [ -83.013594041362495, 39.968675492410334 ], [ -83.013603122971034, 39.968683907906119 ], [ -83.013613247698018, 39.968691586430261 ], [ -83.01362431507296, 39.968698451786402 ], [ -83.013636215271063, 39.968704435847449 ], [ -83.013648830203081, 39.968709479231649 ], [ -83.01366203468713, 39.968713531891915 ], [ -83.013675697690971, 39.968716553612374 ], [ -83.013689683632236, 39.968718514407513 ], [ -83.013703853723911, 39.968719394819793 ], [ -83.013718067351562, 39.968719186112516 ], [ -83.013732183468747, 39.968717890356793 ], [ -83.013746061996642, 39.968715520410825 ], [ -83.013759565214144, 39.968712099792342 ], [ -83.013772559124519, 39.968707662445254 ], [ -83.013784914785148, 39.968702252402743 ], [ -83.01379650958701, 39.96869592335046 ], [ -83.013807228471435, 39.968688738093526 ], [ -83.013816965071868, 39.968680767933513 ], [ -83.013825622769332, 39.968672091960784 ], [ -83.013833115651252, 39.968662796269676 ], [ -83.013839369364007, 39.968652973104156 ], [ -83.013901049299676, 39.968542470985696 ], [ -83.013903559439044, 39.968537664325233 ], [ -83.013968440965883, 39.968404420606859 ], [ -83.013970653676083, 39.9683995282046 ], [ -83.014027295531619, 39.968264078268319 ], [ -83.014029205889713, 39.968259111013076 ], [ -83.014077482059335, 39.968121756322631 ], [ -83.014079085815411, 39.968116725269724 ], [ -83.014118888905628, 39.967977771526385 ], [ -83.014120182492249, 39.967972687873029 ], [ -83.014151423969381, 39.967832444335102 ], [ -83.014152404509431, 39.96782731939556 ], [ -83.01417498698261, 39.967686272534024 ], [ -83.014175601789688, 39.967683564667176 ], [ -83.014177924472023, 39.967679017248734 ], [ -83.014182443543717, 39.967668691947516 ], [ -83.014185610536558, 39.967658072888497 ] ], [ [ -83.014956940825556, 39.967439750877858 ], [ -83.01495326658744, 39.967449971408264 ], [ -83.014950890773676, 39.967460416984288 ], [ -83.014949835542751, 39.967470990185923 ], [ -83.014950110736805, 39.967481592402805 ], [ -83.01495171378987, 39.967492124753903 ], [ -83.014954629751756, 39.96750248900976 ], [ -83.014958831427435, 39.967512588508605 ], [ -83.014964279630718, 39.967522329057843 ], [ -83.014970923549626, 39.967531619812647 ], [ -83.014978701220315, 39.967540374123047 ], [ -83.014987540105011, 39.967548510342247 ], [ -83.014997357768422, 39.96755595258805 ], [ -83.015008062646629, 39.967562631450406 ], [ -83.015019554901016, 39.96756848463918 ], [ -83.015031727349452, 39.967573457564583 ], [ -83.015044466465937, 39.967577503846783 ], [ -83.015057653439314, 39.967580585748152 ], [ -83.015071165281483, 39.967582674525381 ], [ -83.015084875974424, 39.967583750697507 ], [ -83.015098657645495, 39.967583804227651 ], [ -83.015112381760062, 39.967582834616522 ], [ -83.015121857469538, 39.967581808128216 ], [ -83.015135643356217, 39.9675797783771 ], [ -83.015149103421621, 39.967576716414754 ], [ -83.015162107457783, 39.967572651861531 ], [ -83.015174529668315, 39.967567624036505 ], [ -83.015186249885232, 39.967561681577088 ], [ -83.015197154731524, 39.967554881968546 ], [ -83.015207138717798, 39.967547290987802 ], [ -83.015216105262922, 39.967538982067317 ], [ -83.015223967628117, 39.967530035584566 ], [ -83.015230649756219, 39.967520538084564 ], [ -83.015236087007267, 39.967510581442575 ], [ -83.015240226783888, 39.967500261975424 ], [ -83.015243029040022, 39.967489679509782 ], [ -83.015244466668321, 39.96747893641632 ], [ -83.015244525762384, 39.967468136619566 ], [ -83.015243205751176, 39.967457384592578 ], [ -83.0152405194046, 39.967446784346158 ], [ -83.015236492709917, 39.967436438422872 ], [ -83.015231164620346, 39.967426446905002 ], [ -83.015224586678173, 39.967416906446395 ], [ -83.015216822516223, 39.967407909337538 ], [ -83.015207947242175, 39.967399542612711 ], [ -83.015198046712115, 39.967391887208059 ], [ -83.015187216699871, 39.967385017178799 ], [ -83.015181587763664, 39.967381790679397 ], [ -83.015169713212501, 39.967375670871064 ], [ -83.015157102671282, 39.96737049564814 ], [ -83.015143882621743, 39.967366316917158 ], [ -83.015130185658791, 39.967363176590105 ], [ -83.015116149160647, 39.967361106163921 ], [ -83.015101913910982, 39.967360126404607 ], [ -83.015087622686835, 39.967360247138991 ], [ -83.015073418826702, 39.967361467156138 ], [ -83.015059444792811, 39.967363774219471 ], [ -83.015045840742303, 39.967367145189542 ], [ -83.015032743121537, 39.967371546256125 ], [ -83.015020283297488, 39.967376933277244 ], [ -83.015008586240285, 39.967383252222007 ], [ -83.014997769269627, 39.967390439712425 ], [ -83.014987940878271, 39.967398423659162 ], [ -83.014979199643776, 39.967407123984479 ], [ -83.01497535288452, 39.967411376970887 ], [ -83.014968035712442, 39.967420363250518 ], [ -83.014961879219939, 39.967429850714211 ], [ -83.014956940825556, 39.967439750877858 ] ], [ [ -83.018353239554258, 39.970623031451787 ], [ -83.018349759737347, 39.970612342733077 ], [ -83.018344905128671, 39.970601976169156 ], [ -83.018338724614779, 39.970592036151423 ], [ -83.018331280434055, 39.970582622775993 ], [ -83.018322647549937, 39.970573830835583 ], [ -83.018312912895965, 39.970565748864992 ], [ -83.018302174500462, 39.970558458249691 ], [ -83.018290540499265, 39.970552032406104 ], [ -83.018278128046916, 39.970546536042391 ], [ -83.018265062136777, 39.970542024506919 ], [ -83.018251474342506, 39.970538543230759 ], [ -83.01823750149299, 39.970536127270314 ], [ -83.018223284294649, 39.970534800954255 ], [ -83.018208965914411, 39.970534577638567 ], [ -83.018197643726438, 39.970535277124043 ], [ -83.018197639211778, 39.97053523983277 ], [ -83.018189661883653, 39.970535811559834 ], [ -83.018072094121166, 39.970540831698891 ], [ -83.018066754993171, 39.970540905651895 ], [ -83.017949028564232, 39.970539144605318 ], [ -83.017943697207116, 39.970538911034609 ], [ -83.017834919554176, 39.970530993546788 ], [ -83.017820559576094, 39.970530507756969 ], [ -83.017806208921456, 39.970531135815023 ], [ -83.017792013163145, 39.970532871349931 ], [ -83.017778116302836, 39.97053569675645 ], [ -83.017764659310217, 39.970539583373665 ], [ -83.017751778692997, 39.970544491775719 ], [ -83.017739605112226, 39.9705503721719 ], [ -83.017728262056849, 39.970557164911369 ], [ -83.01771786459112, 39.970564801088649 ], [ -83.017708518187277, 39.970573203242303 ], [ -83.017700317655681, 39.970582286140811 ], [ -83.017693346183094, 39.970591957647137 ], [ -83.017687674488755, 39.970602119653414 ], [ -83.017683360107014, 39.970612669076033 ], [ -83.017680446803709, 39.970623498901382 ], [ -83.017678964132102, 39.970634499271448 ], [ -83.017673199189062, 39.970718183673348 ], [ -83.017663742396238, 39.970838265926027 ], [ -83.017660976316293, 39.970873366671938 ], [ -83.01766087771513, 39.970874765556331 ], [ -83.01763839033255, 39.971236455103877 ], [ -83.017638401571617, 39.971247126248912 ], [ -83.017639759026935, 39.971257746163396 ], [ -83.017642449878778, 39.971268214548843 ], [ -83.017646448714331, 39.971278432537829 ], [ -83.017651717767592, 39.971288303627745 ], [ -83.017658207276128, 39.971297734592113 ], [ -83.017665855950924, 39.971306636361277 ], [ -83.017674591555291, 39.971314924863371 ], [ -83.017684331587049, 39.971322521818422 ], [ -83.017694984057727, 39.971329355477778 ], [ -83.017706448361295, 39.971335361301541 ], [ -83.017718616224371, 39.971340482568294 ], [ -83.01773137272879, 39.971344670910632 ], [ -83.017744597396941, 39.971347886772179 ], [ -83.017758165329624, 39.971350099780999 ], [ -83.017771948385644, 39.971351289036498 ], [ -83.017785816392106, 39.971351443306823 ], [ -83.017799638373717, 39.971350561135047 ], [ -83.017813283789977, 39.971348650852732 ], [ -83.017826623767874, 39.971345730501369 ], [ -83.017839532319144, 39.971341827661981 ], [ -83.017851887530213, 39.971336979194618 ], [ -83.017863572713452, 39.971331230890158 ], [ -83.017874477509395, 39.971324637037966 ], [ -83.018281839917975, 39.97105266773432 ], [ -83.01829210783994, 39.971045090005276 ], [ -83.018301344089693, 39.971036763316633 ], [ -83.018309456870313, 39.971027770425742 ], [ -83.018316365550902, 39.971018200711207 ], [ -83.018322001467979, 39.971008149284479 ], [ -83.018326308607868, 39.970997716044629 ], [ -83.018329244163425, 39.970987004685455 ], [ -83.018330778959424, 39.970976121664883 ], [ -83.018354887937122, 39.970657848180309 ], [ -83.018355151024807, 39.970655944485223 ], [ -83.01835594883994, 39.970644942651013 ], [ -83.018355309536929, 39.970633934689701 ], [ -83.018353239554258, 39.970623031451787 ] ], [ [ -83.018923777502451, 39.967101470741895 ], [ -83.018919873671706, 39.967091075421742 ], [ -83.018914659085752, 39.967081026218018 ], [ -83.018908184382568, 39.967071420715776 ], [ -83.018900512436673, 39.967062352191412 ], [ -83.018891717748659, 39.967053908706795 ], [ -83.018881885721598, 39.967046172254243 ], [ -83.018871111831785, 39.967039217960142 ], [ -83.018859500701623, 39.967033113355683 ], [ -83.018847165083557, 39.96702791772087 ], [ -83.018834224765257, 39.967023681508955 ], [ -83.018820805406378, 39.967020445856562 ], [ -83.018807037318354, 39.967018242184103 ], [ -83.018793054198937, 39.967017091890789 ], [ -83.018778991833997, 39.96701700614679 ], [ -83.018764986778891, 39.96701798578475 ], [ -83.018242525111489, 39.967074615730475 ], [ -83.017762440812291, 39.967126634038415 ], [ -83.017748649391706, 39.967128665138752 ], [ -83.017735184151022, 39.96713172929136 ], [ -83.01772217545583, 39.967135796830235 ], [ -83.017709749251679, 39.967140828374966 ], [ -83.01769802584468, 39.96714677521193 ], [ -83.017687118736873, 39.96715357976597 ], [ -83.017677133527215, 39.967161176157887 ], [ -83.01766816688928, 39.967169490842025 ], [ -83.017660305635303, 39.967178443318581 ], [ -83.017653625875639, 39.967187946912752 ], [ -83.017648192281925, 39.967197909614029 ], [ -83.017644057460913, 39.96720823496689 ], [ -83.017641261445149, 39.967218823004721 ], [ -83.01763983130536, 39.967229571217651 ], [ -83.017639780888302, 39.967240375545003 ], [ -83.017641110682746, 39.967251131382767 ], [ -83.017643807814679, 39.96726173459632 ], [ -83.01764784617194, 39.967272082528645 ], [ -83.017653186656986, 39.967282074994337 ], [ -83.017659777565413, 39.967291615249309 ], [ -83.017667555086518, 39.967300610927715 ], [ -83.017676443921118, 39.967308974936095 ], [ -83.017686358010479, 39.967316626296537 ], [ -83.017710919365868, 39.967333802413535 ], [ -83.017713380741313, 39.967335703261725 ], [ -83.017713574383606, 39.967336206012575 ], [ -83.017716529703364, 39.967345574044131 ], [ -83.017721153060393, 39.96735574919353 ], [ -83.01772705071518, 39.967365526523508 ], [ -83.017734165836089, 39.967374811815787 ], [ -83.017742429859368, 39.967383515593482 ], [ -83.017751763149903, 39.967391553983404 ], [ -83.017762075768559, 39.967398849524301 ], [ -83.017773268338914, 39.967405331913291 ], [ -83.017785233004901, 39.967410938683329 ], [ -83.017797854470047, 39.967415615805209 ], [ -83.017811011108677, 39.967419318208215 ], [ -83.017824576137841, 39.967422010214378 ], [ -83.017838418839162, 39.967423665882365 ], [ -83.017852405818374, 39.967424269257492 ], [ -83.017866402290949, 39.967423814525347 ], [ -83.017880273380825, 39.967422306067952 ], [ -83.01789388542025, 39.967419758421386 ], [ -83.017907107237747, 39.967416196135922 ], [ -83.017919811422345, 39.967411653539266 ], [ -83.017931875551142, 39.967406174405795 ], [ -83.017941172716462, 39.967400942922474 ], [ -83.017942178855407, 39.967400433102945 ], [ -83.017945581603215, 39.967399930503056 ], [ -83.018143308508556, 39.9673784024233 ], [ -83.018818190819999, 39.967304919335518 ], [ -83.018832196136017, 39.967302840416885 ], [ -83.018845861785323, 39.967299696140046 ], [ -83.018859051249223, 39.967295517916035 ], [ -83.018871632766121, 39.96729034748499 ], [ -83.018883480647901, 39.967284236499076 ], [ -83.018894476535394, 39.967277246006525 ], [ -83.018904510580981, 39.967269445841708 ], [ -83.01891348254577, 39.967260913927582 ], [ -83.018921302801118, 39.96725173549715 ], [ -83.018927893223889, 39.967242002241989 ], [ -83.018933187976998, 39.96723181139631 ], [ -83.018937134166976, 39.967221264765598 ], [ -83.018939692372484, 39.967210467709478 ], [ -83.018940837037974, 39.96719952808931 ], [ -83.018940556729049, 39.967188555190553 ], [ -83.018938854246628, 39.967177658631108 ], [ -83.01893680422998, 39.967170592683672 ], [ -83.018935753815185, 39.967166121213857 ], [ -83.018926332668329, 39.96711211123236 ], [ -83.018923777502451, 39.967101470741895 ] ], [ [ -83.018671725982827, 39.969238842690977 ], [ -83.018678471902589, 39.969229321221199 ], [ -83.018683964287135, 39.969219334203324 ], [ -83.018688149567595, 39.96920897904468 ], [ -83.0186909869239, 39.969198356743213 ], [ -83.018692448682827, 39.969187570902321 ], [ -83.018692520587919, 39.969176726720455 ], [ -83.018691201938523, 39.969165929964994 ], [ -83.018688505596543, 39.96915528594073 ], [ -83.018684457861042, 39.96914489846278 ], [ -83.018679098211649, 39.969134868844009 ], [ -83.018672478923492, 39.969125294906902 ], [ -83.018664664557377, 39.969116270029517 ], [ -83.018655731330028, 39.96910788223461 ], [ -83.018645766370682, 39.96910021333133 ], [ -83.01863486687138, 39.969093338117098 ], [ -83.018623139138938, 39.969087323648282 ], [ -83.018610697558088, 39.969082228586004 ], [ -83.018597663475916, 39.969078102624174 ], [ -83.018584164018321, 39.969074986004664 ], [ -83.018570330850025, 39.969072909124904 ], [ -83.018556298890587, 39.969071892241395 ], [ -83.01854220499834, 39.969071945272177 ], [ -83.01852818663572, 39.969073067699945 ], [ -83.018523365398693, 39.969073640074363 ], [ -83.018519978532836, 39.96907328159638 ], [ -83.018482988544903, 39.969067955317954 ], [ -83.018479546269702, 39.969067321803287 ], [ -83.018477807184652, 39.969066856984028 ], [ -83.018464161004971, 39.969063786524956 ], [ -83.018450185475999, 39.969061776043084 ], [ -83.018436019307785, 39.969060845492869 ], [ -83.018421803102484, 39.969061004110252 ], [ -83.018407677958876, 39.969062250320867 ], [ -83.018393784071932, 39.969064571755851 ], [ -83.018380259341399, 39.969067945374476 ], [ -83.018367238003094, 39.96907233769285 ], [ -83.018354849296671, 39.969077705116312 ], [ -83.018343216182828, 39.969083994372014 ], [ -83.018332454122941, 39.969091143037723 ], [ -83.018322669933085, 39.969099080161413 ], [ -83.018313960723859, 39.969107726965355 ], [ -83.018306412936539, 39.969116997628049 ], [ -83.01830010148511, 39.969126800136053 ], [ -83.018295089012739, 39.969137037197186 ], [ -83.018291425269965, 39.969147607206175 ], [ -83.018289146620972, 39.969158405253182 ], [ -83.018288854740803, 39.969162064540576 ], [ -83.018288813542171, 39.969162061709412 ], [ -83.018288074798392, 39.969168425890608 ], [ -83.018287369619173, 39.969172645481294 ], [ -83.018286911141246, 39.969174742104748 ], [ -83.018286242760865, 39.969176805064016 ], [ -83.018284698180665, 39.969180890031367 ], [ -83.018283823922104, 39.969182906905232 ], [ -83.018282749049405, 39.969184865550019 ], [ -83.018279226729092, 39.969190647101129 ], [ -83.018279316027659, 39.969190679308888 ], [ -83.018275163464835, 39.969197692262597 ], [ -83.018270597186955, 39.969208010438294 ], [ -83.018267382944501, 39.969218626108344 ], [ -83.018265552410156, 39.969229434669394 ], [ -83.018265123622086, 39.969240329617399 ], [ -83.018266100806073, 39.969251203597025 ], [ -83.018268474333922, 39.969261949459479 ], [ -83.018272220818261, 39.969272461318383 ], [ -83.018277303342998, 39.969282635593046 ], [ -83.018283671827007, 39.969292372029265 ], [ -83.018291263517682, 39.969301574687073 ], [ -83.018300003609184, 39.969310152886202 ], [ -83.018309805979598, 39.969318022099522 ], [ -83.018320574039492, 39.96932510478608 ], [ -83.018332201683734, 39.969331331155068 ], [ -83.018344574336979, 39.969336639853601 ], [ -83.018357570082657, 39.969340978571275 ], [ -83.018371060864382, 39.969344304555506 ], [ -83.018384913747738, 39.969346585032994 ], [ -83.018398992230203, 39.969347797532528 ], [ -83.018413157586238, 39.969347930106437 ], [ -83.018427270234284, 39.969346981448417 ], [ -83.018433468165099, 39.969346324987924 ], [ -83.018436432155667, 39.969346211566481 ], [ -83.018439421874263, 39.969346296887402 ], [ -83.018442765858154, 39.969346617158038 ], [ -83.018457172602581, 39.96934743010722 ], [ -83.018471612353636, 39.969347118307553 ], [ -83.018485937165622, 39.969345684953645 ], [ -83.018500000270464, 39.969343144731241 ], [ -83.018513657581479, 39.969339523666775 ], [ -83.018526769169753, 39.969334858860648 ], [ -83.018539200697731, 39.969329198107168 ], [ -83.018606865497404, 39.969294714094296 ], [ -83.018619155303597, 39.969287693235202 ], [ -83.018630397114848, 39.969279699985456 ], [ -83.018640461603141, 39.969270826301297 ], [ -83.018649232984743, 39.969261174267551 ], [ -83.018650371492853, 39.969259766259057 ], [ -83.018654748302808, 39.969256122965916 ], [ -83.018663792322982, 39.969247805745987 ], [ -83.018671725982827, 39.969238842690977 ] ], [ [ -83.018863588239768, 39.971227407871545 ], [ -83.018858611193792, 39.971217105086758 ], [ -83.018852320373952, 39.971207236749798 ], [ -83.018844778813303, 39.971197901739011 ], [ -83.018836062076886, 39.971189193588941 ], [ -83.018826257504671, 39.971181199553072 ], [ -83.018815463336324, 39.971173999729587 ], [ -83.018803787726924, 39.971167666258893 ], [ -83.018791347663267, 39.971162262600757 ], [ -83.018778267791689, 39.971157842898357 ], [ -83.018764679169152, 39.971154451435979 ], [ -83.018750717950084, 39.971152122195207 ], [ -83.018736524022216, 39.971150878514351 ], [ -83.018722239604884, 39.971150732854781 ], [ -83.018708007824117, 39.971151686676002 ], [ -83.018693971278552, 39.971153730420951 ], [ -83.018680270610616, 39.971156843611851 ], [ -83.018667043097423, 39.971160995055342 ], [ -83.018654421275244, 39.971166143155088 ], [ -83.018642531611533, 39.971172236328464 ], [ -83.018631493237862, 39.971179213523449 ], [ -83.018507068820043, 39.971266240333961 ], [ -83.018497275929988, 39.971273789909368 ], [ -83.018488481247601, 39.971282034894777 ], [ -83.01848076775569, 39.971290897494377 ], [ -83.018474208235517, 39.971300294084891 ], [ -83.018468864580143, 39.971310136004462 ], [ -83.01846478721032, 39.971320330389354 ], [ -83.018462014598796, 39.971330781050021 ], [ -83.018460572907259, 39.971341389378814 ], [ -83.018460475739488, 39.971352055280335 ], [ -83.018461724012909, 39.971362678115959 ], [ -83.018464305949976, 39.971373157653282 ], [ -83.018468197189293, 39.971383395012012 ], [ -83.018473361015353, 39.971393293596911 ], [ -83.01847974870509, 39.971402760009205 ], [ -83.018487299987441, 39.971411704927867 ], [ -83.01849594361218, 39.97142004395247 ], [ -83.01850559802206, 39.971427698399467 ], [ -83.018516172122403, 39.971434596044695 ], [ -83.018527566140676, 39.971440671804849 ], [ -83.018539672567755, 39.971445868351552 ], [ -83.01855237717254, 39.971450136652315 ], [ -83.018565560079637, 39.971453436433244 ], [ -83.018579096900552, 39.971455736558866 ], [ -83.018940372371461, 39.971503097669682 ], [ -83.018954340405713, 39.971504387591672 ], [ -83.018968405639896, 39.971504613148177 ], [ -83.018982431400644, 39.971503772147429 ], [ -83.018996281398145, 39.971501872761536 ], [ -83.019009821050517, 39.971498933447016 ], [ -83.019022918791606, 39.971494982765464 ], [ -83.019035447349353, 39.971490059106117 ], [ -83.019047284982648, 39.97148421031266 ], [ -83.019058316664214, 39.971477493218366 ], [ -83.019068435198349, 39.971469973093896 ], [ -83.019077542262664, 39.971461723012993 ], [ -83.019085549363353, 39.971452823142442 ], [ -83.019092378695134, 39.971443359963096 ], [ -83.019097963897323, 39.971433425429375 ], [ -83.019102250698637, 39.971423116075982 ], [ -83.01910519744446, 39.97141253207964 ], [ -83.019106775501683, 39.971401776285802 ], [ -83.019106969536864, 39.971390953209216 ], [ -83.019105777665203, 39.971380168018413 ], [ -83.019103211468803, 39.97136952551368 ], [ -83.019099295884146, 39.971359129108798 ], [ -83.019094068959802, 39.971349079826147 ], [ -83.019087581486531, 39.971339475315055 ], [ -83.019079896503897, 39.971330408902936 ], [ -83.01907108868761, 39.97132196868845 ], [ -83.019061243623881, 39.971314236685437 ], [ -83.019050456977823, 39.971307288026004 ], [ -83.019038833563812, 39.971301190230449 ], [ -83.019026486327036, 39.971296002551234 ], [ -83.019013535245989, 39.971291775397091 ], [ -83.018872792730775, 39.971252013861822 ], [ -83.018869705355442, 39.971251008675956 ], [ -83.018869415195837, 39.971248900540083 ], [ -83.018867201642479, 39.971238041872731 ], [ -83.018863588239768, 39.971227407871545 ] ] ] ] } },
{ "type": "Feature", "properties": { "name": "Short North", "type": "survey stratum", "source": "Short North SID", "area_sqmi": 0.122 }, "geometry": { "type": "MultiPolygon", "coordinates": [ [ [ [ -83.00275212289192, 39.972174025264188 ], [ -83.002691291099978, 39.972182069245619 ], [ -83.002718937119468, 39.972336519104253 ], [ -83.002716572517912, 39.972337724865831 ], [ -83.002713245005722, 39.972342603271713 ], [ -83.002706265703836, 39.972351735697011 ], [ -83.002698175014842, 39.972360308137837 ], [ -83.00268904825127, 39.97236824079684 ], [ -83.002678970370084, 39.972375459832186 ], [ -83.002668035181969, 39.97238189804478 ], [ -83.002656344477941, 39.972387495503845 ], [ -83.002644007081969, 39.972392200104913 ], [ -83.002631137837838, 39.972395968054713 ], [ -83.002617856540198, 39.972398764278879 ], [ -83.002604286819377, 39.972400562748469 ], [ -83.002590554990562, 39.972401346722229 ], [ -83.002576788877946, 39.97240110890251 ], [ -83.002563116624913, 39.972399851503013 ], [ -83.002549665501064, 39.972397586228425 ], [ -83.002536560717601, 39.97239433416523 ], [ -83.002523924261737, 39.972390125585669 ], [ -83.002511873761151, 39.972384999665707 ], [ -83.00250052138901, 39.972379004120491 ], [ -83.002489972819816, 39.972372194760169 ], [ -83.002480326245745, 39.972364634970319 ], [ -83.002471671462473, 39.972356395121949 ], [ -83.002464089033538, 39.972347551916428 ], [ -83.00245764954019, 39.972338187671554 ], [ -83.002452412924541, 39.972328389555152 ], [ -83.002448427931526, 39.972318248773782 ], [ -83.0024457316552, 39.972307859723699 ], [ -83.002178781512399, 39.970938002390582 ], [ -83.002091894841968, 39.970492127631111 ], [ -83.002091266255036, 39.970489703088823 ], [ -83.002088376700257, 39.970490784511853 ], [ -83.00202444787891, 39.970517706174654 ], [ -83.002019592161346, 39.970519948181135 ], [ -83.00195695874288, 39.970551535099588 ], [ -83.001954615551725, 39.970552768773224 ], [ -83.001316731634731, 39.970903145106547 ], [ -83.001217348890719, 39.970957734997413 ], [ -83.001210513717439, 39.970961265024748 ], [ -83.001038277045353, 39.971044775446103 ], [ -83.001035987809658, 39.97104593322711 ], [ -83.000867986519651, 39.971134499404386 ], [ -83.000861183750331, 39.971137871658783 ], [ -83.000118447462441, 39.971483530068909 ], [ -83.000116279386248, 39.971484580408699 ], [ -83.000030262245303, 39.971527930480192 ], [ -83.000025950086524, 39.971530283870777 ], [ -82.999945424530821, 39.97157777795482 ], [ -82.999941350749765, 39.971580370603192 ], [ -82.999865618083689, 39.971632322863641 ], [ -82.99986180505698, 39.971635140529187 ], [ -82.999791281270006, 39.971691265607014 ], [ -82.999787749942186, 39.971694292813034 ], [ -82.999722822415833, 39.971754282428378 ], [ -82.999719592184306, 39.971757502547256 ], [ -82.999660617564246, 39.971821027192547 ], [ -82.999657706172769, 39.971824422536969 ], [ -82.999605008409773, 39.971891133286647 ], [ -82.999602431850832, 39.971894685206763 ], [ -82.999556300421062, 39.971964215633754 ], [ -82.999554072848227, 39.971967904619653 ], [ -82.999514257817594, 39.972040794284801 ], [ -82.99951348082503, 39.972042295390928 ], [ -82.999513039499902, 39.972043226427928 ], [ -82.999488268215345, 39.972098162682947 ], [ -82.999487102314319, 39.972100993390207 ], [ -82.999466450530747, 39.972156285024134 ], [ -82.999465485286066, 39.972159160096879 ], [ -82.999448885751619, 39.97221477450411 ], [ -82.999447926894661, 39.97221860700504 ], [ -82.999436006069473, 39.972277456913588 ], [ -82.999435329767081, 39.972282071643846 ], [ -82.999429952320796, 39.97234111578932 ], [ -82.999429785548372, 39.972345757989572 ], [ -82.99943091567188, 39.972404940525315 ], [ -82.999431259625126, 39.972409576952359 ], [ -82.999439035627219, 39.972469604080572 ], [ -82.999439408395048, 39.972471963062567 ], [ -82.999473602428438, 39.972655161248142 ], [ -82.999474903278653, 39.972665763734483 ], [ -82.99947486306732, 39.972676413310346 ], [ -82.999473482172064, 39.972687009802534 ], [ -82.999470773581407, 39.972697453537009 ], [ -82.999466762772656, 39.972707646276646 ], [ -82.999461487472203, 39.9727174921452 ], [ -82.999454997300759, 39.972726898529153 ], [ -82.999447353306607, 39.972735776948909 ], [ -82.999438627391271, 39.972744043891076 ], [ -82.999428901633379, 39.972751621593879 ], [ -82.999418267516447, 39.972758438778925 ], [ -82.999406825068448, 39.972764431321352 ], [ -82.999405366320815, 39.972765045366103 ], [ -82.999356285120001, 39.972511160706865 ], [ -82.99941851082464, 39.972035144552081 ], [ -82.999607064407883, 39.971752475924205 ], [ -82.99996716108511, 39.971472334839852 ], [ -83.000438026299463, 39.97124844770368 ], [ -83.002022600008914, 39.970450942659504 ], [ -83.002277356160477, 39.970371744708132 ], [ -83.00242679920315, 39.970351430447231 ], [ -83.002427721069225, 39.970356385991096 ], [ -83.002428332355109, 39.970367216518603 ], [ -83.002427552641663, 39.9703780406413 ], [ -83.002425389528028, 39.970388752857126 ], [ -83.002421864097329, 39.970399248754781 ], [ -83.002417010711127, 39.970409426031324 ], [ -83.002413252265171, 39.970415405845323 ], [ -83.002412208033348, 39.970417301253647 ], [ -83.002412533050219, 39.970419967559856 ], [ -83.002566339801376, 39.971242095838043 ], [ -83.00258357219613, 39.971334207557902 ], [ -83.002594762763792, 39.97139402316057 ], [ -83.002605703494837, 39.971452502657272 ], [ -83.002617525754687, 39.971515694904674 ], [ -83.002618187960636, 39.971518311560054 ], [ -83.002619937961398, 39.971519660482784 ], [ -83.002629286361696, 39.971527606797714 ], [ -83.002637583318986, 39.971536216492289 ], [ -83.002644749782348, 39.971545407536276 ], [ -83.002650717471653, 39.971555092360518 ], [ -83.002655429528247, 39.971565178691222 ], [ -83.002658841056686, 39.971575570429238 ], [ -83.002660919552426, 39.971586168565416 ], [ -83.002661645211631, 39.971596872124131 ], [ -83.002661011119812, 39.971607579125305 ], [ -83.00265902331779, 39.971618187555997 ], [ -83.0026557007441, 39.971628596342335 ], [ -83.002651075054629, 39.971638706312604 ], [ -83.00264519032099, 39.971648421142035 ], [ -83.002642369653088, 39.971652539793105 ], [ -83.002642742418587, 39.97165519226251 ], [ -83.002654103919795, 39.97171037752085 ], [ -83.002666188947032, 39.971769087499148 ], [ -83.002688676543428, 39.971878316879099 ], [ -83.002689387233033, 39.971880931578653 ], [ -83.002689825031538, 39.971881547402589 ], [ -83.002696801401356, 39.971892845159829 ], [ -83.002702062568034, 39.971904680049022 ], [ -83.00270554026406, 39.971916898505775 ], [ -83.002709781324626, 39.97193729969888 ], [ -83.002714003234061, 39.971957553585753 ], [ -83.002715428901766, 39.97196698580774 ], [ -83.002715790067029, 39.97197647752936 ], [ -83.002715084028466, 39.971985957767039 ], [ -83.002713316065694, 39.971995355623051 ], [ -83.002713114926436, 39.971996173540802 ], [ -83.00271349002746, 39.971998834986856 ], [ -83.002723906106041, 39.972049399642039 ], [ -83.002747405963348, 39.972163583805042 ], [ -83.002748109338995, 39.9721661748993 ], [ -83.002750307122838, 39.972168205199822 ], [ -83.002755181853118, 39.972172289935578 ], [ -83.002756391951706, 39.972173530067622 ], [ -83.00275212289192, 39.972174025264188 ] ] ], [ [ [ -83.000070329308073, 39.974233208494866 ], [ -82.999758767346776, 39.974262068395042 ], [ -82.999631290262315, 39.973933668385584 ], [ -82.999608308949703, 39.973814796186829 ], [ -82.999613344753371, 39.973815714111332 ], [ -82.99962635103121, 39.973819130041612 ], [ -82.999638869969118, 39.973823492598569 ], [ -82.999650785484789, 39.973828761330253 ], [ -82.999661987091031, 39.973834887382196 ], [ -82.999672370920393, 39.973841813950322 ], [ -82.999681840688154, 39.973849476807779 ], [ -82.999690308585201, 39.973857804900412 ], [ -82.999697696092198, 39.973866721005628 ], [ -82.999703934707725, 39.973876142448404 ], [ -82.999708966583455, 39.973885981867916 ], [ -82.999807822458081, 39.974110452126631 ], [ -82.999809270607543, 39.974113227623711 ], [ -82.999811810460471, 39.974115491757708 ], [ -82.999872741740916, 39.974164120440818 ], [ -82.999875172732288, 39.974165883223876 ], [ -82.999878494316746, 39.974165609643045 ], [ -82.999927665053789, 39.97415971545059 ], [ -82.999941953055753, 39.974158565691916 ], [ -82.999956318909071, 39.974158526847532 ], [ -82.999970617062218, 39.974159599310966 ], [ -82.999984702649556, 39.974161772216327 ], [ -82.999998432959117, 39.974165023548181 ], [ -83.000011668878471, 39.974169320364787 ], [ -83.000024276304146, 39.974174619131759 ], [ -83.00003612750038, 39.974180866163188 ], [ -83.000047102393225, 39.974187998165469 ], [ -83.000057089787205, 39.974195942878772 ], [ -83.000065988491826, 39.974204619808951 ], [ -83.000073708346861, 39.974213941043132 ], [ -83.000080171135849, 39.974223812140501 ], [ -83.000085311378569, 39.974234133089134 ], [ -83.000089076994541, 39.974244799319216 ], [ -83.00009142983059, 39.974255702762555 ], [ -83.000092346047566, 39.974266732947513 ], [ -83.000091816361859, 39.974277778118335 ], [ -83.000091666814214, 39.974279093792369 ], [ -83.000070329308073, 39.974233208494866 ] ] ], [ [ [ -83.000320186148357, 39.974652884003838 ], [ -83.00015253378649, 39.974560538233213 ], [ -83.000151238936311, 39.974554330275829 ], [ -83.000313158672498, 39.974643518440253 ], [ -83.000316056552094, 39.974644954181421 ], [ -83.000319479778568, 39.974644644781016 ], [ -83.000326356392407, 39.974643757510933 ], [ -83.000339924094973, 39.974642517098047 ], [ -83.000353583794137, 39.974642280519348 ], [ -83.00036721030429, 39.974643049942962 ], [ -83.000380678743923, 39.974644818317408 ], [ -83.000381450196301, 39.974644979261363 ], [ -83.000320186148357, 39.974652884003838 ] ] ], [ [ [ -83.004473658140427, 39.972416449099391 ], [ -83.004656365270151, 39.972420665803966 ], [ -83.004525353122318, 39.973598132710286 ], [ -83.004801642188951, 39.975382414745852 ], [ -83.004949088322562, 39.976129843179734 ], [ -83.005177809488998, 39.977242662626331 ], [ -83.004372135654137, 39.977214749943506 ], [ -83.004953790964862, 39.980115004821705 ], [ -83.005678407793695, 39.980149204432543 ], [ -83.005669527247363, 39.98024160937991 ], [ -83.005645589806448, 39.980728220902748 ], [ -83.005633181333963, 39.980806424326111 ], [ -83.006133572785572, 39.980822030221439 ], [ -83.006135638437783, 39.980887649599907 ], [ -83.006112552539463, 39.981296447935847 ], [ -83.006113446370492, 39.98132721375277 ], [ -83.0056833875054, 39.981305437965766 ], [ -83.005699955672341, 39.981336265048292 ], [ -83.005676176686123, 39.981742863227808 ], [ -83.005648446248941, 39.981828782717209 ], [ -83.00553707385231, 39.98293541021738 ], [ -83.005483525071696, 39.983409769390306 ], [ -83.005751651215618, 39.983426629146727 ], [ -83.005709285306679, 39.984040504134875 ], [ -83.005992953190344, 39.984047288419681 ], [ -83.00593816019969, 39.98469096973588 ], [ -83.005967788467984, 39.984692212811645 ], [ -83.005924044510593, 39.985202733751962 ], [ -83.005920079712794, 39.985279194865534 ], [ -83.006298557922676, 39.985298058104881 ], [ -83.006299389069028, 39.985387508357896 ], [ -83.006277514749513, 39.985694505485931 ], [ -83.006235864496404, 39.985701045467252 ], [ -83.006229740439835, 39.985786907813058 ], [ -83.006067624167457, 39.985781029429354 ], [ -83.006065480582407, 39.985830071563406 ], [ -83.006098512573601, 39.985843797277951 ], [ -83.006064382896199, 39.986339892418741 ], [ -83.00622412596158, 39.987057446762563 ], [ -83.006282791935817, 39.987223276142991 ], [ -83.006508708012149, 39.988162655870163 ], [ -83.006914446651606, 39.990194392817891 ], [ -83.006124810581142, 39.990185581771826 ], [ -83.005456254776277, 39.990319681468577 ], [ -83.004585062867022, 39.990317664293229 ], [ -83.004823224466165, 39.987092710095475 ], [ -83.004285288044798, 39.987075805211553 ], [ -83.004196752639857, 39.986578981309407 ], [ -83.004139317903153, 39.986302789637854 ], [ -83.004027737270988, 39.98578151648524 ], [ -83.003980116690158, 39.985490012994291 ], [ -83.004543412785637, 39.98551146386535 ], [ -83.004253296887015, 39.984235050387824 ], [ -83.004406806003601, 39.984241854485262 ], [ -83.004392051664539, 39.983930530668502 ], [ -83.004352661893847, 39.983763885133143 ], [ -83.004284835041219, 39.98341663827717 ], [ -83.003524502113592, 39.983385587727511 ], [ -83.003470867247998, 39.983385454830746 ], [ -83.00343585266755, 39.982841904353315 ], [ -83.003444827591025, 39.982613773802576 ], [ -83.003988629906559, 39.982636482604583 ], [ -83.003759648202134, 39.981467702462254 ], [ -83.003626447510172, 39.981368386125602 ], [ -83.003688998563106, 39.980863647909651 ], [ -83.003550318938068, 39.979985730141586 ], [ -83.003291493929638, 39.97996982072776 ], [ -83.002441575105564, 39.975667608590499 ], [ -83.0025542561809, 39.975658271890374 ], [ -83.002220763028248, 39.974212836550585 ], [ -83.001352219979154, 39.974522751348545 ], [ -83.001067731032421, 39.974557183054927 ], [ -83.000906951172155, 39.97467563807659 ], [ -83.000547930866475, 39.974715876035432 ], [ -83.000474317644844, 39.974700816804017 ], [ -83.000472853849757, 39.974693553557351 ], [ -83.00047347213885, 39.974693704936101 ], [ -83.000540271616543, 39.974707370268682 ], [ -83.000543770391204, 39.974707942089964 ], [ -83.000547331417394, 39.974707683551465 ], [ -83.000899136017452, 39.974668254320228 ], [ -83.000902693797599, 39.974667710134781 ], [ -83.000905439576627, 39.974665886439588 ], [ -83.001031236638482, 39.974573205140587 ], [ -83.001042165428188, 39.97456593249499 ], [ -83.001053994011954, 39.974559547304011 ], [ -83.001066601144615, 39.9745541150169 ], [ -83.001079857600843, 39.974549691315488 ], [ -83.001093627499742, 39.974546321543428 ], [ -83.001107769697626, 39.974544040241433 ], [ -83.001344876544707, 39.974515343156483 ], [ -83.001348000983299, 39.974514854227728 ], [ -83.00135097280311, 39.97451393838957 ], [ -83.00158447554422, 39.974432420587547 ], [ -83.001655547993636, 39.974407616501452 ], [ -83.001797945589061, 39.974357914455581 ], [ -83.001870214179149, 39.974332665928507 ], [ -83.001943240313508, 39.97430718690967 ], [ -83.002018997963816, 39.97428071957556 ], [ -83.002089842475087, 39.974256010196243 ], [ -83.002225347788581, 39.974208705876599 ], [ -83.002228457878246, 39.974207473308006 ], [ -83.002230671236433, 39.974204974040731 ], [ -83.002234203384859, 39.97420053788121 ], [ -83.002243013659879, 39.974191648573793 ], [ -83.002252953017177, 39.974183494508395 ], [ -83.002263918441713, 39.974176160196315 ], [ -83.002275796284039, 39.9741697216527 ], [ -83.00228846343829, 39.974164245608641 ], [ -83.00230178861797, 39.974159788819563 ], [ -83.002315633716677, 39.974156397476989 ], [ -83.002329855239537, 39.974154106729848 ], [ -83.002790951728485, 39.974098508722832 ], [ -83.002794216072672, 39.974097988145004 ], [ -83.002793878957533, 39.974095436425465 ], [ -83.002767515675941, 39.973961430142062 ], [ -83.002766848226187, 39.973958890070001 ], [ -83.002759963773585, 39.973958932344161 ], [ -83.002746202355752, 39.973958505562514 ], [ -83.002732558480716, 39.973957060253142 ], [ -83.002719159203792, 39.973954609875157 ], [ -83.002706129302496, 39.973951177247095 ], [ -83.002693590114603, 39.973946794334474 ], [ -83.002681658408179, 39.973941501952133 ], [ -83.002670445294143, 39.97393534938405 ], [ -83.002660055191683, 39.973928393924496 ], [ -83.002650584855758, 39.973920700344507 ], [ -83.002642122476189, 39.973912340288535 ], [ -83.002634746856344, 39.973903391607514 ], [ -83.002628526679345, 39.973893937633683 ], [ -83.002623519868493, 39.973884066404722 ], [ -83.002619773047826, 39.9738738698438 ], [ -83.002617321108062, 39.973863442903657 ], [ -83.00261618688161, 39.973852882682273 ], [ -83.002616380930064, 39.973842287518814 ], [ -83.002617901445788, 39.973831756077701 ], [ -83.002620734268817, 39.973821386430018 ], [ -83.002624853018716, 39.973811275140037 ], [ -83.002630219340318, 39.973801516366201 ], [ -83.002636783260812, 39.973792200984171 ], [ -83.002644483655246, 39.973783415740591 ], [ -83.002653248815619, 39.973775242445399 ], [ -83.002662997118719, 39.973767757209856 ], [ -83.002673637786245, 39.973761029737915 ], [ -83.002685071730085, 39.973755122676991 ], [ -83.002697192475111, 39.973750091034724 ], [ -83.00271801352649, 39.973742421387861 ], [ -83.002720989135227, 39.973741183802588 ], [ -83.002720644212772, 39.973738594918899 ], [ -83.002703440936259, 39.973651727957069 ], [ -83.002702024340024, 39.973641168001606 ], [ -83.002701939791308, 39.973630552150667 ], [ -83.002703188079806, 39.973619979631778 ], [ -83.002705757537015, 39.973609549267437 ], [ -83.002709624145382, 39.973599358551326 ], [ -83.002714751762767, 39.973589502737127 ], [ -83.002721092460305, 39.973580073948057 ], [ -83.00272858697042, 39.973571160315899 ], [ -83.002737165240873, 39.973562845157119 ], [ -83.002746747089446, 39.973555206194263 ], [ -83.002757242953493, 39.973548314829323 ], [ -83.002768554727112, 39.973542235476444 ], [ -83.002780576678077, 39.973537024959811 ], [ -83.002793196436201, 39.973532731982488 ], [ -83.002806296043559, 39.973529396671289 ], [ -83.002819753057182, 39.973527050201582 ], [ -83.002833441693383, 39.973525714505968 ], [ -83.002847234003539, 39.973525402069299 ], [ -83.002861001069988, 39.97352611581195 ], [ -83.002874614210995, 39.973527849062506 ], [ -83.002887946183606, 39.973530585620182 ], [ -83.002900872372905, 39.973534299906156 ], [ -83.002913271956785, 39.97353895720272 ], [ -83.002925029035353, 39.973544513977778 ], [ -83.002936033714121, 39.973550918291771 ], [ -83.0029461831313, 39.973558110283044 ], [ -83.002955382419188, 39.97356602272751 ], [ -83.002963545590958, 39.973574581666838 ], [ -83.002970596344355, 39.973583707099912 ], [ -83.002976468774875, 39.973593313730511 ], [ -83.002981107991857, 39.973603311764492 ], [ -83.002982147861033, 39.973605949042813 ], [ -83.002983716642134, 39.973608242703961 ], [ -83.003004617216178, 39.973635569982662 ], [ -83.003006493038939, 39.973637766694765 ], [ -83.00300989317364, 39.973637511587313 ], [ -83.003314440387086, 39.973602910900581 ], [ -83.003340279353367, 39.973599975788368 ], [ -83.00336981684697, 39.973596620282365 ], [ -83.003585913484471, 39.973572069204153 ], [ -83.003704639952772, 39.973558578668069 ], [ -83.003822013103786, 39.973545243455092 ], [ -83.003848996299595, 39.973542177834865 ], [ -83.003879622316148, 39.973538697782139 ], [ -83.004376434396733, 39.97348225049538 ], [ -83.004379717039598, 39.973481750885341 ], [ -83.004380083946671, 39.973479191882689 ], [ -83.004394656338746, 39.973296193490562 ], [ -83.004410487322005, 39.973099300384902 ], [ -83.004419845665126, 39.972982342418568 ], [ -83.004425454080234, 39.972912253622894 ], [ -83.004425497263242, 39.972909592234856 ], [ -83.004425027853387, 39.972908686835751 ], [ -83.004420308833289, 39.972900740613532 ], [ -83.004415772603892, 39.972890572742472 ], [ -83.004412550400758, 39.972880112322564 ], [ -83.0044106731075, 39.972869459614856 ], [ -83.004410158716937, 39.972858716723415 ], [ -83.004411012158798, 39.972847986616621 ], [ -83.004413225252392, 39.972837372140255 ], [ -83.004416776785064, 39.972826975031801 ], [ -83.004421632715548, 39.972816894945289 ], [ -83.004427746500312, 39.972807228496045 ], [ -83.004435059539603, 39.972798068334811 ], [ -83.004436813338813, 39.972796095133361 ], [ -83.004437200271255, 39.972793475008693 ], [ -83.004445088160566, 39.972699470315156 ], [ -83.004453014261316, 39.972604991890044 ], [ -83.004453117683056, 39.972603754598872 ], [ -83.004461211895176, 39.972507278983649 ], [ -83.00446884760828, 39.972416267043194 ], [ -83.004473658140427, 39.972416449099391 ] ] ], [ [ [ -83.002699516636923, 39.972777527908079 ], [ -83.002713739693249, 39.972777809005009 ], [ -83.002727855697003, 39.972779178259849 ], [ -83.002741724360803, 39.972781622064716 ], [ -83.002755207855373, 39.972785116132641 ], [ -83.002768172179259, 39.972789625738933 ], [ -83.002780488490544, 39.972795106066272 ], [ -83.002792034387298, 39.972801502650206 ], [ -83.002802695124046, 39.972808751920276 ], [ -83.00281236475206, 39.97281678183186 ], [ -83.002818958144928, 39.972822836473654 ], [ -83.002827476112685, 39.972831494436015 ], [ -83.0028348409774, 39.972840757351435 ], [ -83.002840980716741, 39.97285053463672 ], [ -83.002845835288923, 39.972860730678683 ], [ -83.002849357219915, 39.97287124576895 ], [ -83.002851512067679, 39.972881977079076 ], [ -83.002852278759065, 39.972892819666157 ], [ -83.002851649795815, 39.972903667499068 ], [ -83.002849631328004, 39.972914414495293 ], [ -83.002846466446599, 39.972924260690654 ], [ -83.002846272892796, 39.972925021759124 ], [ -83.002842979228419, 39.972935310312877 ], [ -83.002838411979084, 39.972945306713896 ], [ -83.002832613674045, 39.972954917876656 ], [ -83.002825638306106, 39.972964054302878 ], [ -83.002817550828837, 39.972972630914938 ], [ -83.002808426551766, 39.972980567848118 ], [ -83.002798350439107, 39.972987791194384 ], [ -83.002787416318569, 39.97299423369045 ], [ -83.00277572600767, 39.972999835344261 ], [ -83.002763388365565, 39.973004543993639 ], [ -83.002750518279441, 39.973008315791972 ], [ -83.002739322559847, 39.973010675710341 ], [ -83.002737235594566, 39.973011115616529 ], [ -83.00272366399841, 39.973012917395501 ], [ -83.002709929868786, 39.973013704350869 ], [ -83.002696161097006, 39.973013469154573 ], [ -83.002682485896983, 39.973012213996704 ], [ -83.002669031611319, 39.973009950565235 ], [ -83.00265592352541, 39.973006699937088 ], [ -83.002643283700792, 39.973002492381859 ], [ -83.002631229838599, 39.97299736708009 ], [ -83.002619874183409, 39.972991371758162 ], [ -83.002609322478051, 39.972984562244079 ], [ -83.002599672979017, 39.972977001947577 ], [ -83.002591015541327, 39.972968761269513 ], [ -83.002583430782025, 39.972959916946365 ], [ -83.002576989329299, 39.972950551335813 ], [ -83.00257175116495, 39.972940751649531 ], [ -83.002567765065749, 39.972930609141365 ], [ -83.002565068149323, 39.972920218257293 ], [ -83.002561826341562, 39.972903583520051 ], [ -83.002560420605022, 39.972892690493623 ], [ -83.002560431535159, 39.97288174390966 ], [ -83.002561859022691, 39.972870852557733 ], [ -83.002564688880256, 39.972860124678533 ], [ -83.002568892983476, 39.972849666887967 ], [ -83.002574429550506, 39.97283958311781 ], [ -83.002581243557216, 39.97282997358262 ], [ -83.002589267284122, 39.972820933783908 ], [ -83.002598420989386, 39.972812553560992 ], [ -83.002608613701327, 39.972804916198136 ], [ -83.002619744122526, 39.972798097596929 ], [ -83.002631701636474, 39.972792165521923 ], [ -83.002644367407029, 39.972787178927149 ], [ -83.002657615559301, 39.972783187370332 ], [ -83.002671314430671, 39.972780230520264 ], [ -83.002685327879263, 39.972778337762655 ], [ -83.002699516636923, 39.972777527908079 ] ] ], [ [ [ -83.00314284805782, 39.972128701786183 ], [ -83.002971137452164, 39.972148620102217 ], [ -83.002983088609767, 39.972143695954188 ], [ -83.002995961523496, 39.972139579077805 ], [ -83.003009295069802, 39.972136448140255 ], [ -83.003022962027956, 39.972134333015028 ], [ -83.003134971550011, 39.972121339962655 ], [ -83.00314552250407, 39.972119676353714 ], [ -83.00315940681412, 39.972118030177853 ], [ -83.003173434211803, 39.972117442212699 ], [ -83.003187468784063, 39.972117918155142 ], [ -83.003201374548411, 39.972119453393702 ], [ -83.00320549815261, 39.972120233141879 ], [ -83.00314284805782, 39.972128701786183 ] ] ], [ [ [ -83.003975098090933, 39.970271330175152 ], [ -83.003992871234047, 39.970369287343402 ], [ -83.003985262473151, 39.970368735315262 ], [ -83.00397124420013, 39.970366614351789 ], [ -83.003957571781498, 39.97036342562847 ], [ -83.003944382235929, 39.970359201101246 ], [ -83.003931807742958, 39.970353983106392 ], [ -83.003919974318208, 39.970347823936244 ], [ -83.003909000550607, 39.970340785315123 ], [ -83.003898996413866, 39.970332937780903 ], [ -83.003890062164459, 39.970324359977838 ], [ -83.003882287336765, 39.970315137868667 ], [ -83.003875749845989, 39.970305363872939 ], [ -83.003870515207169, 39.970295135940937 ], [ -83.003866635878765, 39.970284556572153 ], [ -83.003864150736874, 39.970273731787756 ], [ -83.003863946578065, 39.970271632516017 ], [ -83.003975098090933, 39.970271330175152 ] ] ], [ [ [ -83.004289565266291, 39.971081733159039 ], [ -83.00428552673182, 39.971074229318617 ], [ -83.004275429234539, 39.971052550847794 ], [ -83.004272416065177, 39.971044915594995 ], [ -83.004289565266291, 39.971081733159039 ] ] ], [ [ [ -83.004455042672475, 39.970915147217362 ], [ -83.004365785788181, 39.970911147280162 ], [ -83.004376161107857, 39.970908790192688 ], [ -83.004389985732857, 39.970906761549863 ], [ -83.004404002831365, 39.970905790430947 ], [ -83.004418076089792, 39.970905886279887 ], [ -83.004419327130805, 39.970905942343649 ], [ -83.004433599119992, 39.970907138444289 ], [ -83.004447642713799, 39.970909431717871 ], [ -83.004452944023825, 39.970910737259715 ], [ -83.004455042672475, 39.970915147217362 ] ] ], [ [ [ -83.00444498738419, 39.971415406482592 ], [ -83.004437621093217, 39.97141512124368 ], [ -83.004438171491827, 39.971413468723597 ], [ -83.004438925712279, 39.971411874025094 ], [ -83.004440632712289, 39.971407614779871 ], [ -83.004439623976424, 39.971405057313838 ], [ -83.004416137222762, 39.971354633617779 ], [ -83.004413133683869, 39.971347020550716 ], [ -83.00444498738419, 39.971415406482592 ] ] ] ] } },
{ "type": "Feature", "properties": { "name": "University District", "type": "survey stratum", "source": "University District SID", "area_sqmi": 0.137 }, "geometry": { "type": "Polygon", "coordinates": [ [ [ -83.006200862158835, 39.990590777432004 ], [ -83.006313737446959, 39.990588443439918 ], [ -83.006960687843076, 39.990615299651253 ], [ -83.007350736564177, 39.990633605261351 ], [ -83.007349899763611, 39.990648407344693 ], [ -83.00733535595009, 39.990856007182714 ], [ -83.007329590999348, 39.990937367366662 ], [ -83.007537610059217, 39.990946132107069 ], [ -83.007532919667824, 39.991030938917604 ], [ -83.007511564399579, 39.991380743686896 ], [ -83.007378226026105, 39.991375236206409 ], [ -83.007376314453637, 39.991431250944501 ], [ -83.007352477427517, 39.991833039746744 ], [ -83.007352839932835, 39.991921775804038 ], [ -83.007682034812859, 39.991934207236554 ], [ -83.00768107163843, 39.992012769060153 ], [ -83.00765559351396, 39.992433164113152 ], [ -83.007654185770292, 39.992476700956388 ], [ -83.007489321345844, 39.992470741798385 ], [ -83.007490105594925, 39.992499067217963 ], [ -83.007466344109275, 39.992911314724225 ], [ -83.007459324236919, 39.99300362128244 ], [ -83.008074752341557, 39.993028744254303 ], [ -83.008070191214202, 39.993101378284493 ], [ -83.008038006446895, 39.993578418459634 ], [ -83.007617029054657, 39.993560954018704 ], [ -83.007619019498051, 39.99363254106062 ], [ -83.007591197529152, 39.994024289357895 ], [ -83.007588691949195, 39.99412494693572 ], [ -83.007510377410952, 39.994184883692313 ], [ -83.007609076634452, 39.994673889204307 ], [ -83.007719557019016, 39.99522691345075 ], [ -83.007729280628027, 39.995306159385279 ], [ -83.007118514091417, 39.995284562928497 ], [ -83.007222971788536, 39.995756828688435 ], [ -83.007440024592611, 39.996837486164281 ], [ -83.007960864503133, 39.999484042494871 ], [ -83.008058643794982, 40.000066417381163 ], [ -83.008362125426046, 40.001588668480878 ], [ -83.00840944161834, 40.001859685810231 ], [ -83.008543241353678, 40.002436687344819 ], [ -83.008679464977391, 40.003198154229182 ], [ -83.00879796539374, 40.003732671709159 ], [ -83.008868444441973, 40.004095002225924 ], [ -83.009035450952794, 40.004964218750622 ], [ -83.009240280129575, 40.006074295057999 ], [ -83.00991449706386, 40.006044871428976 ], [ -83.010040087806615, 40.006132093162165 ], [ -83.011258124017132, 40.006185817572671 ], [ -83.011413453366558, 40.006192004016697 ], [ -83.013212139017526, 40.006273647264408 ], [ -83.014084530266572, 40.006314027173758 ], [ -83.014513490477, 40.006345639479591 ], [ -83.014761314505392, 40.006356907360463 ], [ -83.014759829234279, 40.00637883811283 ], [ -83.016155175850756, 40.006421623744664 ], [ -83.016156327958271, 40.006397314950661 ], [ -83.016373430952314, 40.006406652007804 ], [ -83.016442371457472, 40.006412663188989 ], [ -83.017088697901357, 40.006439466843347 ], [ -83.017088034609245, 40.006446332629864 ], [ -83.017254442567648, 40.006453834236375 ], [ -83.017224688604969, 40.006869068670923 ], [ -83.016897230805796, 40.006854003717898 ], [ -83.016718706907142, 40.006849299164678 ], [ -83.01670085357253, 40.007158764104048 ], [ -83.016589253509323, 40.007154579019101 ], [ -83.01658193130875, 40.007320835727917 ], [ -83.015941641187922, 40.007291637658817 ], [ -83.01585608412509, 40.00728783369501 ], [ -83.014834586418004, 40.007241428109666 ], [ -83.014283979891317, 40.007216857821255 ], [ -83.014325668068764, 40.006986103754706 ], [ -83.014780550035042, 40.007006057171168 ], [ -83.014786768477293, 40.006905822197751 ], [ -83.014344134896334, 40.006883897697513 ], [ -83.014359425589177, 40.006799265290539 ], [ -83.014370443991581, 40.00674486170368 ], [ -83.014075083557657, 40.006822470756354 ], [ -83.0131766137211, 40.006780287273997 ], [ -83.012204577342871, 40.006734648678687 ], [ -83.011311220275545, 40.006692694317394 ], [ -83.011265328991641, 40.006690201234193 ], [ -83.01123398000189, 40.00707644756465 ], [ -83.010143007036476, 40.00702162420427 ], [ -83.010070872989516, 40.007018367442029 ], [ -83.010096933167901, 40.007164570971774 ], [ -83.009817301081782, 40.007150597040145 ], [ -83.009807527808533, 40.007276182987326 ], [ -83.010121625455341, 40.007287970876718 ], [ -83.010171790955752, 40.007538684136406 ], [ -83.009643191152264, 40.007516890220124 ], [ -83.009518059601533, 40.007513908158835 ], [ -83.009633865959316, 40.008009800157673 ], [ -83.009655217563193, 40.008099229061173 ], [ -83.009769697707824, 40.008104558350503 ], [ -83.010437157318421, 40.008138992051194 ], [ -83.010510367029156, 40.008142792403923 ], [ -83.010652482969206, 40.008150167614886 ], [ -83.010689331062707, 40.008595512223948 ], [ -83.010639382053526, 40.008647886261208 ], [ -83.010887930850956, 40.008660012092498 ], [ -83.010854188090036, 40.009068979818259 ], [ -83.010931087906371, 40.009238600003982 ], [ -83.010914272709556, 40.009474351916609 ], [ -83.010860699809186, 40.009473764516613 ], [ -83.010786562241506, 40.009461208816759 ], [ -83.0101585391767, 40.009557502537213 ], [ -83.009903454720131, 40.009519932614687 ], [ -83.009432123253916, 40.009499200334183 ], [ -83.009348858730775, 40.009473740267367 ], [ -83.00914457024885, 40.009463823072167 ], [ -83.009171593200037, 40.009155608742013 ], [ -83.00922701957812, 40.009021046457931 ], [ -83.009018831309504, 40.009010518215803 ], [ -83.00903921198514, 40.008724257775299 ], [ -83.009038175146145, 40.008678843129211 ], [ -83.00886211724368, 40.008669979298944 ], [ -83.008883875071149, 40.008378344184685 ], [ -83.008806090506482, 40.00823789270887 ], [ -83.00882820545479, 40.007939997481635 ], [ -83.008796355271357, 40.007881756165091 ], [ -83.008698868309096, 40.007877510531969 ], [ -83.008451341201521, 40.007867719112582 ], [ -83.008484999580929, 40.007346056424787 ], [ -83.00846771550907, 40.007177056342435 ], [ -83.008500220182597, 40.006692707441267 ], [ -83.008114703587225, 40.006648153771785 ], [ -83.008148191876771, 40.006149075195061 ], [ -83.008162436991029, 40.00595000583904 ], [ -83.008194908694861, 40.005508627311947 ], [ -83.008026079245255, 40.005500734279082 ], [ -83.00802489070135, 40.005447453154495 ], [ -83.008053762052057, 40.005003555769477 ], [ -83.008058131211513, 40.004928585728663 ], [ -83.007440010734342, 40.004895632097586 ], [ -83.007492348153932, 40.004046603528636 ], [ -83.007903291000702, 40.004065278358929 ], [ -83.007891686938564, 40.003975873505361 ], [ -83.007890887314986, 40.003920987531167 ], [ -83.007886665217768, 40.003630982962981 ], [ -83.007884181527828, 40.003604120441906 ], [ -83.007842543283132, 40.003601580611729 ], [ -83.007843503248566, 40.003586478148648 ], [ -83.007769589378285, 40.003582917862822 ], [ -83.007788008538114, 40.003221554980044 ], [ -83.007791942012787, 40.003148639342207 ], [ -83.007578779258708, 40.003138294931922 ], [ -83.007580216845213, 40.003068363099111 ], [ -83.007617692447113, 40.002580804888112 ], [ -83.007610041176292, 40.002522115386192 ], [ -83.007535868431262, 40.002523678011549 ], [ -83.007443821866232, 40.002038320532478 ], [ -83.007434790951208, 40.001977347545633 ], [ -83.00727450472705, 40.001996485255198 ], [ -83.007270127129942, 40.001916164428557 ], [ -83.007197456922611, 40.001537150624884 ], [ -83.007477392058163, 40.001503940402841 ], [ -83.007384350968678, 40.000901298488927 ], [ -83.007058653559554, 40.000976881305228 ], [ -83.006223209133296, 40.001139742835768 ], [ -83.005825553367288, 40.001155427386763 ], [ -83.005825765124172, 40.001060862015137 ], [ -83.005840357184724, 40.000515886891137 ], [ -83.005931716449339, 40.000513295690972 ], [ -83.005970324245936, 40.000033146789512 ], [ -83.005967202282235, 39.999958582748143 ], [ -83.00689808395488, 40.000006629897207 ], [ -83.006900052987021, 39.999917972295343 ], [ -83.006883310642777, 39.999433981114883 ], [ -83.006659782411191, 39.999422798995951 ], [ -83.006684075275132, 39.998937165276708 ], [ -83.006686853836499, 39.998867940872358 ], [ -83.006741931512408, 39.998870776150319 ], [ -83.006750734738148, 39.998776952665736 ], [ -83.006775267536042, 39.998372459187586 ], [ -83.006614957864954, 39.998365113722897 ], [ -83.006618112683256, 39.998310699617669 ], [ -83.006647304405092, 39.997909889431796 ], [ -83.006648882355506, 39.997838377152476 ], [ -83.006487483969494, 39.997830426482075 ], [ -83.00648437119203, 39.997737755871881 ], [ -83.006512463718863, 39.997331307865828 ], [ -83.006505371720024, 39.997311201032275 ], [ -83.006429634930839, 39.997307407317273 ], [ -83.006427464022664, 39.997276598551068 ], [ -83.006456567976002, 39.996861895356176 ], [ -83.006463627124774, 39.996787102690156 ], [ -83.006240862293836, 39.996775531032434 ], [ -83.006245374179045, 39.996681709809216 ], [ -83.006273138818571, 39.996327655224945 ], [ -83.006334201055651, 39.996331508724012 ], [ -83.006338095190642, 39.996278257728875 ], [ -83.006339494878347, 39.996245217072499 ], [ -83.006089089540197, 39.996234520876271 ], [ -83.006082764013215, 39.996211254859368 ], [ -83.006115703559331, 39.995784517805163 ], [ -83.006122623472137, 39.995711954819448 ], [ -83.00596731560799, 39.995704624754161 ], [ -83.005972778870373, 39.9956142101355 ], [ -83.006003823256535, 39.995223351942407 ], [ -83.006093660964538, 39.995227280578881 ], [ -83.006099811177037, 39.995170741510258 ], [ -83.006124082476845, 39.994828035503801 ], [ -83.006124375502779, 39.99475994482772 ], [ -83.004592283592885, 39.994685331660691 ], [ -83.004599788618123, 39.994596073734861 ], [ -83.004648694513236, 39.993958710798488 ], [ -83.004519188330747, 39.993951378696252 ], [ -83.004540195014144, 39.993967752152315 ], [ -83.004536338957521, 39.994026094291385 ], [ -83.004452608398267, 39.994022819112203 ], [ -83.004451213601115, 39.994043914534977 ], [ -83.00374433854445, 39.994016268501902 ], [ -83.003781227497029, 39.993458355286791 ], [ -83.003748831658427, 39.993364551033601 ], [ -83.003787810200677, 39.992774005655669 ], [ -83.004091606940477, 39.992782554602051 ], [ -83.004108032431262, 39.992557427077934 ], [ -83.003958918529705, 39.992550660404056 ], [ -83.003974726027806, 39.992268232162772 ], [ -83.003849762475596, 39.992263436753909 ], [ -83.003848646350974, 39.992201426010638 ], [ -83.003839886170482, 39.992126962467019 ], [ -83.003863861750901, 39.99173710022238 ], [ -83.003864167355104, 39.991712242977272 ], [ -83.005743109221186, 39.991782630156493 ], [ -83.005699424843257, 39.991402722802682 ], [ -83.005696297146727, 39.991375523354428 ], [ -83.00566864178397, 39.991329786253779 ], [ -83.005444338383441, 39.990320798236915 ], [ -83.005450030981009, 39.990319667080804 ], [ -83.005456254776277, 39.990319681468577 ], [ -83.006124810581142, 39.990185581771826 ], [ -83.006200862158835, 39.990590777432004 ] ] ] } },
{ "type": "Feature", "properties": { "name": "Brewery District / German Village", "type": "survey stratum", "source": "Historic districts", "area_sqmi": 0.923 }, "geometry": { "type": "MultiPolygon", "coordinates": [ [ [ [ -82.996653006033313, 39.952807268514704 ], [ -82.987226915294627, 39.952383036797734 ], [ -82.987379176310071, 39.950446400855192 ], [ -82.988799086110674, 39.950508990370409 ], [ -82.988917518979363, 39.948949111753862 ], [ -82.989305913009886, 39.948969287500589 ], [ -82.989020368124386, 39.947470256160905 ], [ -82.988850456349269, 39.947461625382189 ], [ -82.989009595782406, 39.945938942704323 ], [ -82.989899511129224, 39.945975698177868 ], [ -82.990026962369186, 39.944555862753973 ], [ -82.989423205985361, 39.944523546628467 ], [ -82.989979808593333, 39.938888050414107 ], [ -82.994434669430049, 39.939128091841503 ], [ -82.994429688023544, 39.93907900082332 ], [ -82.995261455713802, 39.939114669781716 ], [ -82.997881664784316, 39.952693126958849 ], [ -82.996972803595625, 39.952849506044899 ], [ -82.996766438554729, 39.952831681486607 ], [ -82.996653006033313, 39.952807268514704 ] ] ], [ [ [ -82.996294308559897, 39.939777678142377 ], [ -82.996247669988534, 39.939539040614882 ], [ -82.996733947577539, 39.939488889087585 ], [ -82.997591938553583, 39.939406518961277 ], [ -82.997815188073801, 39.939406119353897 ], [ -82.999075117274401, 39.939398845529013 ], [ -82.999085243052932, 39.939495499877133 ], [ -82.999050191996588, 39.939580750444158 ], [ -82.999005957881522, 39.939780682205146 ], [ -82.999036127577327, 39.939981269244242 ], [ -82.999110787907043, 39.940259419024542 ], [ -82.999200992660576, 39.940405046345838 ], [ -82.999205002529195, 39.940466797341195 ], [ -82.999121068843806, 39.940511592083489 ], [ -82.999055043961661, 39.940567120279582 ], [ -82.998962927240157, 39.94071403754721 ], [ -82.99893120534125, 39.940828613725792 ], [ -82.998928329460668, 39.940986748234664 ], [ -82.999018239586619, 39.941029330801186 ], [ -82.999105542085431, 39.941019007116019 ], [ -82.99913113744941, 39.940920585954295 ], [ -82.999125210982982, 39.940716093272435 ], [ -82.999216885116326, 39.940654870905888 ], [ -82.999369314932451, 39.940627034844411 ], [ -82.999533491875681, 39.940706289988142 ], [ -82.999650206643139, 39.940880800752993 ], [ -82.999801678407039, 39.941052932382412 ], [ -82.999923382536295, 39.941115040161996 ], [ -83.000156793986918, 39.941212872649942 ], [ -83.00048981783884, 39.941647769873335 ], [ -83.000552628368297, 39.941640982014988 ], [ -83.00083914048524, 39.941683682425598 ], [ -83.001057041527119, 39.941793932763488 ], [ -83.001323997827427, 39.941844436860428 ], [ -83.001614976501017, 39.941949741754634 ], [ -83.001638666583332, 39.942020157482389 ], [ -83.001721597407382, 39.942021517677105 ], [ -83.001777306641216, 39.942080988531067 ], [ -83.002083328981129, 39.942602469728435 ], [ -83.002184177921464, 39.942924429462778 ], [ -83.002571864190912, 39.943640813236492 ], [ -83.002718182220008, 39.943776418888753 ], [ -83.002838524184128, 39.9438515556661 ], [ -83.003054805810734, 39.943842576535957 ], [ -83.003524411121958, 39.94392583341822 ], [ -83.003833203015702, 39.944026939422372 ], [ -83.004062523206457, 39.944050146882375 ], [ -83.004377115683312, 39.944028719980707 ], [ -83.004688987183982, 39.944062208932927 ], [ -83.00515070324397, 39.944102772358093 ], [ -83.005393654034421, 39.944161091007999 ], [ -83.005659637419001, 39.944198891969734 ], [ -83.005865306097036, 39.944218765446699 ], [ -83.005976575294426, 39.944254489327648 ], [ -83.007098129644305, 39.944522940428627 ], [ -83.008655221407196, 39.945052649153894 ], [ -83.009317849781212, 39.945329192448703 ], [ -83.009641159530858, 39.945523042813889 ], [ -83.010000001571626, 39.945698376117342 ], [ -83.010245088073432, 39.945803688863698 ], [ -83.010434003501686, 39.945909071680546 ], [ -83.010465536293466, 39.945771330234066 ], [ -83.010597883325161, 39.945640871373783 ], [ -83.010716440080543, 39.945514935149312 ], [ -83.010742315683075, 39.945456658034871 ], [ -83.010758066966659, 39.945355531174052 ], [ -83.010747225627753, 39.9452754522693 ], [ -83.010810593459411, 39.945223016585224 ], [ -83.010889248713028, 39.945188188798092 ], [ -83.010976179504596, 39.945187467044043 ], [ -83.011225824253643, 39.945366705499808 ], [ -83.01177529119245, 39.946060905364966 ], [ -83.012067077119255, 39.946634582975349 ], [ -83.012517336971015, 39.948020492473425 ], [ -83.01255284903246, 39.948362286107674 ], [ -83.012442097407089, 39.949003089969878 ], [ -83.012263201948429, 39.950016853889657 ], [ -83.012237452173878, 39.950334379175985 ], [ -83.012113723881328, 39.95090901188734 ], [ -83.011930328271475, 39.951373407753017 ], [ -83.011717112267803, 39.951724523651031 ], [ -83.011579309263624, 39.952083888154206 ], [ -83.011454346168136, 39.95230013906103 ], [ -83.010353612832347, 39.952661870964029 ], [ -83.009633853546703, 39.952865125169367 ], [ -83.009213250221194, 39.952955347978786 ], [ -83.008724784284809, 39.953033508351652 ], [ -83.007052181001328, 39.953232656641028 ], [ -83.005568891455908, 39.953343676671338 ], [ -83.003812940691972, 39.953342527776094 ], [ -83.002956491224552, 39.953287489483934 ], [ -83.002377190526616, 39.953220629952938 ], [ -83.001127053506622, 39.952960523468569 ], [ -83.000419387965039, 39.952854737591672 ], [ -82.999777097419042, 39.952765406761586 ], [ -82.999037414250765, 39.952743445877495 ], [ -82.998558730812775, 39.952720370661197 ], [ -82.997917763188951, 39.952815160174147 ], [ -82.997900210183559, 39.952687258851945 ], [ -82.995485132297446, 39.939845133817926 ], [ -82.996294308559897, 39.939777678142377 ] ] ] ] } },
{ "type": "Feature", "properties": { "name": "Franklinton", "type": "survey stratum", "source": "Franklinton SID", "area_sqmi": 0.356 }, "geometry": { "type": "Polygon", "coordinates": [ [ [ -83.009112930038071, 39.956318952005155 ], [ -83.008718182001957, 39.955607711700523 ], [ -83.008840773900829, 39.955535072830948 ], [ -83.008960411600256, 39.955464184007205 ], [ -83.009239352192381, 39.955799799502216 ], [ -83.009465364604225, 39.955705650180548 ], [ -83.009693955304556, 39.955615262959498 ], [ -83.009918120088244, 39.955529454535636 ], [ -83.010324931716042, 39.955363837903434 ], [ -83.010523438209376, 39.955274227460933 ], [ -83.010699417438246, 39.955189642212915 ], [ -83.010958482621291, 39.955055545280494 ], [ -83.011163414615396, 39.954941252136592 ], [ -83.011363459247136, 39.954821940764937 ], [ -83.011558409098583, 39.954697735483698 ], [ -83.011748061464502, 39.954568764194185 ], [ -83.011932220719288, 39.954435161972398 ], [ -83.012005536078888, 39.95437948421273 ], [ -83.012049672868415, 39.95459453459825 ], [ -83.012286364194196, 39.954586344801058 ], [ -83.014394045681939, 39.954329506314103 ], [ -83.014536662495615, 39.955043182285856 ], [ -83.014559687315966, 39.9551174753989 ], [ -83.014663577595201, 39.955659196763186 ], [ -83.015228493268822, 39.955594677687458 ], [ -83.015665079373719, 39.955542247431154 ], [ -83.015840427862855, 39.955521162394028 ], [ -83.016223553753179, 39.955475003964729 ], [ -83.016651940806895, 39.955423430199637 ], [ -83.016788860245995, 39.956109107195807 ], [ -83.01696545251481, 39.956089409221526 ], [ -83.017355364332317, 39.956042187769306 ], [ -83.017373190379701, 39.956129056566105 ], [ -83.01778342435324, 39.956080026532632 ], [ -83.017886010311315, 39.956068796550589 ], [ -83.01797722069422, 39.956673672543566 ], [ -83.017592655394751, 39.956724353482912 ], [ -83.017499611269969, 39.956735095294079 ], [ -83.0171615750981, 39.956776404533386 ], [ -83.016924244287168, 39.956783577497951 ], [ -83.016102391865203, 39.956884098532086 ], [ -83.015534489725951, 39.957036091996315 ], [ -83.015140139417895, 39.957149671727848 ], [ -83.014980375247134, 39.957204179015406 ], [ -83.014782242459859, 39.957226672249242 ], [ -83.01439730651704, 39.957270372345221 ], [ -83.014473443701092, 39.957634105420432 ], [ -83.01524112229059, 39.957538497356303 ], [ -83.015264942120467, 39.957671810244108 ], [ -83.015371913485481, 39.958194850059336 ], [ -83.016267875980532, 39.958080004841314 ], [ -83.016271209721268, 39.958096460432053 ], [ -83.017175755788301, 39.9579851406911 ], [ -83.017355798779121, 39.957971170424109 ], [ -83.01738176421037, 39.958104747219124 ], [ -83.017436177957649, 39.95837051722912 ], [ -83.017490973913013, 39.958638206600185 ], [ -83.017882647089081, 39.95858816298891 ], [ -83.018591675479726, 39.958513007083887 ], [ -83.018595307985933, 39.958169840951804 ], [ -83.01873785585471, 39.957354229577945 ], [ -83.018847584628261, 39.957120211946702 ], [ -83.01889591855165, 39.956957955164448 ], [ -83.018925565721858, 39.956781483107356 ], [ -83.018848511378508, 39.95641484405337 ], [ -83.019012995822365, 39.956373557411816 ], [ -83.019261726914834, 39.956343735039248 ], [ -83.019541867184913, 39.956310146129553 ], [ -83.019901153582126, 39.956268601655388 ], [ -83.020169558739397, 39.956237102323072 ], [ -83.020878416270122, 39.956153910145787 ], [ -83.021058748070729, 39.956131422594069 ], [ -83.022184955522889, 39.955995469674015 ], [ -83.022363151045496, 39.955973812818613 ], [ -83.022486500226435, 39.955959171960792 ], [ -83.022785497032245, 39.955923681002147 ], [ -83.022926992163548, 39.955906886421189 ], [ -83.023070580234034, 39.955889841864128 ], [ -83.023121173883325, 39.956115931994979 ], [ -83.023258932533082, 39.956796682950717 ], [ -83.023342298443808, 39.957208639875979 ], [ -83.023367620435366, 39.957333766558804 ], [ -83.023407270220403, 39.957604666904651 ], [ -83.023620347995191, 39.958623245261336 ], [ -83.023446059688396, 39.958649705047378 ], [ -83.02321494358516, 39.958677241182777 ], [ -83.022914824112192, 39.958712997541447 ], [ -83.022965706448574, 39.958968064782425 ], [ -83.023496772710175, 39.958906124709358 ], [ -83.023765011840453, 39.958903005677833 ], [ -83.024534491850318, 39.958809527316248 ], [ -83.024713762375413, 39.958787862135623 ], [ -83.025663942888542, 39.958673252095302 ], [ -83.025841426131606, 39.958651043795349 ], [ -83.02680044385049, 39.958526227345509 ], [ -83.026979011791781, 39.958505935347866 ], [ -83.02794666477638, 39.958391228304833 ], [ -83.028122727117037, 39.958370121737346 ], [ -83.0290864426741, 39.95825432419575 ], [ -83.029264656483406, 39.95823457970782 ], [ -83.03023015393083, 39.958119039412594 ], [ -83.030056258764461, 39.957247131945905 ], [ -83.030268794518634, 39.957227482143459 ], [ -83.030603679660516, 39.957188649592759 ], [ -83.030656784359877, 39.957182369642588 ], [ -83.030823704260541, 39.958030804340062 ], [ -83.031337501727648, 39.957987202721171 ], [ -83.031798319739778, 39.957930758765315 ], [ -83.032009332138799, 39.957908663845544 ], [ -83.033165121195637, 39.957768079931853 ], [ -83.033343683221332, 39.957747503552859 ], [ -83.034498769886767, 39.957609104559602 ], [ -83.034674812530625, 39.95758579242959 ], [ -83.035600750554082, 39.957477526686368 ], [ -83.035775023969833, 39.957455867375231 ], [ -83.03677937990129, 39.957340096520738 ], [ -83.036957245160011, 39.95732171181384 ], [ -83.037929875680746, 39.957209370865527 ], [ -83.037816946457397, 39.956657028323974 ], [ -83.038025083634935, 39.95663026763026 ], [ -83.04102562110026, 39.956259297488486 ], [ -83.041253939019327, 39.956490763237298 ], [ -83.041470190449147, 39.956363486317223 ], [ -83.041823105954862, 39.956333032565468 ], [ -83.041919168230024, 39.956300743535841 ], [ -83.041857664640489, 39.95619012259894 ], [ -83.041730069292726, 39.955826127991543 ], [ -83.041465108453949, 39.955070244067677 ], [ -83.040803810080106, 39.955197969129593 ], [ -83.040554996562307, 39.953952200039687 ], [ -83.041330654534605, 39.953856677665733 ], [ -83.041924851691391, 39.95469669351283 ], [ -83.042074960454499, 39.954962561093929 ], [ -83.043131779188741, 39.956863944188434 ], [ -83.043248660959478, 39.957075382364934 ], [ -83.042256069975053, 39.957187610220956 ], [ -83.042356349598805, 39.957286174743814 ], [ -83.042439073533529, 39.957692905818654 ], [ -83.042261950705125, 39.957714588200872 ], [ -83.041213092467217, 39.957841592052034 ], [ -83.041042745036208, 39.957863241337591 ], [ -83.04050281463573, 39.957928870180837 ], [ -83.040511673507936, 39.957966986540022 ], [ -83.039855531254489, 39.958043579058369 ], [ -83.039681251450858, 39.958064146555117 ], [ -83.039020834120109, 39.958141307960673 ], [ -83.03861842707569, 39.958188322800048 ], [ -83.038348294260501, 39.958219883050454 ], [ -83.038130778014249, 39.958185467060986 ], [ -83.037018057607256, 39.958313000891707 ], [ -83.036803515414903, 39.958340062860081 ], [ -83.036251431944635, 39.958404860361682 ], [ -83.036108499796541, 39.958421635222201 ], [ -83.035971650362526, 39.958437697626159 ], [ -83.03583051297548, 39.958454261301803 ], [ -83.03569615639384, 39.958470030995478 ], [ -83.035484429546159, 39.958492133997744 ], [ -83.035347906007118, 39.958508301363196 ], [ -83.034940197340433, 39.958557445189072 ], [ -83.034542124455754, 39.958606825603646 ], [ -83.034409181972791, 39.958623316007959 ], [ -83.0342006909883, 39.958648698347687 ], [ -83.033923422606648, 39.958682141627385 ], [ -83.033654327316384, 39.958714597789147 ], [ -83.033513523269747, 39.958731580462953 ], [ -83.033380596694826, 39.958747612994621 ], [ -83.033244480227211, 39.95876403094168 ], [ -83.033107962615105, 39.958780495585728 ], [ -83.032892694195198, 39.958806181087439 ], [ -83.032694536901246, 39.958829621537923 ], [ -83.03257586159431, 39.958843660155061 ], [ -83.032429362278293, 39.958860988908022 ], [ -83.032317817380601, 39.958874184319541 ], [ -83.032209813157309, 39.958886962774137 ], [ -83.032091487254931, 39.958900956084072 ], [ -83.031915132793998, 39.958930099261899 ], [ -83.032040385598265, 39.959565508766389 ], [ -83.031665611435969, 39.959608678998265 ], [ -83.031591825341209, 39.959230202552419 ], [ -83.031581297745745, 39.959176200168784 ], [ -83.030461768872414, 39.959300075565032 ], [ -83.029980241023139, 39.959356027718599 ], [ -83.028709601576381, 39.959503659752329 ], [ -83.028197791547029, 39.959563122072254 ], [ -83.028167296204614, 39.959399644697505 ], [ -83.027846859990603, 39.959435647410459 ], [ -83.027716767598079, 39.959450262044662 ], [ -83.027533902901197, 39.95946865427112 ], [ -83.027280818587414, 39.95949819484273 ], [ -83.027147191811153, 39.959513791128082 ], [ -83.027023143157322, 39.959528268860801 ], [ -83.026641070247507, 39.959572863536238 ], [ -83.026465340315482, 39.959591496771175 ], [ -83.026334179049897, 39.959606918948921 ], [ -83.026206211215197, 39.959621964595925 ], [ -83.0260704487753, 39.959638899495559 ], [ -83.02594960534104, 39.959654144389049 ], [ -83.02556328342402, 39.9597028777861 ], [ -83.025386667441339, 39.959722821120167 ], [ -83.02542241430524, 39.959897045674971 ], [ -83.025130865012542, 39.959931566919387 ], [ -83.024697102373665, 39.959982925305148 ], [ -83.024409093188311, 39.960017029031775 ], [ -83.024126117782401, 39.960050534948365 ], [ -83.023948290907597, 39.960075211751594 ], [ -83.023516301534883, 39.960126815430954 ], [ -83.023526709807186, 39.96018086225645 ], [ -83.023645570820435, 39.960757646360662 ], [ -83.023678520994835, 39.960916463758714 ], [ -83.023766249116917, 39.961341726424472 ], [ -83.024197894829811, 39.96128966948563 ], [ -83.024205676373811, 39.961328068305875 ], [ -83.024250444983906, 39.961549596550647 ], [ -83.024367346136771, 39.96224524223171 ], [ -83.024594615855293, 39.962292731102195 ], [ -83.024752893661642, 39.962332209646597 ], [ -83.024908993729127, 39.962376526120579 ], [ -83.025062667417089, 39.962425609593126 ], [ -83.025361760509853, 39.962538196319919 ], [ -83.025695204927558, 39.96271129818944 ], [ -83.025856617665539, 39.962825482980222 ], [ -83.025992903809524, 39.962921892308607 ], [ -83.024294127098912, 39.962838699845712 ], [ -83.024321260633471, 39.962509907823247 ], [ -83.023798066970897, 39.962484297136022 ], [ -83.023653177465107, 39.96247720358636 ], [ -83.023626040639499, 39.962805976545063 ], [ -83.02361030882642, 39.963025303477188 ], [ -83.024064339609069, 39.96304947034465 ], [ -83.024004473513983, 39.96369340358153 ], [ -83.024125521581695, 39.963699180164205 ], [ -83.024109151810734, 39.963850818703399 ], [ -83.024286459743735, 39.963865607945607 ], [ -83.024288172737911, 39.963847384593322 ], [ -83.024756779109509, 39.963869851694888 ], [ -83.024780595307078, 39.963617197679078 ], [ -83.024763644962817, 39.963802426055473 ], [ -83.024766059543595, 39.963802570169989 ], [ -83.024779600359878, 39.963693281162335 ], [ -83.024810222128636, 39.96369470144495 ], [ -83.024797487229392, 39.963804223723749 ], [ -83.026538870104034, 39.963892571292675 ], [ -83.026657409452824, 39.963883547089559 ], [ -83.026908440039264, 39.963941907400148 ], [ -83.026879019681786, 39.964286174381748 ], [ -83.027474923288935, 39.964240956796957 ], [ -83.027485144499153, 39.964319983652267 ], [ -83.027556683182723, 39.964306199104144 ], [ -83.027486440248083, 39.964321684564553 ], [ -83.027334906903249, 39.964347503735105 ], [ -83.027181936691562, 39.964367691979596 ], [ -83.027027882764116, 39.964382200872805 ], [ -83.026873100743956, 39.964390999092437 ], [ -83.026651044593777, 39.964393615251701 ], [ -83.026562782340463, 39.964391390435672 ], [ -83.026451843594927, 39.964385951085092 ], [ -83.026341213885104, 39.964377577718899 ], [ -83.026137539488872, 39.96435570097195 ], [ -83.026218796363636, 39.964573668304389 ], [ -83.026033467447888, 39.96461827002863 ], [ -83.025850771825247, 39.964668897632301 ], [ -83.025671039992858, 39.964725457780169 ], [ -83.025494596531104, 39.964787848158856 ], [ -83.025321760103708, 39.96485595747648 ], [ -83.025152845772055, 39.964929661849752 ], [ -83.024988157986158, 39.965008826636513 ], [ -83.024867550784975, 39.964863083093647 ], [ -83.024489388981522, 39.964837693080995 ], [ -83.024463995001213, 39.964955329991383 ], [ -83.024207565118147, 39.964999432374476 ], [ -83.024003777769138, 39.964992370859505 ], [ -83.023782089122889, 39.964984689087011 ], [ -83.023363072264573, 39.964579944730559 ], [ -83.023225886541539, 39.964300604913099 ], [ -83.023183079510673, 39.964115857603275 ], [ -83.023156922325882, 39.964002276752133 ], [ -83.023115584896331, 39.963945050742943 ], [ -83.022872123794357, 39.963903382728972 ], [ -83.022914833040744, 39.963817405265615 ], [ -83.022976145471375, 39.962911598713376 ], [ -83.022992142921382, 39.962568378668813 ], [ -83.022947140111754, 39.962349344088935 ], [ -83.022890815302503, 39.962242046310173 ], [ -83.022868146484342, 39.962135370399281 ], [ -83.022820425491631, 39.96191074308814 ], [ -83.022748777933657, 39.961571477312546 ], [ -83.022640293217719, 39.96104515852042 ], [ -83.022614302123642, 39.960909661095975 ], [ -83.022502876174585, 39.960371550297523 ], [ -83.022473682374098, 39.960237164069731 ], [ -83.022418136374, 39.959971132222194 ], [ -83.022211741807169, 39.959994997797914 ], [ -83.022008162968078, 39.960018537056129 ], [ -83.02183552713926, 39.960037265763646 ], [ -83.021902545790468, 39.960375316242406 ], [ -83.021694723451404, 39.960400159955434 ], [ -83.021492271816484, 39.960424361582668 ], [ -83.021253460675609, 39.960452834063695 ], [ -83.02108805943395, 39.960472554468936 ], [ -83.021070389836382, 39.960384530109089 ], [ -83.02089652664128, 39.960425634209912 ], [ -83.020081373415294, 39.96052066540048 ], [ -83.019906378780377, 39.960542853917836 ], [ -83.019763465940656, 39.960560019431 ], [ -83.019642984802886, 39.96057449065129 ], [ -83.018334969438371, 39.960752565436522 ], [ -83.018288309782392, 39.960530521833746 ], [ -83.017897336200164, 39.960575359655834 ], [ -83.017710360568898, 39.960601175167533 ], [ -83.017723860084999, 39.96066668406332 ], [ -83.017315988130733, 39.960712142995348 ], [ -83.017342993522831, 39.960849607713783 ], [ -83.016937018128516, 39.960898298408686 ], [ -83.016770268730752, 39.960926210093653 ], [ -83.016367500057513, 39.960975929448374 ], [ -83.01615652865857, 39.961001972355106 ], [ -83.015960849773236, 39.961026128321322 ], [ -83.015785150840813, 39.961049960167905 ], [ -83.015382744926711, 39.961098122714588 ], [ -83.015204450846483, 39.961121328325987 ], [ -83.015272886659204, 39.961437362346452 ], [ -83.015106798662373, 39.961458131075723 ], [ -83.015132071959812, 39.961594743729265 ], [ -83.01530136937248, 39.961573947363028 ], [ -83.01537888060912, 39.961923619528278 ], [ -83.015394410517487, 39.961997396733842 ], [ -83.015214790007136, 39.962008240407044 ], [ -83.014898276186528, 39.962027346417045 ], [ -83.014579868118417, 39.962046567056795 ], [ -83.014417864890504, 39.962048304518795 ], [ -83.014575694016358, 39.962038777881233 ], [ -83.014784524508102, 39.962026173024434 ], [ -83.014785408823101, 39.962026086244293 ], [ -83.014784517353306, 39.962026083576063 ], [ -83.014342859247535, 39.962041275221651 ], [ -83.014105238534285, 39.962049479043955 ], [ -83.013972390812668, 39.962054065167166 ], [ -83.013957695659172, 39.962053989590203 ], [ -83.013943088533225, 39.962052751416913 ], [ -83.013928724353917, 39.962050363779014 ], [ -83.013914755463631, 39.962046851999141 ], [ -83.013901330012473, 39.96204225332221 ], [ -83.013888590386841, 39.9620366165205 ], [ -83.013876671699379, 39.962030001376334 ], [ -83.013865700355993, 39.962022478047977 ], [ -83.013855792715262, 39.96201412632567 ], [ -83.013847053854249, 39.962005034785307 ], [ -83.013844440655106, 39.962002000957987 ], [ -83.013841062409341, 39.962001721021302 ], [ -83.013742553009209, 39.961997282653414 ], [ -83.013731163252714, 39.961996415670924 ], [ -83.013635657038094, 39.961986155308807 ], [ -83.013624394217331, 39.961984588694165 ], [ -83.013530263856239, 39.961968471345145 ], [ -83.013519200430608, 39.961966215177178 ], [ -83.01342705151032, 39.961944344532327 ], [ -83.013416258656221, 39.961941413326095 ], [ -83.013326684014828, 39.961913930090127 ], [ -83.013316231167764, 39.961910342703511 ], [ -83.013229807079583, 39.96187742368955 ], [ -83.013219761487292, 39.961873203201961 ], [ -83.013136098501079, 39.961834624222071 ], [ -83.013128326236313, 39.961830771563946 ], [ -83.013080410482218, 39.961805293000083 ], [ -83.013074716869056, 39.961802102923549 ], [ -83.013027683280413, 39.96177435831342 ], [ -83.013024774610969, 39.961772815457003 ], [ -83.013021260803157, 39.961773096619183 ], [ -83.013017750307455, 39.961773516281973 ], [ -83.012943182886517, 39.961727475989534 ], [ -83.012823617419457, 39.961653653313384 ], [ -83.012746006406545, 39.961605733700182 ], [ -83.012613993398276, 39.961524225891345 ], [ -83.012552280072356, 39.96146164882726 ], [ -83.01248028391376, 39.961388648353008 ], [ -83.012473277442865, 39.961357657771487 ], [ -83.012357803645202, 39.961372712070109 ], [ -83.012142549532996, 39.961063719124127 ], [ -83.012204448768287, 39.961330555532804 ], [ -83.011972405930109, 39.961358168954582 ], [ -83.011884034969654, 39.96098041813805 ], [ -83.011880269896281, 39.960974566540678 ], [ -83.011879731619757, 39.960972769995735 ], [ -83.011879146110118, 39.960972819975787 ], [ -83.011728130462558, 39.960738113715976 ], [ -83.011382666197491, 39.958977100163366 ], [ -83.011346116748186, 39.958757507214891 ], [ -83.011242783130825, 39.958201226601219 ], [ -83.010904239242436, 39.958242113762623 ], [ -83.010900887613175, 39.958236864909786 ], [ -83.010899941820256, 39.958234469831517 ], [ -83.010899387290962, 39.958234515314736 ], [ -83.010567158131664, 39.957714219986656 ], [ -83.010414752514421, 39.95750878554847 ], [ -83.009830233430321, 39.957575858606099 ], [ -83.009463476917162, 39.956888681085623 ], [ -83.009441538578258, 39.956767164636986 ], [ -83.009436709800511, 39.956740831566101 ], [ -83.009381000058212, 39.956746908607521 ], [ -83.009380333980332, 39.956746664391602 ], [ -83.009368385772603, 39.956741122268525 ], [ -83.009357197953904, 39.956734708700587 ], [ -83.009346877473462, 39.956727484998005 ], [ -83.009337522989085, 39.956719520215415 ], [ -83.009329223924155, 39.956710890491728 ], [ -83.009322059612728, 39.956701678322297 ], [ -83.009316098541106, 39.956691971770312 ], [ -83.009218855800398, 39.956511249994435 ], [ -83.009218011811171, 39.956509870568055 ], [ -83.009112930038071, 39.956318952005155 ] ], [ [ -83.009430838354589, 39.956027421685377 ], [ -83.009615387480807, 39.956249463279171 ], [ -83.009617321702478, 39.956251560251971 ], [ -83.009620643788992, 39.956251282967585 ], [ -83.00980005954824, 39.956229526188189 ], [ -83.0098031959065, 39.956229026405772 ], [ -83.009801793611331, 39.956226810353314 ], [ -83.009599952610358, 39.955943195170413 ], [ -83.009598238213385, 39.955941040398315 ], [ -83.009595398539332, 39.955942308480907 ], [ -83.009431888678222, 39.956023698981696 ], [ -83.009429181828082, 39.956025195783553 ], [ -83.009430838354589, 39.956027421685377 ] ], [ [ -83.023414370743708, 39.962957831573711 ], [ -83.023278155153676, 39.962961395921653 ], [ -83.023169560632141, 39.962986370677882 ], [ -83.02312973756176, 39.963021382765582 ], [ -83.023093460599796, 39.96311636520857 ], [ -83.023084138648755, 39.963294007376994 ], [ -83.023204103601955, 39.963680185788725 ], [ -83.023661985609422, 39.963703859708765 ], [ -83.023414370743708, 39.962957831573711 ] ] ] } }
]
}
